warning: The top-level linter settings are deprecated in favour of their counterparts in the `lint` section. Please update the following options in `pyproject.toml`:
  - 'select' -> 'lint.select'
I001 [*] Import block is un-sorted or un-formatted
 --> scripts/archive/_q5_debug.py:3:1
  |
1 |   #!/usr/bin/env python3
2 |   """Quick Q5 debug: trace Key_F and FORMULA canonical channels."""
3 | / import sys
4 | | from pathlib import Path
  | |________________________^
5 |   sys.path.insert(0, str(Path(__file__).resolve().parent.parent / "src"))
6 |   sys.path.insert(0, str(Path(__file__).resolve().parent.parent))
  |
help: Organize imports
  |
4 | from pathlib import Path
5 +
6 | sys.path.insert(0, str(Path(__file__).resolve().parent.parent / "src"))
  |

I001 [*] Import block is un-sorted or un-formatted
  --> scripts/archive/_q5_debug.py:8:1
   |
 6 |   sys.path.insert(0, str(Path(__file__).resolve().parent.parent))
 7 |
 8 | / from sysml_codegen.core.identifier_types import CanonicalChannel, ScopedKey
 9 | | from sysml_codegen.core.qualified_names import get_channel_name, sysml_to_python_qualified_name
10 | | from sysml_codegen.extraction.data_models import ComputedAttributeClassification
11 | | from sysml_codegen.extraction.expression_compiler import Compilability
12 | | from sysml_codegen.orchestration.output_registry_builder import build_output_registry
13 | | from sysml_codegen.snapshot import load_extraction_snapshot
14 | | from tests.conftest import snapshot_fixture
   | |___________________________________________^
15 |
16 |   snap = load_extraction_snapshot(snapshot_fixture("solar_battery_model"))
   |
help: Organize imports
   |
7  |
8  + from sysml_codegen.orchestration.output_registry_builder import build_output_registry
9  +
10 | from sysml_codegen.core.identifier_types import CanonicalChannel, ScopedKey
11 | from sysml_codegen.core.qualified_names import get_channel_name, sysml_to_python_qualified_name
12 | from sysml_codegen.extraction.data_models import ComputedAttributeClassification
13 | from sysml_codegen.extraction.expression_compiler import Compilability
   - from sysml_codegen.orchestration.output_registry_builder import build_output_registry
14 | from sysml_codegen.snapshot import load_extraction_snapshot
   |

I001 [*] Import block is un-sorted or un-formatted
  --> scripts/archive/probe_alias_resolution.py:19:1
   |
17 |   """
18 |
19 | / from __future__ import annotations
20 | |
21 | | import sys
22 | | from pathlib import Path
23 | | from typing import Any
24 | |
25 | | from agentic_mbse.sysml.syside_adapter import SysideAdapter
26 | | from sysml_codegen.extraction.extractor import SysMLDataExtractor
27 | |
28 | | from sysml_codegen.extraction.expression_utils import (
29 | |     extract_feature_chain_name,
30 | |     extract_feature_reference_name,
31 | |     reconstruct_expression,
32 | | )
   | |_^
help: Organize imports
   |
25 | from agentic_mbse.sysml.syside_adapter import SysideAdapter
   - from sysml_codegen.extraction.extractor import SysMLDataExtractor
26 |
--------------------------------------------------------------------------------
31 | )
   -
32 + from sysml_codegen.extraction.extractor import SysMLDataExtractor
33 |
   |

F541 [*] f-string without any placeholders
  --> scripts/archive/probe_alias_resolution.py:87:11
   |
86 |     # Scan ALL ReferenceUsage members with redefinitions
87 |     print(f"\n  All :>> redefinitions on Solar Battery Plant:")
   |           ^^^^^^^^^^^^^^^^^^^^^^^^^^^^^^^^^^^^^^^^^^^^^^^^^^^^
88 |     redef_data = {}  # attr_name -> info dict
   |
help: Remove extraneous `f` prefix
   |
86 |     # Scan ALL ReferenceUsage members with redefinitions
   -     print(f"\n  All :>> redefinitions on Solar Battery Plant:")
87 +     print("\n  All :>> redefinitions on Solar Battery Plant:")
88 |     redef_data = {}  # attr_name -> info dict
   |

F541 [*] f-string without any placeholders
   --> scripts/archive/probe_alias_resolution.py:151:11
    |
150 |     # Specifically look for alias relationships
151 |     print(f"\n  Alias analysis:")
    |           ^^^^^^^^^^^^^^^^^^^^^^
152 |     print(f"  Looking for patterns where :>> X = Y and Y is another attribute name...")
    |
help: Remove extraneous `f` prefix
    |
150 |     # Specifically look for alias relationships
    -     print(f"\n  Alias analysis:")
151 +     print("\n  Alias analysis:")
152 |     print(f"  Looking for patterns where :>> X = Y and Y is another attribute name...")
    |

F541 [*] f-string without any placeholders
   --> scripts/archive/probe_alias_resolution.py:152:11
    |
150 |     # Specifically look for alias relationships
151 |     print(f"\n  Alias analysis:")
152 |     print(f"  Looking for patterns where :>> X = Y and Y is another attribute name...")
    |           ^^^^^^^^^^^^^^^^^^^^^^^^^^^^^^^^^^^^^^^^^^^^^^^^^^^^^^^^^^^^^^^^^^^^^^^^^^^^
153 |
154 |     for attr_name, info in redef_data.items():
    |
help: Remove extraneous `f` prefix
    |
151 |     print(f"\n  Alias analysis:")
    -     print(f"  Looking for patterns where :>> X = Y and Y is another attribute name...")
152 +     print("  Looking for patterns where :>> X = Y and Y is another attribute name...")
153 |
    |

E501 Line too long (108 > 100)
   --> scripts/archive/probe_alias_resolution.py:171:101
    |
169 |             leaf = source_parts[-1] if source_parts else ""
170 |             if leaf in redef_data and attr_name != leaf:
171 |                 print(f"    POTENTIAL CHAIN ALIAS: {attr_name} -> {source} (leaf={leaf} is also redefined)")
    |                                                                                                     ^^^^^^^^
172 |
173 |     # Now check the design-level binding that uses the alias
    |

F541 [*] f-string without any placeholders
   --> scripts/archive/probe_alias_resolution.py:174:11
    |
173 |     # Now check the design-level binding that uses the alias
174 |     print(f"\n  Design-level binding check:")
    |           ^^^^^^^^^^^^^^^^^^^^^^^^^^^^^^^^^^
175 |     print(f"  Looking for `in total_capex = capital_cost` on annualized_financial...")
    |
help: Remove extraneous `f` prefix
    |
173 |     # Now check the design-level binding that uses the alias
    -     print(f"\n  Design-level binding check:")
174 +     print("\n  Design-level binding check:")
175 |     print(f"  Looking for `in total_capex = capital_cost` on annualized_financial...")
    |

F541 [*] f-string without any placeholders
   --> scripts/archive/probe_alias_resolution.py:175:11
    |
173 |     # Now check the design-level binding that uses the alias
174 |     print(f"\n  Design-level binding check:")
175 |     print(f"  Looking for `in total_capex = capital_cost` on annualized_financial...")
    |           ^^^^^^^^^^^^^^^^^^^^^^^^^^^^^^^^^^^^^^^^^^^^^^^^^^^^^^^^^^^^^^^^^^^^^^^^^^^
176 |
177 |     for usage in SysideAdapter.elements_of_type(model, "PartUsage"):
    |
help: Remove extraneous `f` prefix
    |
174 |     print(f"\n  Design-level binding check:")
    -     print(f"  Looking for `in total_capex = capital_cost` on annualized_financial...")
175 +     print("  Looking for `in total_capex = capital_cost` on annualized_financial...")
176 |
    |

F541 [*] f-string without any placeholders
   --> scripts/archive/probe_alias_resolution.py:181:15
    |
179 |             continue
180 |
181 |         print(f"  Found design solar_battery_plant PartUsage")
    |               ^^^^^^^^^^^^^^^^^^^^^^^^^^^^^^^^^^^^^^^^^^^^^^^
182 |
183 |         # Find annualized_financial CalcUsage
    |
help: Remove extraneous `f` prefix
    |
180 |
    -         print(f"  Found design solar_battery_plant PartUsage")
181 +         print("  Found design solar_battery_plant PartUsage")
182 |
    |

F541 [*] f-string without any placeholders
   --> scripts/archive/probe_alias_resolution.py:190:19
    |
188 |                 continue
189 |
190 |             print(f"    Found annualized_financial CalcUsage")
    |                   ^^^^^^^^^^^^^^^^^^^^^^^^^^^^^^^^^^^^^^^^^^^
191 |
192 |             # Find the total_capex input
    |
help: Remove extraneous `f` prefix
    |
189 |
    -             print(f"    Found annualized_financial CalcUsage")
190 +             print("    Found annualized_financial CalcUsage")
191 |
    |

E501 Line too long (129 > 100)
   --> scripts/archive/probe_alias_resolution.py:203:101
    |
201 | …     ref_name = extract_feature_reference_name(expr)
202 | …     referent = safe_attr(expr, "referent", None)
203 | …     ref_owner = safe_attr(referent, "owning_type", None) if referent not in (None, "<missing>") else None
    |                                                                               ^^^^^^^^^^^^^^^^^^^^^^^^^^^^^
204 | …     ref_owner_name = sanitize_name(safe_attr(ref_owner, "name", "?")) if ref_owner not in (None, "<missing>") else "?"
205 | …     print(f"    param: {param_name} direction={direction}")
    |

E501 Line too long (142 > 100)
   --> scripts/archive/probe_alias_resolution.py:204:101
    |
202 | …     referent = safe_attr(expr, "referent", None)
203 | …     ref_owner = safe_attr(referent, "owning_type", None) if referent not in (None, "<missing>") else None
204 | …     ref_owner_name = sanitize_name(safe_attr(ref_owner, "name", "?")) if ref_owner not in (None, "<missing>") else "?"
    |                                                                               ^^^^^^^^^^^^^^^^^^^^^^^^^^^^^^^^^^^^^^^^^^
205 | …     print(f"    param: {param_name} direction={direction}")
206 | …     print(f"      expr type: FeatureReferenceExpression")
    |

F541 [*] f-string without any placeholders
   --> scripts/archive/probe_alias_resolution.py:206:35
    |
204 | …     ref_owner_name = sanitize_name(safe_attr(ref_owner, "name", "?")) if ref_owner not in (None, "<missing>") else "?"
205 | …     print(f"    param: {param_name} direction={direction}")
206 | …     print(f"      expr type: FeatureReferenceExpression")
    |             ^^^^^^^^^^^^^^^^^^^^^^^^^^^^^^^^^^^^^^^^^^^^^^
207 | …     print(f"      referent name: {ref_name}")
208 | …     print(f"      referent owner: {ref_owner_name}")
    |
help: Remove extraneous `f` prefix
    |
205 |                             print(f"    param: {param_name} direction={direction}")
    -                             print(f"      expr type: FeatureReferenceExpression")
206 +                             print("      expr type: FeatureReferenceExpression")
207 |                             print(f"      referent name: {ref_name}")
    |

F541 [*] f-string without any placeholders
   --> scripts/archive/probe_alias_resolution.py:212:35
    |
210 |                             chain_name = extract_feature_chain_name(expr)
211 |                             print(f"    param: {param_name} direction={direction}")
212 |                             print(f"      expr type: FeatureChainExpression")
    |                                   ^^^^^^^^^^^^^^^^^^^^^^^^^^^^^^^^^^^^^^^^^^
213 |                             print(f"      chain name: {chain_name}")
214 |                         else:
    |
help: Remove extraneous `f` prefix
    |
211 |                             print(f"    param: {param_name} direction={direction}")
    -                             print(f"      expr type: FeatureChainExpression")
212 +                             print("      expr type: FeatureChainExpression")
213 |                             print(f"      chain name: {chain_name}")
    |

F541 [*] f-string without any placeholders
   --> scripts/archive/probe_alias_resolution.py:252:11
    |
251 |     # Print all aggregation expressions with alias info
252 |     print(f"\n  --- Aggregation Expressions ---")
    |           ^^^^^^^^^^^^^^^^^^^^^^^^^^^^^^^^^^^^^^
253 |     for agg in hierarchy.aggregation_expressions:
254 |         print(f"\n  Aggregation: {agg.owning_part_qn}.{agg.attribute_name}")
    |
help: Remove extraneous `f` prefix
    |
251 |     # Print all aggregation expressions with alias info
    -     print(f"\n  --- Aggregation Expressions ---")
252 +     print("\n  --- Aggregation Expressions ---")
253 |     for agg in hierarchy.aggregation_expressions:
    |

E501 Line too long (118 > 100)
   --> scripts/archive/probe_alias_resolution.py:257:101
    |
255 |         print(f"    owning_part_name: {agg.owning_part_name}")
256 |         print(f"    aliases: {agg.aliases}")
257 |         print(f"    sum_terms: {[(t.part_usage_name, t.attribute_name, t.multiplicity_attr) for t in agg.sum_terms]}")
    |                                                                                                     ^^^^^^^^^^^^^^^^^^
258 |         print(f"    singleton_terms: {[(t.source_path,) for t in agg.singleton_terms]}")
259 |         print(f"    local_terms: {[(t.attribute_name,) for t in agg.local_terms]}")
    |

F541 [*] f-string without any placeholders
   --> scripts/archive/probe_alias_resolution.py:269:11
    |
268 |     # Focus on capital_cost aggregations that should have aliases
269 |     print(f"\n  --- Alias Population Check ---")
    |           ^^^^^^^^^^^^^^^^^^^^^^^^^^^^^^^^^^^^^
270 |     capital_cost_aggs = [a for a in hierarchy.aggregation_expressions if a.attribute_name == "capital_cost"]
271 |     print(f"  capital_cost aggregation expressions: {len(capital_cost_aggs)}")
    |
help: Remove extraneous `f` prefix
    |
268 |     # Focus on capital_cost aggregations that should have aliases
    -     print(f"\n  --- Alias Population Check ---")
269 +     print("\n  --- Alias Population Check ---")
270 |     capital_cost_aggs = [a for a in hierarchy.aggregation_expressions if a.attribute_name == "capital_cost"]
    |

E501 Line too long (108 > 100)
   --> scripts/archive/probe_alias_resolution.py:270:101
    |
268 |     # Focus on capital_cost aggregations that should have aliases
269 |     print(f"\n  --- Alias Population Check ---")
270 |     capital_cost_aggs = [a for a in hierarchy.aggregation_expressions if a.attribute_name == "capital_cost"]
    |                                                                                                     ^^^^^^^^
271 |     print(f"  capital_cost aggregation expressions: {len(capital_cost_aggs)}")
272 |     for agg in capital_cost_aggs:
    |

F541 [*] f-string without any placeholders
   --> scripts/archive/probe_alias_resolution.py:275:19
    |
273 |         print(f"    {agg.owning_part_qn}: aliases={agg.aliases}")
274 |         if not agg.aliases:
275 |             print(f"      WARNING: No aliases found! Check if CHAIN redefs point to this attribute.")
    |                   ^^^^^^^^^^^^^^^^^^^^^^^^^^^^^^^^^^^^^^^^^^^^^^^^^^^^^^^^^^^^^^^^^^^^^^^^^^^^^^^^^^
276 |
277 |     # Show all CHAIN-type redefinitions that could be aliases
    |
help: Remove extraneous `f` prefix
    |
274 |         if not agg.aliases:
    -             print(f"      WARNING: No aliases found! Check if CHAIN redefs point to this attribute.")
275 +             print("      WARNING: No aliases found! Check if CHAIN redefs point to this attribute.")
276 |
    |

E501 Line too long (101 > 100)
   --> scripts/archive/probe_alias_resolution.py:275:101
    |
273 |         print(f"    {agg.owning_part_qn}: aliases={agg.aliases}")
274 |         if not agg.aliases:
275 |             print(f"      WARNING: No aliases found! Check if CHAIN redefs point to this attribute.")
    |                                                                                                     ^
276 |
277 |     # Show all CHAIN-type redefinitions that could be aliases
    |

F541 [*] f-string without any placeholders
   --> scripts/archive/probe_alias_resolution.py:278:11
    |
277 |     # Show all CHAIN-type redefinitions that could be aliases
278 |     print(f"\n  --- All CHAIN-type redefinitions (potential aliases) ---")
    |           ^^^^^^^^^^^^^^^^^^^^^^^^^^^^^^^^^^^^^^^^^^^^^^^^^^^^^^^^^^^^^^^
279 |     from sysml_codegen.extraction.data_models import RedefinitionType
280 |     chain_redefs = [r for r in hierarchy.redefinitions if r.redefinition_type == RedefinitionType.CHAIN]
    |
help: Remove extraneous `f` prefix
    |
277 |     # Show all CHAIN-type redefinitions that could be aliases
    -     print(f"\n  --- All CHAIN-type redefinitions (potential aliases) ---")
278 +     print("\n  --- All CHAIN-type redefinitions (potential aliases) ---")
279 |     from sysml_codegen.extraction.data_models import RedefinitionType
    |

E501 Line too long (104 > 100)
   --> scripts/archive/probe_alias_resolution.py:280:101
    |
278 |     print(f"\n  --- All CHAIN-type redefinitions (potential aliases) ---")
279 |     from sysml_codegen.extraction.data_models import RedefinitionType
280 |     chain_redefs = [r for r in hierarchy.redefinitions if r.redefinition_type == RedefinitionType.CHAIN]
    |                                                                                                     ^^^^
281 |     for cr in chain_redefs:
282 |         print(f"    {cr.owning_part_qn}: :>> {cr.attribute_name} = {cr.source_path}")
    |

F541 [*] f-string without any placeholders
   --> scripts/archive/probe_alias_resolution.py:293:27
    |
291 |                     print(f"      => BUG: alias '{cr.attribute_name}' is NOT in agg.aliases!")
292 |                 else:
293 |                     print(f"      => OK: alias is correctly populated")
    |                           ^^^^^^^^^^^^^^^^^^^^^^^^^^^^^^^^^^^^^^^^^^^^
help: Remove extraneous `f` prefix
    |
292 |                 else:
    -                     print(f"      => OK: alias is correctly populated")
293 +                     print("      => OK: alias is correctly populated")
294 |
    |

F541 [*] f-string without any placeholders
   --> scripts/archive/probe_alias_resolution.py:316:11
    |
315 |     # Check if annualized_financial module exists and has correct inputs
316 |     print(f"\n  Looking for annualized_financial module...")
    |           ^^^^^^^^^^^^^^^^^^^^^^^^^^^^^^^^^^^^^^^^^^^^^^^^^
317 |     ann_fin_modules = [
318 |         m for m in ctx.computation_graph.modules
    |
help: Remove extraneous `f` prefix
    |
315 |     # Check if annualized_financial module exists and has correct inputs
    -     print(f"\n  Looking for annualized_financial module...")
316 +     print("\n  Looking for annualized_financial module...")
317 |     ann_fin_modules = [
    |

F541 [*] f-string without any placeholders
   --> scripts/archive/probe_alias_resolution.py:323:15
    |
322 |     if not ann_fin_modules:
323 |         print(f"  WARNING: No module containing 'annualized_financial' found!")
    |               ^^^^^^^^^^^^^^^^^^^^^^^^^^^^^^^^^^^^^^^^^^^^^^^^^^^^^^^^^^^^^^^^
324 |         print(f"  Available modules:")
325 |         for m in ctx.computation_graph.modules:
    |
help: Remove extraneous `f` prefix
    |
322 |     if not ann_fin_modules:
    -         print(f"  WARNING: No module containing 'annualized_financial' found!")
323 +         print("  WARNING: No module containing 'annualized_financial' found!")
324 |         print(f"  Available modules:")
    |

F541 [*] f-string without any placeholders
   --> scripts/archive/probe_alias_resolution.py:324:15
    |
322 |     if not ann_fin_modules:
323 |         print(f"  WARNING: No module containing 'annualized_financial' found!")
324 |         print(f"  Available modules:")
    |               ^^^^^^^^^^^^^^^^^^^^^^^
325 |         for m in ctx.computation_graph.modules:
326 |             print(f"    {m.name} (is_aggregation={m.is_aggregation})")
    |
help: Remove extraneous `f` prefix
    |
323 |         print(f"  WARNING: No module containing 'annualized_financial' found!")
    -         print(f"  Available modules:")
324 +         print("  Available modules:")
325 |         for m in ctx.computation_graph.modules:
    |

F541 [*] f-string without any placeholders
   --> scripts/archive/probe_alias_resolution.py:333:19
    |
331 |             print(f"    is_aggregation: {m.is_aggregation}")
332 |             print(f"    execution_order: {m.execution_order}")
333 |             print(f"    inputs:")
    |                   ^^^^^^^^^^^^^^
334 |             for inp in m.inputs:
335 |                 print(f"      {inp.param_name}: source_type={inp.source.source_type}")
    |
help: Remove extraneous `f` prefix
    |
332 |             print(f"    execution_order: {m.execution_order}")
    -             print(f"    inputs:")
333 +             print("    inputs:")
334 |             for inp in m.inputs:
    |

F541 [*] f-string without any placeholders
   --> scripts/archive/probe_alias_resolution.py:342:19
    |
340 |                 if inp.source.param_group:
341 |                     print(f"        param_group: {inp.source.param_group}")
342 |             print(f"    outputs:")
    |                   ^^^^^^^^^^^^^^^
343 |             for out in m.outputs:
344 |                 print(f"      {out.field_name}: channel={out.channel_name}")
    |
help: Remove extraneous `f` prefix
    |
341 |                     print(f"        param_group: {inp.source.param_group}")
    -             print(f"    outputs:")
342 +             print("    outputs:")
343 |             for out in m.outputs:
    |

F541 [*] f-string without any placeholders
   --> scripts/archive/probe_alias_resolution.py:347:11
    |
346 |     # Check for total_capex and capital_cost specifically
347 |     print(f"\n  Searching for 'total_capex' and 'capital_cost' across all modules...")
    |           ^^^^^^^^^^^^^^^^^^^^^^^^^^^^^^^^^^^^^^^^^^^^^^^^^^^^^^^^^^^^^^^^^^^^^^^^^^^
348 |     for m in ctx.computation_graph.modules:
349 |         for inp in m.inputs:
    |
help: Remove extraneous `f` prefix
    |
346 |     # Check for total_capex and capital_cost specifically
    -     print(f"\n  Searching for 'total_capex' and 'capital_cost' across all modules...")
347 +     print("\n  Searching for 'total_capex' and 'capital_cost' across all modules...")
348 |     for m in ctx.computation_graph.modules:
    |

F541 [*] f-string without any placeholders
   --> scripts/archive/probe_alias_resolution.py:360:11
    |
359 |     # Check aggregation modules
360 |     print(f"\n  Aggregation modules in graph:")
    |           ^^^^^^^^^^^^^^^^^^^^^^^^^^^^^^^^^^^^
361 |     for m in ctx.computation_graph.modules:
362 |         if m.is_aggregation:
    |
help: Remove extraneous `f` prefix
    |
359 |     # Check aggregation modules
    -     print(f"\n  Aggregation modules in graph:")
360 +     print("\n  Aggregation modules in graph:")
361 |     for m in ctx.computation_graph.modules:
    |

F541 [*] f-string without any placeholders
   --> scripts/archive/probe_alias_resolution.py:368:11
    |
367 |     # Check scoped aggregation data
368 |     print(f"\n  Scoped aggregation expressions:")
    |           ^^^^^^^^^^^^^^^^^^^^^^^^^^^^^^^^^^^^^^
369 |     for sa in ctx.aggregation_expressions:
370 |         print(f"    {sa.instance_path}.{sa.expression.attribute_name}")
    |
help: Remove extraneous `f` prefix
    |
367 |     # Check scoped aggregation data
    -     print(f"\n  Scoped aggregation expressions:")
368 +     print("\n  Scoped aggregation expressions:")
369 |     for sa in ctx.aggregation_expressions:
    |

F841 Local variable `adapter` is assigned to but never used
   --> scripts/archive/probe_alias_resolution.py:393:9
    |
391 |             sys.exit(1)
392 |         model = extractor.model
393 |         adapter = extractor.adapter
    |         ^^^^^^^
394 |         print("  Model loaded successfully")
395 |     except Exception as e:
    |
help: Remove assignment to unused variable `adapter`

E501 Line too long (111 > 100)
  --> scripts/archive/probe_backtracker_resolution.py:90:101
   |
88 |                 print(f"      {inp.param_name} <- module_output: {src.producer_channel}")
89 |             elif src.source_type == "entry_point":
90 |                 print(f"      {inp.param_name} <- entry_point: {src.qualified_name} (group={src.param_group})")
   |                                                                                                     ^^^^^^^^^^^
91 |             else:
92 |                 print(f"      {inp.param_name} <- {src.source_type}: {src.qualified_name or src.producer_channel}")
   |

E501 Line too long (115 > 100)
  --> scripts/archive/probe_backtracker_resolution.py:92:101
   |
90 |                 print(f"      {inp.param_name} <- entry_point: {src.qualified_name} (group={src.param_group})")
91 |             else:
92 |                 print(f"      {inp.param_name} <- {src.source_type}: {src.qualified_name or src.producer_channel}")
   |                                                                                                     ^^^^^^^^^^^^^^^
93 |         print(f"    outputs ({len(m.outputs)}):")
94 |         for out in m.outputs:
   |

E501 Line too long (140 > 100)
   --> scripts/archive/probe_backtracker_resolution.py:112:101
    |
110 | …n}")
111 | …
112 | ….attribute_name, t.multiplicity_attr, t.multiplicity_count) for t in agg.sum_terms]}")
    |                                                ^^^^^^^^^^^^^^^^^^^^^^^^^^^^^^^^^^^^^^^^
113 | …or t in agg.singleton_terms]}")
114 | …r t in agg.local_terms]}")
    |

F541 [*] f-string without any placeholders
   --> scripts/archive/probe_backtracker_resolution.py:138:15
    |
137 |         # Check if it's in the calc_usages list
138 |         print(f"\n  Checking calc_usages for annualized_financial...")
    |               ^^^^^^^^^^^^^^^^^^^^^^^^^^^^^^^^^^^^^^^^^^^^^^^^^^^^^^^
139 |         for cu in ctx.calc_usages:
140 |             if "annualized_financial" in cu.qualified_name:
    |
help: Remove extraneous `f` prefix
    |
137 |         # Check if it's in the calc_usages list
    -         print(f"\n  Checking calc_usages for annualized_financial...")
138 +         print("\n  Checking calc_usages for annualized_financial...")
139 |         for cu in ctx.calc_usages:
    |

F541 [*] f-string without any placeholders
   --> scripts/archive/probe_backtracker_resolution.py:144:23
    |
142 |                 print(f"      is_template: {cu.is_template}")
143 |                 print(f"      owning_part_def_qn: {cu.owning_part_def_qn}")
144 |                 print(f"      bindings:")
    |                       ^^^^^^^^^^^^^^^^^^
145 |                 for b in cu.bindings:
146 |                     print(f"        {b.param_name}: type={b.binding_type}, source={b.source_path}, literal={b.literal_value}")
    |
help: Remove extraneous `f` prefix
    |
143 |                 print(f"      owning_part_def_qn: {cu.owning_part_def_qn}")
    -                 print(f"      bindings:")
144 +                 print("      bindings:")
145 |                 for b in cu.bindings:
    |

E501 Line too long (126 > 100)
   --> scripts/archive/probe_backtracker_resolution.py:146:101
    |
144 |                 print(f"      bindings:")
145 |                 for b in cu.bindings:
146 |                     print(f"        {b.param_name}: type={b.binding_type}, source={b.source_path}, literal={b.literal_value}")
    |                                                                                                     ^^^^^^^^^^^^^^^^^^^^^^^^^^
147 |     else:
148 |         for m in ann_fin_modules:
    |

F541 [*] f-string without any placeholders
   --> scripts/archive/probe_backtracker_resolution.py:151:19
    |
149 |             print(f"\n  Module: {m.name}")
150 |             print(f"    module_type: {m.module_type}")
151 |             print(f"    inputs:")
    |                   ^^^^^^^^^^^^^^
152 |             for inp in m.inputs:
153 |                 src = inp.source
    |
help: Remove extraneous `f` prefix
    |
150 |             print(f"    module_type: {m.module_type}")
    -             print(f"    inputs:")
151 +             print("    inputs:")
152 |             for inp in m.inputs:
    |

F541 [*] f-string without any placeholders
   --> scripts/archive/probe_backtracker_resolution.py:159:19
    |
157 |                 print(f"        qualified_name: {src.qualified_name}")
158 |                 print(f"        param_group: {src.param_group}")
159 |             print(f"    outputs:")
    |                   ^^^^^^^^^^^^^^^
160 |             for out in m.outputs:
161 |                 print(f"      {out.field_name} -> {out.channel_name}")
    |
help: Remove extraneous `f` prefix
    |
158 |                 print(f"        param_group: {src.param_group}")
    -             print(f"    outputs:")
159 +             print("    outputs:")
160 |             for out in m.outputs:
    |

F541 [*] f-string without any placeholders
   --> scripts/archive/probe_backtracker_resolution.py:170:11
    |
168 |     print(f"{'=' * 70}")
169 |
170 |     print(f"\n  --- Where is 'total_capex' referenced? ---")
    |           ^^^^^^^^^^^^^^^^^^^^^^^^^^^^^^^^^^^^^^^^^^^^^^^^^
171 |     for m in ctx.computation_graph.modules:
172 |         for inp in m.inputs:
    |
help: Remove extraneous `f` prefix
    |
169 |
    -     print(f"\n  --- Where is 'total_capex' referenced? ---")
170 +     print("\n  --- Where is 'total_capex' referenced? ---")
171 |     for m in ctx.computation_graph.modules:
    |

F541 [*] f-string without any placeholders
   --> scripts/archive/probe_backtracker_resolution.py:179:11
    |
177 |                 print(f"    entry: {inp.source.qualified_name}")
178 |
179 |     print(f"\n  --- Where is 'capital_cost' referenced? ---")
    |           ^^^^^^^^^^^^^^^^^^^^^^^^^^^^^^^^^^^^^^^^^^^^^^^^^^
180 |     for m in ctx.computation_graph.modules:
181 |         for inp in m.inputs:
    |
help: Remove extraneous `f` prefix
    |
178 |
    -     print(f"\n  --- Where is 'capital_cost' referenced? ---")
179 +     print("\n  --- Where is 'capital_cost' referenced? ---")
180 |     for m in ctx.computation_graph.modules:
    |

F541 [*] f-string without any placeholders
   --> scripts/archive/probe_backtracker_resolution.py:232:15
    |
230 |             print(f"    {mod_name}.{param} <- {channel} (NOT FOUND in outputs)")
231 |     else:
232 |         print(f"\n  All module_output wires resolve correctly.")
    |               ^^^^^^^^^^^^^^^^^^^^^^^^^^^^^^^^^^^^^^^^^^^^^^^^^
233 |
234 |     # Check 2: Are all entry_point sources resolvable?
    |
help: Remove extraneous `f` prefix
    |
231 |     else:
    -         print(f"\n  All module_output wires resolve correctly.")
232 +         print("\n  All module_output wires resolve correctly.")
233 |
    |

F541 [*] f-string without any placeholders
   --> scripts/archive/probe_backtracker_resolution.py:252:15
    |
250 |             print(f"    {mod_name}.{param} <- entry:{qn} (NOT in any group)")
251 |     else:
252 |         print(f"\n  All entry_point sources resolve correctly.")
    |               ^^^^^^^^^^^^^^^^^^^^^^^^^^^^^^^^^^^^^^^^^^^^^^^^^
253 |
254 |     # Check 3: LCOE chain completeness
    |
help: Remove extraneous `f` prefix
    |
251 |     else:
    -         print(f"\n  All entry_point sources resolve correctly.")
252 +         print("\n  All entry_point sources resolve correctly.")
253 |
    |

F541 [*] f-string without any placeholders
   --> scripts/archive/probe_backtracker_resolution.py:255:11
    |
254 |     # Check 3: LCOE chain completeness
255 |     print(f"\n  LCOE Chain Check:")
    |           ^^^^^^^^^^^^^^^^^^^^^^^^
256 |     lcoe_modules = [m for m in ctx.computation_graph.modules if "lcoe" in m.name.lower()]
257 |     if lcoe_modules:
    |
help: Remove extraneous `f` prefix
    |
254 |     # Check 3: LCOE chain completeness
    -     print(f"\n  LCOE Chain Check:")
255 +     print("\n  LCOE Chain Check:")
256 |     lcoe_modules = [m for m in ctx.computation_graph.modules if "lcoe" in m.name.lower()]
    |

F541 [*] f-string without any placeholders
   --> scripts/archive/probe_backtracker_resolution.py:268:15
    |
266 |                 print(f"      {inp.param_name} <- {src_desc} [{status}]")
267 |     else:
268 |         print(f"    WARNING: No LCOE module found!")
    |               ^^^^^^^^^^^^^^^^^^^^^^^^^^^^^^^^^^^^^
269 |
270 |     # Check 4: Aggregation module completeness
    |
help: Remove extraneous `f` prefix
    |
267 |     else:
    -         print(f"    WARNING: No LCOE module found!")
268 +         print("    WARNING: No LCOE module found!")
269 |
    |

F541 [*] f-string without any placeholders
   --> scripts/archive/probe_backtracker_resolution.py:271:11
    |
270 |     # Check 4: Aggregation module completeness
271 |     print(f"\n  Aggregation Module Check:")
    |           ^^^^^^^^^^^^^^^^^^^^^^^^^^^^^^^^
272 |     agg_modules = [m for m in ctx.computation_graph.modules if m.is_aggregation]
273 |     print(f"    Total aggregation modules: {len(agg_modules)}")
    |
help: Remove extraneous `f` prefix
    |
270 |     # Check 4: Aggregation module completeness
    -     print(f"\n  Aggregation Module Check:")
271 +     print("\n  Aggregation Module Check:")
272 |     agg_modules = [m for m in ctx.computation_graph.modules if m.is_aggregation]
    |

I001 [*] Import block is un-sorted or un-formatted
  --> scripts/archive/probe_item1_phase0.py:12:1
   |
10 |   """
11 |
12 | / from __future__ import annotations
13 | |
14 | | import logging
15 | | from pathlib import Path
16 | |
17 | | from agentic_mbse.sysml.syside_adapter import SysideAdapter
18 | |
19 | | from sysml_codegen.extraction.extractor import SysMLDataExtractor
20 | | from sysml_codegen.orchestration.pipeline_builder import build_pipeline_context
   | |_______________________________________________________________________________^
21 |
22 |   FIXTURES = Path(__file__).parent.parent.parent / "tests" / "fixtures"
   |
help: Organize imports
   |
17 | from agentic_mbse.sysml.syside_adapter import SysideAdapter
18 + from sysml_codegen.orchestration.pipeline_builder import build_pipeline_context
19 |
20 | from sysml_codegen.extraction.extractor import SysMLDataExtractor
   - from sysml_codegen.orchestration.pipeline_builder import build_pipeline_context
21 |
   |

F401 [*] `agentic_mbse.sysml.syside_adapter.SysideAdapter` imported but unused
  --> scripts/archive/probe_item1_phase0.py:17:47
   |
15 | from pathlib import Path
16 |
17 | from agentic_mbse.sysml.syside_adapter import SysideAdapter
   |                                               ^^^^^^^^^^^^^
18 |
19 | from sysml_codegen.extraction.extractor import SysMLDataExtractor
   |
help: Remove unused import: `agentic_mbse.sysml.syside_adapter.SysideAdapter`
   |
16 |
   - from agentic_mbse.sysml.syside_adapter import SysideAdapter
17 |
   |

F841 Local variable `owner_name` is assigned to but never used
  --> scripts/archive/probe_item1_phase0.py:62:9
   |
60 |     for c in cus:
61 |         owner = getattr(c, "owner", None)
62 |         owner_name = getattr(owner, "name", None)
   |         ^^^^^^^^^^
63 |         if owner is None:
64 |             other += 1
   |
help: Remove assignment to unused variable `owner_name`

I001 [*] Import block is un-sorted or un-formatted
  --> scripts/archive/spike_agg_wiring_h1_h4.py:20:1
   |
18 |   """
19 |
20 | / from __future__ import annotations
21 | |
22 | | import sys
23 | | from pathlib import Path
24 | | from typing import Any
25 | |
26 | | from agentic_mbse.sysml.syside_adapter import SysideAdapter
27 | |
28 | | from sysml_codegen.extraction.data_models import (
29 | |     LocalTerm,
30 | |     MultiplicityData,
31 | |     RedefinitionType,
32 | |     SingletonTerm,
33 | |     SumTerm,
34 | | )
35 | | from sysml_codegen.extraction.expression_utils import (
36 | |     OPERATOR_MAP,
37 | |     extract_feature_chain_name,
38 | |     extract_feature_reference_name,
39 | |     is_literal_expression,
40 | |     reconstruct_expression,
41 | | )
42 | | from sysml_codegen.extraction.hierarchy_resolver import (
43 | |     _AggregationContext,
44 | |     _KNOWN_WRAPPER_FUNCTIONS,
45 | |     _unwrap_invocation,
46 | | )
47 | | from sysml_codegen.core.qualified_names import sanitize_name
48 | | from sysml_codegen.generation.initialization import PipelineContext
49 | | from sysml_codegen.orchestration.pipeline_builder import build_pipeline_context
50 | | from sysml_codegen.resolution.graph_builder import _resolve_aggregation_input_channel
   | |_____________________________________________________________________________________^
51 |
52 |   # ---------------------------------------------------------------------------
   |
help: Organize imports
   |
26 | from agentic_mbse.sysml.syside_adapter import SysideAdapter
27 + from sysml_codegen.orchestration.pipeline_builder import build_pipeline_context
28 + from sysml_codegen.resolution.graph_builder import _resolve_aggregation_input_channel
29 |
30 + from sysml_codegen.core.qualified_names import sanitize_name
31 | from sysml_codegen.extraction.data_models import (
--------------------------------------------------------------------------------
45 | from sysml_codegen.extraction.hierarchy_resolver import (
46 +     _KNOWN_WRAPPER_FUNCTIONS,
47 |     _AggregationContext,
   -     _KNOWN_WRAPPER_FUNCTIONS,
48 |     _unwrap_invocation,
49 | )
   - from sysml_codegen.core.qualified_names import sanitize_name
50 | from sysml_codegen.generation.initialization import PipelineContext
   - from sysml_codegen.orchestration.pipeline_builder import build_pipeline_context
   - from sysml_codegen.resolution.graph_builder import _resolve_aggregation_input_channel
51 |
   |

E501 Line too long (103 > 100)
   --> scripts/archive/spike_agg_wiring_h1_h4.py:456:101
    |
454 |     redef_index: dict[tuple[str, str], Any] = {}
455 |     for redef in ctx.hierarchy_data.redefinitions:
456 |         if redef.redefinition_type == RedefinitionType.EXPRESSION and redef.expression_ast is not None:
    |                                                                                                     ^^^
457 |             redef_index[(redef.owning_part_qn, redef.attribute_name)] = redef.expression_ast
    |

E501 Line too long (129 > 100)
   --> scripts/archive/spike_agg_wiring_h1_h4.py:655:101
    |
653 |             f"{sum(1 for q in queries if q['resolved'])}/{len(queries)} idiot_index "
654 |             f"LocalTerms resolve via Key_D. "
655 |             f"{'misc_hardware_cost correctly unresolved.' if all_negatives_pass else 'UNEXPECTED: misc_hardware_cost resolved!'}"
    |                                                                                                     ^^^^^^^^^^^^^^^^^^^^^^^^^^^^^
656 |         ),
657 |     }
    |

E501 Line too long (103 > 100)
   --> scripts/archive/spike_agg_wiring_h1_h4.py:684:101
    |
682 |     redef_index: dict[tuple[str, str], Any] = {}
683 |     for redef in redefinitions:
684 |         if redef.redefinition_type == RedefinitionType.EXPRESSION and redef.expression_ast is not None:
    |                                                                                                     ^^^
685 |             redef_index[(redef.owning_part_qn, redef.attribute_name)] = redef.expression_ast
    |

E501 Line too long (103 > 100)
   --> scripts/archive/spike_agg_wiring_h1_h4.py:927:101
    |
925 |     else:
926 |         result_d = {
927 |             "hypothesis": "H4: Plant-level SingletonTerms resolve through actual resolution code path",
    |                                                                                                     ^^^
928 |             "verdict": "SKIPPED",
929 |             "notes": "H2 was FALSIFIED — plant-level resolution test not meaningful.",
    |

I001 [*] Import block is un-sorted or un-formatted
  --> scripts/archive/spike_aggregation_validation.py:21:1
   |
19 |   """
20 |
21 | / from __future__ import annotations
22 | |
23 | | import sys
24 | | from dataclasses import dataclass, field
25 | | from pathlib import Path
26 | |
27 | | from sysml_codegen.core.output_registry import OutputRegistry
28 | | from sysml_codegen.core.qualified_names import get_channel_name, sanitize_name
29 | | from sysml_codegen.extraction.data_models import (
30 | |     LocalTerm,
31 | |     RedefinitionData,
32 | |     RedefinitionType,
33 | |     ScopedAggregationData,
34 | |     SingletonTerm,
35 | |     SumTerm,
36 | | )
37 | | from sysml_codegen.orchestration.pipeline_builder import build_pipeline_context
   | |_______________________________________________________________________________^
38 |
39 |   # ---------------------------------------------------------------------------
   |
help: Organize imports
   |
27 | from sysml_codegen.core.output_registry import OutputRegistry
28 + from sysml_codegen.orchestration.pipeline_builder import build_pipeline_context
29 +
30 | from sysml_codegen.core.qualified_names import get_channel_name, sanitize_name
--------------------------------------------------------------------------------
38 | )
   - from sysml_codegen.orchestration.pipeline_builder import build_pipeline_context
39 |
   |

F401 [*] `dataclasses.field` imported but unused
  --> scripts/archive/spike_aggregation_validation.py:24:36
   |
23 | import sys
24 | from dataclasses import dataclass, field
   |                                    ^^^^^
25 | from pathlib import Path
   |
help: Remove unused import: `dataclasses.field`
   |
23 | import sys
   - from dataclasses import dataclass, field
24 + from dataclasses import dataclass
25 | from pathlib import Path
   |

F401 [*] `sysml_codegen.extraction.data_models.LocalTerm` imported but unused
  --> scripts/archive/spike_aggregation_validation.py:30:5
   |
28 | from sysml_codegen.core.qualified_names import get_channel_name, sanitize_name
29 | from sysml_codegen.extraction.data_models import (
30 |     LocalTerm,
   |     ^^^^^^^^^
31 |     RedefinitionData,
32 |     RedefinitionType,
   |
help: Remove unused import
   |
29 | from sysml_codegen.extraction.data_models import (
   -     LocalTerm,
30 |     RedefinitionData,
31 |     RedefinitionType,
32 |     ScopedAggregationData,
33 |     SingletonTerm,
   -     SumTerm,
34 | )
   |

F401 [*] `sysml_codegen.extraction.data_models.SumTerm` imported but unused
  --> scripts/archive/spike_aggregation_validation.py:35:5
   |
33 |     ScopedAggregationData,
34 |     SingletonTerm,
35 |     SumTerm,
   |     ^^^^^^^
36 | )
37 | from sysml_codegen.orchestration.pipeline_builder import build_pipeline_context
   |
help: Remove unused import
   |
29 | from sysml_codegen.extraction.data_models import (
   -     LocalTerm,
30 |     RedefinitionData,
31 |     RedefinitionType,
32 |     ScopedAggregationData,
33 |     SingletonTerm,
   -     SumTerm,
34 | )
   |

E501 Line too long (103 > 100)
   --> scripts/archive/spike_aggregation_validation.py:113:101
    |
111 |     print("=== Spike A: Registry Key Inventory ===")
112 |     print("=" * 80)
113 |     print(f"\nRegistry size: {len(index)} keys → {len(output_registry._canonical)} canonical channels")  # noqa: SLF001
    |                                                                                                     ^^^
114 |     print("\n--- Full Registry Dump ---")
115 |     for key in sorted(index.keys()):
    |

E501 Line too long (104 > 100)
   --> scripts/archive/spike_aggregation_validation.py:221:101
    |
219 |         curr = "HIT" if rec.current_hit else "MISS"
220 |         prop = "HIT" if rec.proposed_hit else "MISS"
221 |         print(f"{i:3d} {rec.input_type:17s} {agg_label:45s} {rec.symbolic_ref:40s} {curr:5s} {prop:5s}")
    |                                                                                                     ^^^^
222 |         if rec.current_hit:
223 |             print(f"    current  key: {rec.current_key}")
    |

F541 [*] f-string without any placeholders
   --> scripts/archive/spike_aggregation_validation.py:239:11
    |
237 |     still_missing = sum(1 for r in non_local if not r.proposed_hit)
238 |
239 |     print(f"\n--- Spike A Summary ---")
    |           ^^^^^^^^^^^^^^^^^^^^^^^^^^^^
240 |     print(f"Total resolvable inputs (excluding LocalTerm): {total}")
241 |     print(f"Current hits (registry or direct):  {current_hits}")
    |
help: Remove extraneous `f` prefix
    |
238 |
    -     print(f"\n--- Spike A Summary ---")
239 +     print("\n--- Spike A Summary ---")
240 |     print(f"Total resolvable inputs (excluding LocalTerm): {total}")
    |

E501 Line too long (111 > 100)
   --> scripts/archive/spike_aggregation_validation.py:585:101
    |
583 |         print(f"{i:3d} {t.input_type:17s} {t.symbolic_ref:40s} {t.outcome:20s} {detail}")
584 |         if t.chain_redef_found:
585 |             print(f"      CHAIN: redef on {t.chain_attr_match_names[0] if t.chain_attr_match_names else '?'}, "
    |                                                                                                     ^^^^^^^^^^^
586 |                   f"source={t.chain_source_path}, channel={t.chain_channel_built}, "
587 |                   f"exists={t.chain_channel_exists}")
    |

F541 [*] f-string without any placeholders
   --> scripts/archive/spike_aggregation_validation.py:603:11
    |
601 |     entry_point = [t for t in non_local if t.outcome == "ENTRY_POINT"]
602 |
603 |     print(f"\n--- Spike B Summary ---")
    |           ^^^^^^^^^^^^^^^^^^^^^^^^^^^^
604 |     print(f"Total non-local inputs:             {len(non_local)}")
605 |     print(f"Resolved via CHAIN:                 {len(chain_success)}")
    |
help: Remove extraneous `f` prefix
    |
602 |
    -     print(f"\n--- Spike B Summary ---")
603 +     print("\n--- Spike B Summary ---")
604 |     print(f"Total non-local inputs:             {len(non_local)}")
    |

F541 [*] f-string without any placeholders
   --> scripts/archive/spike_aggregation_validation.py:613:15
    |
611 |     # Failure reason sub-counts
612 |     if entry_point:
613 |         print(f"\n--- Failure Reason Breakdown ---")
    |               ^^^^^^^^^^^^^^^^^^^^^^^^^^^^^^^^^^^^^
614 |         reason_counts: dict[str, int] = {}
615 |         for t in entry_point:
    |
help: Remove extraneous `f` prefix
    |
612 |     if entry_point:
    -         print(f"\n--- Failure Reason Breakdown ---")
613 +         print("\n--- Failure Reason Breakdown ---")
614 |         reason_counts: dict[str, int] = {}
    |

E501 Line too long (108 > 100)
   --> scripts/archive/spike_aggregation_validation.py:706:101
    |
704 |         cases.append(SpotCheckCase(
705 |             case_number=1,
706 |             case_label="SumTerm from solar_array (mid-level, CHAIN success — verify scoped key also works)",
    |                                                                                                     ^^^^^^^^
707 |             instance_path=case1_trace.agg_instance_path,
708 |             symbolic_ref=case1_trace.symbolic_ref,
    |

E501 Line too long (111 > 100)
   --> scripts/archive/spike_aggregation_validation.py:841:101
    |
839 |                 f"Top-level aggregation ({top_level_agg.instance_path}) — Bug 3 test. "
840 |                 f"NOTE: top-level uses LocalTerms, not SumTerms. "
841 |                 f"Testing hypothetical scoped key for '{local_ref}.{top_level_agg.expression.attribute_name}'."
    |                                                                                                     ^^^^^^^^^^^
842 |             ),
843 |             instance_path=top_level_agg.instance_path,
    |

E501 Line too long (105 > 100)
   --> scripts/archive/spike_aggregation_validation.py:849:101
    |
847 |             key_exists=scoped_channel is not None,
848 |             canonical_channel=scoped_channel,
849 |             closest_keys=find_closest_keys(hypothetical_scoped, index) if scoped_channel is None else [],
    |                                                                                                     ^^^^^
850 |             bug3_key=bug3_key,
851 |             bug3_key_exists=bug3_channel is not None,
    |

E501 Line too long (101 > 100)
   --> scripts/archive/spike_aggregation_validation.py:857:101
    |
855 |                 f"'{local_ref}'), NOT dotted SumTerm refs. Bug 3 is hypothetical here. "
856 |                 f"Hypothetical scoped key '{hypothetical_scoped}' "
857 |                 f"{'resolves to ' + str(scoped_channel) if scoped_channel else 'does NOT resolve'}. "
    |                                                                                                     ^
858 |                 f"Bug 3 key '{bug3_key}' "
859 |                 f"{'resolves to ' + str(bug3_channel) if bug3_channel else 'does NOT resolve'}. "
    |

F541 [*] f-string without any placeholders
   --> scripts/archive/spike_aggregation_validation.py:875:19
    |
873 |             print(f"  canonical_channel:  {case.canonical_channel}")
874 |         else:
875 |             print(f"  closest_keys:")
    |                   ^^^^^^^^^^^^^^^^^^
876 |             for key, ch in case.closest_keys:
877 |                 print(f"    {key:60s} → {ch}")
    |
help: Remove extraneous `f` prefix
    |
874 |         else:
    -             print(f"  closest_keys:")
875 +             print("  closest_keys:")
876 |             for key, ch in case.closest_keys:
    |

E501 Line too long (106 > 100)
   --> scripts/archive/spike_aggregation_validation.py:900:101
    |
898 | ) -> str:
899 |     """Generate the structured spike_report.md content."""
900 |     non_local_records = [r for r in records if r.input_type not in ("LocalTerm", "SingletonTerm(no-dot)")]
    |                                                                                                     ^^^^^^
901 |     non_local_traces = [t for t in traces if t.input_type != "LocalTerm"]
902 |     chain_success = [t for t in non_local_traces if t.outcome == "CHAIN"]
    |

F541 [*] f-string without any placeholders
   --> scripts/archive/spike_aggregation_validation.py:910:7
    |
908 |     w("# Aggregation Wiring Fix — Validation Spike Report")
909 |     w("")
910 |     w(f"**Generated:** 2026-02-15")
    |       ^^^^^^^^^^^^^^^^^^^^^^^^^^^^
911 |     w(f"**Model:** solar_battery (tests/fixtures/solar_battery_model)")
912 |     w(f"**Registry:** {len(output_registry._index)} keys → {len(output_registry._canonical)} canonical channels")  # noqa: SLF001
    |
help: Remove extraneous `f` prefix
    |
909 |     w("")
    -     w(f"**Generated:** 2026-02-15")
910 +     w("**Generated:** 2026-02-15")
911 |     w(f"**Model:** solar_battery (tests/fixtures/solar_battery_model)")
    |

F541 [*] f-string without any placeholders
   --> scripts/archive/spike_aggregation_validation.py:911:7
    |
909 |     w("")
910 |     w(f"**Generated:** 2026-02-15")
911 |     w(f"**Model:** solar_battery (tests/fixtures/solar_battery_model)")
    |       ^^^^^^^^^^^^^^^^^^^^^^^^^^^^^^^^^^^^^^^^^^^^^^^^^^^^^^^^^^^^^^^^
912 |     w(f"**Registry:** {len(output_registry._index)} keys → {len(output_registry._canonical)} canonical channels")  # noqa: SLF001
913 |     w(f"**Aggregation expressions:** {len(aggregation_data)}")
    |
help: Remove extraneous `f` prefix
    |
910 |     w(f"**Generated:** 2026-02-15")
    -     w(f"**Model:** solar_battery (tests/fixtures/solar_battery_model)")
911 +     w("**Model:** solar_battery (tests/fixtures/solar_battery_model)")
912 |     w(f"**Registry:** {len(output_registry._index)} keys → {len(output_registry._canonical)} canonical channels")  # noqa: SLF001
    |

E501 Line too long (113 > 100)
   --> scripts/archive/spike_aggregation_validation.py:912:101
    |
910 |     w(f"**Generated:** 2026-02-15")
911 |     w(f"**Model:** solar_battery (tests/fixtures/solar_battery_model)")
912 |     w(f"**Registry:** {len(output_registry._index)} keys → {len(output_registry._canonical)} canonical channels")  # noqa: SLF001
    |                                                                                                     ^^^^^^^^^^^^^
913 |     w(f"**Aggregation expressions:** {len(aggregation_data)}")
914 |     w("")
    |

E501 Line too long (104 > 100)
   --> scripts/archive/spike_aggregation_validation.py:927:101
    |
925 |     w(f"- **Bug 1 (unscoped registry lookup): CONFIRMED.** All {len(non_local_records)} "
926 |       f"resolvable inputs fail with current unscoped keys (0 hits). "
927 |       f"Proposed scoped keys resolve all {sum(1 for r in non_local_records if r.proposed_hit)} inputs.")
    |                                                                                                     ^^^^
928 |     w(f"- **Bug 2 (SingletonTerm wrong channel): NOT TESTABLE.** No SingletonTerms "
929 |       f"exist in the solar_battery model. Bug 2 should be fixed but cannot be "
    |

F541 [*] f-string without any placeholders
   --> scripts/archive/spike_aggregation_validation.py:928:7
    |
926 |       f"resolvable inputs fail with current unscoped keys (0 hits). "
927 |       f"Proposed scoped keys resolve all {sum(1 for r in non_local_records if r.proposed_hit)} inputs.")
928 |     w(f"- **Bug 2 (SingletonTerm wrong channel): NOT TESTABLE.** No SingletonTerms "
    |       ^^^^^^^^^^^^^^^^^^^^^^^^^^^^^^^^^^^^^^^^^^^^^^^^^^^^^^^^^^^^^^^^^^^^^^^^^^^^^^
929 |       f"exist in the solar_battery model. Bug 2 should be fixed but cannot be "
930 |       f"validated with this model.")
    |
help: Remove extraneous `f` prefix
    |
927 |       f"Proposed scoped keys resolve all {sum(1 for r in non_local_records if r.proposed_hit)} inputs.")
    -     w(f"- **Bug 2 (SingletonTerm wrong channel): NOT TESTABLE.** No SingletonTerms "
928 +     w("- **Bug 2 (SingletonTerm wrong channel): NOT TESTABLE.** No SingletonTerms "
929 |       f"exist in the solar_battery model. Bug 2 should be fixed but cannot be "
    |

F541 [*] f-string without any placeholders
   --> scripts/archive/spike_aggregation_validation.py:929:7
    |
927 |       f"Proposed scoped keys resolve all {sum(1 for r in non_local_records if r.proposed_hit)} inputs.")
928 |     w(f"- **Bug 2 (SingletonTerm wrong channel): NOT TESTABLE.** No SingletonTerms "
929 |       f"exist in the solar_battery model. Bug 2 should be fixed but cannot be "
    |       ^^^^^^^^^^^^^^^^^^^^^^^^^^^^^^^^^^^^^^^^^^^^^^^^^^^^^^^^^^^^^^^^^^^^^^^^^
930 |       f"validated with this model.")
931 |     w(f"- **Bug 3 (missing scoped registration key): PARTIALLY CONFIRMED.** "
    |
help: Remove extraneous `f` prefix
    |
928 |     w(f"- **Bug 2 (SingletonTerm wrong channel): NOT TESTABLE.** No SingletonTerms "
    -       f"exist in the solar_battery model. Bug 2 should be fixed but cannot be "
929 +       "exist in the solar_battery model. Bug 2 should be fixed but cannot be "
930 |       f"validated with this model.")
    |

F541 [*] f-string without any placeholders
   --> scripts/archive/spike_aggregation_validation.py:930:7
    |
928 |     w(f"- **Bug 2 (SingletonTerm wrong channel): NOT TESTABLE.** No SingletonTerms "
929 |       f"exist in the solar_battery model. Bug 2 should be fixed but cannot be "
930 |       f"validated with this model.")
    |       ^^^^^^^^^^^^^^^^^^^^^^^^^^^^^
931 |     w(f"- **Bug 3 (missing scoped registration key): PARTIALLY CONFIRMED.** "
932 |       f"Top-level aggregations use LocalTerms (bare names), not dotted SumTerm refs, "
    |
help: Remove extraneous `f` prefix
    |
929 |       f"exist in the solar_battery model. Bug 2 should be fixed but cannot be "
    -       f"validated with this model.")
930 +       "validated with this model.")
931 |     w(f"- **Bug 3 (missing scoped registration key): PARTIALLY CONFIRMED.** "
    |

F541 [*] f-string without any placeholders
   --> scripts/archive/spike_aggregation_validation.py:931:7
    |
929 |       f"exist in the solar_battery model. Bug 2 should be fixed but cannot be "
930 |       f"validated with this model.")
931 |     w(f"- **Bug 3 (missing scoped registration key): PARTIALLY CONFIRMED.** "
    |       ^^^^^^^^^^^^^^^^^^^^^^^^^^^^^^^^^^^^^^^^^^^^^^^^^^^^^^^^^^^^^^^^^^^^^^^
932 |       f"Top-level aggregations use LocalTerms (bare names), not dotted SumTerm refs, "
933 |       f"so Bug 3 doesn't manifest in this model. However, the hypothetical scoped "
    |
help: Remove extraneous `f` prefix
    |
930 |       f"validated with this model.")
    -     w(f"- **Bug 3 (missing scoped registration key): PARTIALLY CONFIRMED.** "
931 +     w("- **Bug 3 (missing scoped registration key): PARTIALLY CONFIRMED.** "
932 |       f"Top-level aggregations use LocalTerms (bare names), not dotted SumTerm refs, "
    |

F541 [*] f-string without any placeholders
   --> scripts/archive/spike_aggregation_validation.py:932:7
    |
930 |       f"validated with this model.")
931 |     w(f"- **Bug 3 (missing scoped registration key): PARTIALLY CONFIRMED.** "
932 |       f"Top-level aggregations use LocalTerms (bare names), not dotted SumTerm refs, "
    |       ^^^^^^^^^^^^^^^^^^^^^^^^^^^^^^^^^^^^^^^^^^^^^^^^^^^^^^^^^^^^^^^^^^^^^^^^^^^^^^^^
933 |       f"so Bug 3 doesn't manifest in this model. However, the hypothetical scoped "
934 |       f"key test confirms the Key_E_stripped registration would work if needed.")
    |
help: Remove extraneous `f` prefix
    |
931 |     w(f"- **Bug 3 (missing scoped registration key): PARTIALLY CONFIRMED.** "
    -       f"Top-level aggregations use LocalTerms (bare names), not dotted SumTerm refs, "
932 +       "Top-level aggregations use LocalTerms (bare names), not dotted SumTerm refs, "
933 |       f"so Bug 3 doesn't manifest in this model. However, the hypothetical scoped "
    |

F541 [*] f-string without any placeholders
   --> scripts/archive/spike_aggregation_validation.py:933:7
    |
931 |     w(f"- **Bug 3 (missing scoped registration key): PARTIALLY CONFIRMED.** "
932 |       f"Top-level aggregations use LocalTerms (bare names), not dotted SumTerm refs, "
933 |       f"so Bug 3 doesn't manifest in this model. However, the hypothetical scoped "
    |       ^^^^^^^^^^^^^^^^^^^^^^^^^^^^^^^^^^^^^^^^^^^^^^^^^^^^^^^^^^^^^^^^^^^^^^^^^^^^^
934 |       f"key test confirms the Key_E_stripped registration would work if needed.")
935 |     w(f"- **New finding: CHAIN_PART_MISMATCH.** {len(failed)} of {len(non_local_traces)} "
    |
help: Remove extraneous `f` prefix
    |
932 |       f"Top-level aggregations use LocalTerms (bare names), not dotted SumTerm refs, "
    -       f"so Bug 3 doesn't manifest in this model. However, the hypothetical scoped "
933 +       "so Bug 3 doesn't manifest in this model. However, the hypothetical scoped "
934 |       f"key test confirms the Key_E_stripped registration would work if needed.")
    |

F541 [*] f-string without any placeholders
   --> scripts/archive/spike_aggregation_validation.py:934:7
    |
932 |       f"Top-level aggregations use LocalTerms (bare names), not dotted SumTerm refs, "
933 |       f"so Bug 3 doesn't manifest in this model. However, the hypothetical scoped "
934 |       f"key test confirms the Key_E_stripped registration would work if needed.")
    |       ^^^^^^^^^^^^^^^^^^^^^^^^^^^^^^^^^^^^^^^^^^^^^^^^^^^^^^^^^^^^^^^^^^^^^^^^^^
935 |     w(f"- **New finding: CHAIN_PART_MISMATCH.** {len(failed)} of {len(non_local_traces)} "
936 |       f"SumTerm failures are caused by PartDef→PartUsage name mismatch "
    |
help: Remove extraneous `f` prefix
    |
933 |       f"so Bug 3 doesn't manifest in this model. However, the hypothetical scoped "
    -       f"key test confirms the Key_E_stripped registration would work if needed.")
934 +       "key test confirms the Key_E_stripped registration would work if needed.")
935 |     w(f"- **New finding: CHAIN_PART_MISMATCH.** {len(failed)} of {len(non_local_traces)} "
    |

E501 Line too long (101 > 100)
   --> scripts/archive/spike_aggregation_validation.py:978:101
    |
976 |     w(f"| Total non-local inputs | {len(non_local_traces)} |")
977 |     w(f"| Resolved via CHAIN | {len(chain_success)} |")
978 |     w(f"| Resolved via REGISTRY | {len([t for t in non_local_traces if t.outcome == 'REGISTRY'])} |")
    |                                                                                                     ^
979 |     w(f"| Resolved via DIRECT_CONSTRUCTION | {len([t for t in non_local_traces if t.outcome == 'DIRECT_CONSTRUCTION'])} |")
980 |     w(f"| Failed → ENTRY_POINT | {len(failed)} |")
    |

E501 Line too long (123 > 100)
   --> scripts/archive/spike_aggregation_validation.py:979:101
    |
977 |     w(f"| Resolved via CHAIN | {len(chain_success)} |")
978 |     w(f"| Resolved via REGISTRY | {len([t for t in non_local_traces if t.outcome == 'REGISTRY'])} |")
979 |     w(f"| Resolved via DIRECT_CONSTRUCTION | {len([t for t in non_local_traces if t.outcome == 'DIRECT_CONSTRUCTION'])} |")
    |                                                                                                     ^^^^^^^^^^^^^^^^^^^^^^^
980 |     w(f"| Failed → ENTRY_POINT | {len(failed)} |")
981 |     w("")
    |

F541 [*] f-string without any placeholders
    --> scripts/archive/spike_aggregation_validation.py:1031:15
     |
1029 |             w(f"- **canonical_channel:** `{case.canonical_channel}`")
1030 |         else:
1031 |             w(f"- **closest_keys (top 5 by prefix match):**")
     |               ^^^^^^^^^^^^^^^^^^^^^^^^^^^^^^^^^^^^^^^^^^^^^^
1032 |             for key, ch in case.closest_keys:
1033 |                 w(f"  - `{key}` → `{ch}`")
     |
help: Remove extraneous `f` prefix
     |
1030 |         else:
     -             w(f"- **closest_keys (top 5 by prefix match):**")
1031 +             w("- **closest_keys (top 5 by prefix match):**")
1032 |             for key, ch in case.closest_keys:
     |

E501 Line too long (102 > 100)
    --> scripts/archive/spike_aggregation_validation.py:1134:101
     |
1132 |         records, traces, cases, ctx.output_registry, ctx.aggregation_expressions,
1133 |     )
1134 |     report_path = REPO_ROOT / ".project" / "active" / "aggregation-fix-validation" / "spike_report.md"
     |                                                                                                     ^^
1135 |     report_path.write_text(report)
1136 |     print(f"\n{'=' * 80}")
     |

I001 [*] Import block is un-sorted or un-formatted
  --> scripts/archive/spike_backtracker_resolution_paths.py:22:1
   |
20 |   sys.path.insert(0, str(Path(__file__).parent.parent / "tests"))
21 |
22 | / from agentic_mbse.sysml.types import BindingType
23 | |
24 | | from sysml_codegen.analysis.dependency_backtracker import (
25 | |     BacktrackingResult,
26 | |     DependencyBacktracker,
27 | | )
28 | | from sysml_codegen.core.identifier_types import ScopedKey, SysMLQN
29 | | from sysml_codegen.core.models import BindingResolutionType
30 | | from sysml_codegen.core.output_registry import OutputRegistry
31 | | from sysml_codegen.core.qualified_names import sanitize_name
32 | | from sysml_codegen.orchestration.output_registry_builder import build_output_registry
33 | | from sysml_codegen.snapshot import load_extraction_snapshot
34 | | from tests.conftest import snapshot_fixture
   | |___________________________________________^
help: Organize imports
   |
22 | from agentic_mbse.sysml.types import BindingType
   -
23 | from sysml_codegen.analysis.dependency_backtracker import (
24 |     BacktrackingResult,
25 |     DependencyBacktracker,
26 | )
27 + from sysml_codegen.core.output_registry import OutputRegistry
28 + from sysml_codegen.orchestration.output_registry_builder import build_output_registry
29 +
30 | from sysml_codegen.core.identifier_types import ScopedKey, SysMLQN
31 | from sysml_codegen.core.models import BindingResolutionType
   - from sysml_codegen.core.output_registry import OutputRegistry
32 | from sysml_codegen.core.qualified_names import sanitize_name
   - from sysml_codegen.orchestration.output_registry_builder import build_output_registry
33 | from sysml_codegen.snapshot import load_extraction_snapshot
   |

E501 Line too long (102 > 100)
  --> scripts/archive/spike_backtracker_resolution_paths.py:61:101
   |
60 | def check_typed_reachability(
61 |     channel: str, source_path: str, binding_type: BindingType, registry: OutputRegistry, usage_qn: str
   |                                                                                                     ^^
62 | ) -> dict:
63 |     """Check if a resolved MODULE_OUTPUT channel is reachable via typed lookups.
   |

F541 [*] f-string without any placeholders
   --> scripts/archive/spike_backtracker_resolution_paths.py:172:11
    |
170 |     compat_only_count = 0
171 |
172 |     print(f"\n  --- MODULE_OUTPUT typed reachability ---")
    |           ^^^^^^^^^^^^^^^^^^^^^^^^^^^^^^^^^^^^^^^^^^^^^^^
173 |     for key, resolution, bt in module_outputs:
174 |         usage_qn = key.split("|")[0]
    |
help: Remove extraneous `f` prefix
    |
171 |
    -     print(f"\n  --- MODULE_OUTPUT typed reachability ---")
172 +     print("\n  --- MODULE_OUTPUT typed reachability ---")
173 |     for key, resolution, bt in module_outputs:
    |

F541 [*] f-string without any placeholders
   --> scripts/archive/spike_backtracker_resolution_paths.py:265:11
    |
263 |     # Try expression_binding_probe (expected to crash)
264 |     print(f"\n{'=' * 70}")
265 |     print(f"MODEL: expression_binding_probe (expected crash)")
    |           ^^^^^^^^^^^^^^^^^^^^^^^^^^^^^^^^^^^^^^^^^^^^^^^^^^^
266 |     print(f"{'=' * 70}")
267 |     try:
    |
help: Remove extraneous `f` prefix
    |
264 |     print(f"\n{'=' * 70}")
    -     print(f"MODEL: expression_binding_probe (expected crash)")
265 +     print("MODEL: expression_binding_probe (expected crash)")
266 |     print(f"{'=' * 70}")
    |

F401 [*] `collections.defaultdict` imported but unused
  --> scripts/archive/spike_c11b_typed_dispatch.py:18:34
   |
17 | import sys
18 | from collections import Counter, defaultdict
   |                                  ^^^^^^^^^^^
19 | from pathlib import Path
   |
help: Remove unused import: `collections.defaultdict`
   |
17 | import sys
   - from collections import Counter, defaultdict
18 + from collections import Counter
19 | from pathlib import Path
   |

E402 Module level import not at top of file
  --> scripts/archive/spike_c11b_typed_dispatch.py:26:1
   |
24 | sys.path.insert(0, str(_proj_root))
25 |
26 | from agentic_mbse.sysml.types import BindingType
   | ^^^^^^^^^^^^^^^^^^^^^^^^^^^^^^^^^^^^^^^^^^^^^^^^
27 |
28 | from sysml_codegen.analysis.dependency_backtracker import DependencyBacktracker
   |
help: Move module level imports to top of file

I001 [*] Import block is un-sorted or un-formatted
  --> scripts/archive/spike_c11b_typed_dispatch.py:26:1
   |
24 |   sys.path.insert(0, str(_proj_root))
25 |
26 | / from agentic_mbse.sysml.types import BindingType
27 | |
28 | | from sysml_codegen.analysis.dependency_backtracker import DependencyBacktracker
29 | | from sysml_codegen.core.identifier_types import (
30 | |     CanonicalChannel,
31 | |     ScopedKey,
32 | |     SysMLQN,
33 | |     make_canonical_channel,
34 | |     make_scoped_key,
35 | | )
36 | | from sysml_codegen.core.models import BindingResolutionType, ChannelAlias
37 | | from sysml_codegen.core.output_registry import OutputRegistry, is_transitive_default
38 | | from sysml_codegen.core.qualified_names import sanitize_name, get_channel_name, sysml_to_python_qualified_name
39 | | from sysml_codegen.extraction.data_models import ComputedAttributeClassification
40 | | from sysml_codegen.extraction.expression_compiler import Compilability
41 | | from sysml_codegen.orchestration.output_registry_builder import build_output_registry
42 | | from sysml_codegen.snapshot import load_extraction_snapshot
43 | | from tests.conftest import snapshot_fixture
   | |___________________________________________^
44 |
45 |   MODELS = [
   |
help: Organize imports
   |
26 | from agentic_mbse.sysml.types import BindingType
27 + from sysml_codegen.analysis.dependency_backtracker import DependencyBacktracker
28 + from sysml_codegen.core.output_registry import OutputRegistry, is_transitive_default
29 + from sysml_codegen.orchestration.output_registry_builder import build_output_registry
30 |
   - from sysml_codegen.analysis.dependency_backtracker import DependencyBacktracker
31 | from sysml_codegen.core.identifier_types import (
--------------------------------------------------------------------------------
38 | from sysml_codegen.core.models import BindingResolutionType, ChannelAlias
   - from sysml_codegen.core.output_registry import OutputRegistry, is_transitive_default
   - from sysml_codegen.core.qualified_names import sanitize_name, get_channel_name, sysml_to_python_qualified_name
39 + from sysml_codegen.core.qualified_names import (
40 +     get_channel_name,
41 +     sanitize_name,
42 +     sysml_to_python_qualified_name,
43 + )
44 | from sysml_codegen.extraction.data_models import ComputedAttributeClassification
45 | from sysml_codegen.extraction.expression_compiler import Compilability
   - from sysml_codegen.orchestration.output_registry_builder import build_output_registry
46 | from sysml_codegen.snapshot import load_extraction_snapshot
   |

E402 Module level import not at top of file
  --> scripts/archive/spike_c11b_typed_dispatch.py:28:1
   |
26 | from agentic_mbse.sysml.types import BindingType
27 |
28 | from sysml_codegen.analysis.dependency_backtracker import DependencyBacktracker
   | ^^^^^^^^^^^^^^^^^^^^^^^^^^^^^^^^^^^^^^^^^^^^^^^^^^^^^^^^^^^^^^^^^^^^^^^^^^^^^^^
29 | from sysml_codegen.core.identifier_types import (
30 |     CanonicalChannel,
   |
help: Move module level imports to top of file

E402 Module level import not at top of file
  --> scripts/archive/spike_c11b_typed_dispatch.py:29:1
   |
28 |   from sysml_codegen.analysis.dependency_backtracker import DependencyBacktracker
29 | / from sysml_codegen.core.identifier_types import (
30 | |     CanonicalChannel,
31 | |     ScopedKey,
32 | |     SysMLQN,
33 | |     make_canonical_channel,
34 | |     make_scoped_key,
35 | | )
   | |_^
36 |   from sysml_codegen.core.models import BindingResolutionType, ChannelAlias
37 |   from sysml_codegen.core.output_registry import OutputRegistry, is_transitive_default
   |
help: Move module level imports to top of file

F401 [*] `sysml_codegen.core.identifier_types.make_scoped_key` imported but unused
  --> scripts/archive/spike_c11b_typed_dispatch.py:34:5
   |
32 |     SysMLQN,
33 |     make_canonical_channel,
34 |     make_scoped_key,
   |     ^^^^^^^^^^^^^^^
35 | )
36 | from sysml_codegen.core.models import BindingResolutionType, ChannelAlias
   |
help: Remove unused import: `sysml_codegen.core.identifier_types.make_scoped_key`
   |
33 |     make_canonical_channel,
   -     make_scoped_key,
34 | )
   |

E402 Module level import not at top of file
  --> scripts/archive/spike_c11b_typed_dispatch.py:36:1
   |
34 |     make_scoped_key,
35 | )
36 | from sysml_codegen.core.models import BindingResolutionType, ChannelAlias
   | ^^^^^^^^^^^^^^^^^^^^^^^^^^^^^^^^^^^^^^^^^^^^^^^^^^^^^^^^^^^^^^^^^^^^^^^^^
37 | from sysml_codegen.core.output_registry import OutputRegistry, is_transitive_default
38 | from sysml_codegen.core.qualified_names import sanitize_name, get_channel_name, sysml_to_python_qualified_name
   |
help: Move module level imports to top of file

F401 [*] `sysml_codegen.core.models.ChannelAlias` imported but unused
  --> scripts/archive/spike_c11b_typed_dispatch.py:36:62
   |
34 |     make_scoped_key,
35 | )
36 | from sysml_codegen.core.models import BindingResolutionType, ChannelAlias
   |                                                              ^^^^^^^^^^^^
37 | from sysml_codegen.core.output_registry import OutputRegistry, is_transitive_default
38 | from sysml_codegen.core.qualified_names import sanitize_name, get_channel_name, sysml_to_python_qualified_name
   |
help: Remove unused import: `sysml_codegen.core.models.ChannelAlias`
   |
35 | )
   - from sysml_codegen.core.models import BindingResolutionType, ChannelAlias
36 + from sysml_codegen.core.models import BindingResolutionType
37 | from sysml_codegen.core.output_registry import OutputRegistry, is_transitive_default
   |

E402 Module level import not at top of file
  --> scripts/archive/spike_c11b_typed_dispatch.py:37:1
   |
35 | )
36 | from sysml_codegen.core.models import BindingResolutionType, ChannelAlias
37 | from sysml_codegen.core.output_registry import OutputRegistry, is_transitive_default
   | ^^^^^^^^^^^^^^^^^^^^^^^^^^^^^^^^^^^^^^^^^^^^^^^^^^^^^^^^^^^^^^^^^^^^^^^^^^^^^^^^^^^^
38 | from sysml_codegen.core.qualified_names import sanitize_name, get_channel_name, sysml_to_python_qualified_name
39 | from sysml_codegen.extraction.data_models import ComputedAttributeClassification
   |
help: Move module level imports to top of file

F401 [*] `sysml_codegen.core.output_registry.OutputRegistry` imported but unused
  --> scripts/archive/spike_c11b_typed_dispatch.py:37:48
   |
35 | )
36 | from sysml_codegen.core.models import BindingResolutionType, ChannelAlias
37 | from sysml_codegen.core.output_registry import OutputRegistry, is_transitive_default
   |                                                ^^^^^^^^^^^^^^
38 | from sysml_codegen.core.qualified_names import sanitize_name, get_channel_name, sysml_to_python_qualified_name
39 | from sysml_codegen.extraction.data_models import ComputedAttributeClassification
   |
help: Remove unused import: `sysml_codegen.core.output_registry.OutputRegistry`
   |
36 | from sysml_codegen.core.models import BindingResolutionType, ChannelAlias
   - from sysml_codegen.core.output_registry import OutputRegistry, is_transitive_default
37 + from sysml_codegen.core.output_registry import is_transitive_default
38 | from sysml_codegen.core.qualified_names import sanitize_name, get_channel_name, sysml_to_python_qualified_name
   |

E402 Module level import not at top of file
  --> scripts/archive/spike_c11b_typed_dispatch.py:38:1
   |
36 | from sysml_codegen.core.models import BindingResolutionType, ChannelAlias
37 | from sysml_codegen.core.output_registry import OutputRegistry, is_transitive_default
38 | from sysml_codegen.core.qualified_names import sanitize_name, get_channel_name, sysml_to_python_qualified_name
   | ^^^^^^^^^^^^^^^^^^^^^^^^^^^^^^^^^^^^^^^^^^^^^^^^^^^^^^^^^^^^^^^^^^^^^^^^^^^^^^^^^^^^^^^^^^^^^^^^^^^^^^^^^^^^^^
39 | from sysml_codegen.extraction.data_models import ComputedAttributeClassification
40 | from sysml_codegen.extraction.expression_compiler import Compilability
   |
help: Move module level imports to top of file

F401 [*] `sysml_codegen.core.qualified_names.get_channel_name` imported but unused
  --> scripts/archive/spike_c11b_typed_dispatch.py:38:63
   |
36 | from sysml_codegen.core.models import BindingResolutionType, ChannelAlias
37 | from sysml_codegen.core.output_registry import OutputRegistry, is_transitive_default
38 | from sysml_codegen.core.qualified_names import sanitize_name, get_channel_name, sysml_to_python_qualified_name
   |                                                               ^^^^^^^^^^^^^^^^
39 | from sysml_codegen.extraction.data_models import ComputedAttributeClassification
40 | from sysml_codegen.extraction.expression_compiler import Compilability
   |
help: Remove unused import
   |
37 | from sysml_codegen.core.output_registry import OutputRegistry, is_transitive_default
   - from sysml_codegen.core.qualified_names import sanitize_name, get_channel_name, sysml_to_python_qualified_name
38 + from sysml_codegen.core.qualified_names import sanitize_name
39 | from sysml_codegen.extraction.data_models import ComputedAttributeClassification
   |

F401 [*] `sysml_codegen.core.qualified_names.sysml_to_python_qualified_name` imported but unused
  --> scripts/archive/spike_c11b_typed_dispatch.py:38:81
   |
36 | from sysml_codegen.core.models import BindingResolutionType, ChannelAlias
37 | from sysml_codegen.core.output_registry import OutputRegistry, is_transitive_default
38 | from sysml_codegen.core.qualified_names import sanitize_name, get_channel_name, sysml_to_python_qualified_name
   |                                                                                 ^^^^^^^^^^^^^^^^^^^^^^^^^^^^^^
39 | from sysml_codegen.extraction.data_models import ComputedAttributeClassification
40 | from sysml_codegen.extraction.expression_compiler import Compilability
   |
help: Remove unused import
   |
37 | from sysml_codegen.core.output_registry import OutputRegistry, is_transitive_default
   - from sysml_codegen.core.qualified_names import sanitize_name, get_channel_name, sysml_to_python_qualified_name
38 + from sysml_codegen.core.qualified_names import sanitize_name
39 | from sysml_codegen.extraction.data_models import ComputedAttributeClassification
   |

E501 Line too long (110 > 100)
  --> scripts/archive/spike_c11b_typed_dispatch.py:38:101
   |
36 | from sysml_codegen.core.models import BindingResolutionType, ChannelAlias
37 | from sysml_codegen.core.output_registry import OutputRegistry, is_transitive_default
38 | from sysml_codegen.core.qualified_names import sanitize_name, get_channel_name, sysml_to_python_qualified_name
   |                                                                                                     ^^^^^^^^^^
39 | from sysml_codegen.extraction.data_models import ComputedAttributeClassification
40 | from sysml_codegen.extraction.expression_compiler import Compilability
   |

E402 Module level import not at top of file
  --> scripts/archive/spike_c11b_typed_dispatch.py:39:1
   |
37 | from sysml_codegen.core.output_registry import OutputRegistry, is_transitive_default
38 | from sysml_codegen.core.qualified_names import sanitize_name, get_channel_name, sysml_to_python_qualified_name
39 | from sysml_codegen.extraction.data_models import ComputedAttributeClassification
   | ^^^^^^^^^^^^^^^^^^^^^^^^^^^^^^^^^^^^^^^^^^^^^^^^^^^^^^^^^^^^^^^^^^^^^^^^^^^^^^^^
40 | from sysml_codegen.extraction.expression_compiler import Compilability
41 | from sysml_codegen.orchestration.output_registry_builder import build_output_registry
   |
help: Move module level imports to top of file

F401 [*] `sysml_codegen.extraction.data_models.ComputedAttributeClassification` imported but unused
  --> scripts/archive/spike_c11b_typed_dispatch.py:39:50
   |
37 | from sysml_codegen.core.output_registry import OutputRegistry, is_transitive_default
38 | from sysml_codegen.core.qualified_names import sanitize_name, get_channel_name, sysml_to_python_qualified_name
39 | from sysml_codegen.extraction.data_models import ComputedAttributeClassification
   |                                                  ^^^^^^^^^^^^^^^^^^^^^^^^^^^^^^^
40 | from sysml_codegen.extraction.expression_compiler import Compilability
41 | from sysml_codegen.orchestration.output_registry_builder import build_output_registry
   |
help: Remove unused import: `sysml_codegen.extraction.data_models.ComputedAttributeClassification`
   |
38 | from sysml_codegen.core.qualified_names import sanitize_name, get_channel_name, sysml_to_python_qualified_name
   - from sysml_codegen.extraction.data_models import ComputedAttributeClassification
39 | from sysml_codegen.extraction.expression_compiler import Compilability
   |

E402 Module level import not at top of file
  --> scripts/archive/spike_c11b_typed_dispatch.py:40:1
   |
38 | from sysml_codegen.core.qualified_names import sanitize_name, get_channel_name, sysml_to_python_qualified_name
39 | from sysml_codegen.extraction.data_models import ComputedAttributeClassification
40 | from sysml_codegen.extraction.expression_compiler import Compilability
   | ^^^^^^^^^^^^^^^^^^^^^^^^^^^^^^^^^^^^^^^^^^^^^^^^^^^^^^^^^^^^^^^^^^^^^^
41 | from sysml_codegen.orchestration.output_registry_builder import build_output_registry
42 | from sysml_codegen.snapshot import load_extraction_snapshot
   |
help: Move module level imports to top of file

F401 [*] `sysml_codegen.extraction.expression_compiler.Compilability` imported but unused
  --> scripts/archive/spike_c11b_typed_dispatch.py:40:58
   |
38 | from sysml_codegen.core.qualified_names import sanitize_name, get_channel_name, sysml_to_python_qualified_name
39 | from sysml_codegen.extraction.data_models import ComputedAttributeClassification
40 | from sysml_codegen.extraction.expression_compiler import Compilability
   |                                                          ^^^^^^^^^^^^^
41 | from sysml_codegen.orchestration.output_registry_builder import build_output_registry
42 | from sysml_codegen.snapshot import load_extraction_snapshot
   |
help: Remove unused import: `sysml_codegen.extraction.expression_compiler.Compilability`
   |
39 | from sysml_codegen.extraction.data_models import ComputedAttributeClassification
   - from sysml_codegen.extraction.expression_compiler import Compilability
40 | from sysml_codegen.orchestration.output_registry_builder import build_output_registry
   |

E402 Module level import not at top of file
  --> scripts/archive/spike_c11b_typed_dispatch.py:41:1
   |
39 | from sysml_codegen.extraction.data_models import ComputedAttributeClassification
40 | from sysml_codegen.extraction.expression_compiler import Compilability
41 | from sysml_codegen.orchestration.output_registry_builder import build_output_registry
   | ^^^^^^^^^^^^^^^^^^^^^^^^^^^^^^^^^^^^^^^^^^^^^^^^^^^^^^^^^^^^^^^^^^^^^^^^^^^^^^^^^^^^^
42 | from sysml_codegen.snapshot import load_extraction_snapshot
43 | from tests.conftest import snapshot_fixture
   |
help: Move module level imports to top of file

E402 Module level import not at top of file
  --> scripts/archive/spike_c11b_typed_dispatch.py:42:1
   |
40 | from sysml_codegen.extraction.expression_compiler import Compilability
41 | from sysml_codegen.orchestration.output_registry_builder import build_output_registry
42 | from sysml_codegen.snapshot import load_extraction_snapshot
   | ^^^^^^^^^^^^^^^^^^^^^^^^^^^^^^^^^^^^^^^^^^^^^^^^^^^^^^^^^^^
43 | from tests.conftest import snapshot_fixture
   |
help: Move module level imports to top of file

E402 Module level import not at top of file
  --> scripts/archive/spike_c11b_typed_dispatch.py:43:1
   |
41 | from sysml_codegen.orchestration.output_registry_builder import build_output_registry
42 | from sysml_codegen.snapshot import load_extraction_snapshot
43 | from tests.conftest import snapshot_fixture
   | ^^^^^^^^^^^^^^^^^^^^^^^^^^^^^^^^^^^^^^^^^^^
44 |
45 | MODELS = [
   |
help: Move module level imports to top of file

F841 Local variable `bt` is assigned to but never used
   --> scripts/archive/spike_c11b_typed_dispatch.py:126:9
    |
124 |         usage_qn = key.split("|")[0]
125 |         source_path = resolution.source_path or ""
126 |         bt = binding_type_map.get(key)
    |         ^^
127 |
128 |         # Check typed reachability
    |
help: Remove assignment to unused variable `bt`

E501 Line too long (112 > 100)
   --> scripts/archive/spike_c11b_typed_dispatch.py:214:101
    |
213 |         results[model_name] = {"total": total, "scoped_ok": scoped_ok, "scoped_fail": scoped_fail}
214 |         print(f"\n  {model_name}: {total} CHAIN aliases, {scoped_ok} scoped_lookup OK, {len(scoped_fail)} FAIL")
    |                                                                                                     ^^^^^^^^^^^^
215 |         for f in scoped_fail:
216 |             print(f"    FAIL: canonical_name={f['canonical_name']}")
    |

E501 Line too long (118 > 100)
   --> scripts/archive/spike_c11b_typed_dispatch.py:221:101
    |
220 |     all_ok = all(len(r["scoped_fail"]) == 0 for r in results.values())
221 |     print(f"\n  CONCLUSION Q2: {'ALL Phase 2 CHAIN aliases resolvable via scoped_lookup' if all_ok else 'SOME FAIL'}")
    |                                                                                                     ^^^^^^^^^^^^^^^^^^
222 |     return all_ok
    |

E701 Multiple statements on one line (colon)
   --> scripts/archive/spike_c11b_typed_dispatch.py:314:39
    |
312 |             if a["resolve"] is not None:
313 |                 tag = []
314 |                 if a["option_a_works"]: tag.append("A")
    |                                       ^
315 |                 if a["option_b_works"]: tag.append("B")
316 |                 if a["alias_works"]: tag.append("alias")
    |

E701 Multiple statements on one line (colon)
   --> scripts/archive/spike_c11b_typed_dispatch.py:315:39
    |
313 |                 tag = []
314 |                 if a["option_a_works"]: tag.append("A")
315 |                 if a["option_b_works"]: tag.append("B")
    |                                       ^
316 |                 if a["alias_works"]: tag.append("alias")
317 |                 print(f"    [{','.join(tag) or 'NONE'}] cn={a['canonical_name']} -> {a['resolve']}")
    |

E701 Multiple statements on one line (colon)
   --> scripts/archive/spike_c11b_typed_dispatch.py:316:36
    |
314 |                 if a["option_a_works"]: tag.append("A")
315 |                 if a["option_b_works"]: tag.append("B")
316 |                 if a["alias_works"]: tag.append("alias")
    |                                    ^
317 |                 print(f"    [{','.join(tag) or 'NONE'}] cn={a['canonical_name']} -> {a['resolve']}")
    |

F541 [*] f-string without any placeholders
   --> scripts/archive/spike_c11b_typed_dispatch.py:319:11
    |
317 |                 print(f"    [{','.join(tag) or 'NONE'}] cn={a['canonical_name']} -> {a['resolve']}")
318 |
319 |     print(f"\n  CONCLUSION Q3: See per-model breakdown above")
    |           ^^^^^^^^^^^^^^^^^^^^^^^^^^^^^^^^^^^^^^^^^^^^^^^^^^^
320 |     return results
    |
help: Remove extraneous `f` prefix
    |
318 |
    -     print(f"\n  CONCLUSION Q3: See per-model breakdown above")
319 +     print("\n  CONCLUSION Q3: See per-model breakdown above")
320 |     return results
    |

E501 Line too long (107 > 100)
   --> scripts/archive/spike_c11b_typed_dispatch.py:404:101
    |
402 |         }
403 |
404 |         print(f"\n  {model_name}: {len(phase4_candidates)} transitive candidates, {resolvable} resolvable")
    |                                                                                                     ^^^^^^^
405 |         print(f"    scoped_or_alias: {typed_ok}/{resolvable}")
406 |         print(f"    instance_attr_helper: {helper_ok}/{resolvable}")
    |

E701 Multiple statements on one line (colon)
   --> scripts/archive/spike_c11b_typed_dispatch.py:410:46
    |
408 |             if a["resolve"] is not None:
409 |                 tag = []
410 |                 if a["scoped_or_alias_works"]: tag.append("typed")
    |                                              ^
411 |                 if a["helper_works"]: tag.append("helper")
412 |                 print(f"    [{','.join(tag) or 'NONE'}] {a['attr']}={a['default_value']} -> {a['resolve']}")
    |

E701 Multiple statements on one line (colon)
   --> scripts/archive/spike_c11b_typed_dispatch.py:411:37
    |
409 |                 tag = []
410 |                 if a["scoped_or_alias_works"]: tag.append("typed")
411 |                 if a["helper_works"]: tag.append("helper")
    |                                     ^
412 |                 print(f"    [{','.join(tag) or 'NONE'}] {a['attr']}={a['default_value']} -> {a['resolve']}")
413 |             elif a["resolve"] is None:
    |

E501 Line too long (108 > 100)
   --> scripts/archive/spike_c11b_typed_dispatch.py:412:101
    |
410 |                 if a["scoped_or_alias_works"]: tag.append("typed")
411 |                 if a["helper_works"]: tag.append("helper")
412 |                 print(f"    [{','.join(tag) or 'NONE'}] {a['attr']}={a['default_value']} -> {a['resolve']}")
    |                                                                                                     ^^^^^^^^
413 |             elif a["resolve"] is None:
414 |                 print(f"    [UNRESOLVABLE] {a['attr']}={a['default_value']}")
    |

F541 [*] f-string without any placeholders
   --> scripts/archive/spike_c11b_typed_dispatch.py:416:11
    |
414 |                 print(f"    [UNRESOLVABLE] {a['attr']}={a['default_value']}")
415 |
416 |     print(f"\n  CONCLUSION Q4: See per-model breakdown above")
    |           ^^^^^^^^^^^^^^^^^^^^^^^^^^^^^^^^^^^^^^^^^^^^^^^^^^^
417 |     return results
    |
help: Remove extraneous `f` prefix
    |
415 |
    -     print(f"\n  CONCLUSION Q4: See per-model breakdown above")
416 +     print("\n  CONCLUSION Q4: See per-model breakdown above")
417 |     return results
    |

E501 Line too long (111 > 100)
   --> scripts/archive/spike_c11b_typed_dispatch.py:616:101
    |
614 |             "total": p4_total, "scoped": p4_scoped, "alias": p4_alias, "b": p4_option_b,
615 |         }
616 |         print(f"    Phase 4 TRANS: {p4_total} resolvable, scoped={p4_scoped} alias={p4_alias} B={p4_option_b}")
    |                                                                                                     ^^^^^^^^^^^
617 |
618 |         summary[model_name] = model_summary
    |

F541 [*] f-string without any placeholders
   --> scripts/archive/spike_c11b_typed_dispatch.py:621:11
    |
620 |     # Aggregate
621 |     print(f"\n  --- AGGREGATE ---")
    |           ^^^^^^^^^^^^^^^^^^^^^^^^
622 |     agg = {"phase2": Counter(), "phase3": Counter(), "phase4": Counter()}
623 |     for model_name, ms in summary.items():
    |
help: Remove extraneous `f` prefix
    |
620 |     # Aggregate
    -     print(f"\n  --- AGGREGATE ---")
621 +     print("\n  --- AGGREGATE ---")
622 |     agg = {"phase2": Counter(), "phase3": Counter(), "phase4": Counter()}
    |

E501 Line too long (125 > 100)
   --> scripts/archive/spike_c11b_typed_dispatch.py:628:101
    |
626 |                 agg[phase][k] += v
627 |
628 |     print(f"  Phase 2 CHAIN:   total={agg['phase2']['total']}, Option A={agg['phase2']['a']}, Option B={agg['phase2']['b']}")
    |                                                                                                     ^^^^^^^^^^^^^^^^^^^^^^^^^
629 |     print(f"  Phase 3 EXPOSE:  total={agg['phase3']['total']}, Option A={agg['phase3']['a']}, Option B={agg['phase3']['b']}")
630 |     print(f"  Phase 4 TRANS:   total={agg['phase4']['total']}, scoped={agg['phase4']['scoped']}, alias={agg['phase4']['alias']}, Opti…
    |

E501 Line too long (125 > 100)
   --> scripts/archive/spike_c11b_typed_dispatch.py:629:101
    |
628 |     print(f"  Phase 2 CHAIN:   total={agg['phase2']['total']}, Option A={agg['phase2']['a']}, Option B={agg['phase2']['b']}")
629 |     print(f"  Phase 3 EXPOSE:  total={agg['phase3']['total']}, Option A={agg['phase3']['a']}, Option B={agg['phase3']['b']}")
    |                                                                                                     ^^^^^^^^^^^^^^^^^^^^^^^^^
630 |     print(f"  Phase 4 TRANS:   total={agg['phase4']['total']}, scoped={agg['phase4']['scoped']}, alias={agg['phase4']['alias']}, Opti…
    |

E501 Line too long (160 > 100)
   --> scripts/archive/spike_c11b_typed_dispatch.py:630:101
    |
628 | …ption A={agg['phase2']['a']}, Option B={agg['phase2']['b']}")
629 | …ption A={agg['phase3']['a']}, Option B={agg['phase3']['b']}")
630 | …coped={agg['phase4']['scoped']}, alias={agg['phase4']['alias']}, Option B={agg['phase4']['b']}")
    |                                      ^^^^^^^^^^^^^^^^^^^^^^^^^^^^^^^^^^^^^^^^^^^^^^^^^^^^^^^^^^^^
631 | …
632 | …
    |

E501 Line too long (126 > 100)
   --> scripts/archive/spike_c11b_typed_dispatch.py:635:101
    |
633 |     p2_a_pass = agg["phase2"]["a"] == agg["phase2"]["total"]
634 |     p3_b_pass = agg["phase3"]["b"] == agg["phase3"]["total"]
635 |     p4_needs_helper = agg["phase4"]["total"] > 0 and agg["phase4"]["scoped"] + agg["phase4"]["alias"] < agg["phase4"]["total"]
    |                                                                                                     ^^^^^^^^^^^^^^^^^^^^^^^^^^
636 |
637 |     print(f"\n  RECOMMENDATION:")
    |

F541 [*] f-string without any placeholders
   --> scripts/archive/spike_c11b_typed_dispatch.py:637:11
    |
635 |     p4_needs_helper = agg["phase4"]["total"] > 0 and agg["phase4"]["scoped"] + agg["phase4"]["alias"] < agg["phase4"]["total"]
636 |
637 |     print(f"\n  RECOMMENDATION:")
    |           ^^^^^^^^^^^^^^^^^^^^^^
638 |     if p2_a_pass:
639 |         print(f"    Phase 2: Option A (scoped_lookup) — ALL {agg['phase2']['total']} CHAIN aliases work")
    |
help: Remove extraneous `f` prefix
    |
636 |
    -     print(f"\n  RECOMMENDATION:")
637 +     print("\n  RECOMMENDATION:")
638 |     if p2_a_pass:
    |

E501 Line too long (105 > 100)
   --> scripts/archive/spike_c11b_typed_dispatch.py:639:101
    |
637 |     print(f"\n  RECOMMENDATION:")
638 |     if p2_a_pass:
639 |         print(f"    Phase 2: Option A (scoped_lookup) — ALL {agg['phase2']['total']} CHAIN aliases work")
    |                                                                                                     ^^^^^
640 |     else:
641 |         print(f"    Phase 2: Option B needed — {agg['phase2']['total'] - agg['phase2']['a']} scoped_lookup failures")
    |

E501 Line too long (117 > 100)
   --> scripts/archive/spike_c11b_typed_dispatch.py:641:101
    |
639 |         print(f"    Phase 2: Option A (scoped_lookup) — ALL {agg['phase2']['total']} CHAIN aliases work")
640 |     else:
641 |         print(f"    Phase 2: Option B needed — {agg['phase2']['total'] - agg['phase2']['a']} scoped_lookup failures")
    |                                                                                                     ^^^^^^^^^^^^^^^^^
642 |
643 |     if agg["phase3"]["total"] == 0:
    |

F541 [*] f-string without any placeholders
   --> scripts/archive/spike_c11b_typed_dispatch.py:644:15
    |
643 |     if agg["phase3"]["total"] == 0:
644 |         print(f"    Phase 3: No EXPOSE_PURE aliases to migrate")
    |               ^^^^^^^^^^^^^^^^^^^^^^^^^^^^^^^^^^^^^^^^^^^^^^^^^
645 |     elif p3_b_pass:
646 |         if agg["phase3"]["a"] == agg["phase3"]["total"]:
    |
help: Remove extraneous `f` prefix
    |
643 |     if agg["phase3"]["total"] == 0:
    -         print(f"    Phase 3: No EXPOSE_PURE aliases to migrate")
644 +         print("    Phase 3: No EXPOSE_PURE aliases to migrate")
645 |     elif p3_b_pass:
    |

F541 [*] f-string without any placeholders
   --> scripts/archive/spike_c11b_typed_dispatch.py:647:19
    |
645 |     elif p3_b_pass:
646 |         if agg["phase3"]["a"] == agg["phase3"]["total"]:
647 |             print(f"    Phase 3: Option A (scoped_lookup) works for all")
    |                   ^^^^^^^^^^^^^^^^^^^^^^^^^^^^^^^^^^^^^^^^^^^^^^^^^^^^^^
648 |         else:
649 |             print(f"    Phase 3: Option B (instance_attr helper) — needed for {agg['phase3']['total'] - agg['phase3']['a']} aliases")
    |
help: Remove extraneous `f` prefix
    |
646 |         if agg["phase3"]["a"] == agg["phase3"]["total"]:
    -             print(f"    Phase 3: Option A (scoped_lookup) works for all")
647 +             print("    Phase 3: Option A (scoped_lookup) works for all")
648 |         else:
    |

E501 Line too long (133 > 100)
   --> scripts/archive/spike_c11b_typed_dispatch.py:649:101
    |
647 |             print(f"    Phase 3: Option A (scoped_lookup) works for all")
648 |         else:
649 |             print(f"    Phase 3: Option B (instance_attr helper) — needed for {agg['phase3']['total'] - agg['phase3']['a']} aliases")
    |                                                                                                     ^^^^^^^^^^^^^^^^^^^^^^^^^^^^^^^^^
650 |     else:
651 |         print(f"    Phase 3: NEITHER A NOR B covers all — investigate further")
    |

F541 [*] f-string without any placeholders
   --> scripts/archive/spike_c11b_typed_dispatch.py:651:15
    |
649 |             print(f"    Phase 3: Option B (instance_attr helper) — needed for {agg['phase3']['total'] - agg['phase3']['a']} aliases")
650 |     else:
651 |         print(f"    Phase 3: NEITHER A NOR B covers all — investigate further")
    |               ^^^^^^^^^^^^^^^^^^^^^^^^^^^^^^^^^^^^^^^^^^^^^^^^^^^^^^^^^^^^^^^^
652 |
653 |     if agg["phase4"]["total"] == 0:
    |
help: Remove extraneous `f` prefix
    |
650 |     else:
    -         print(f"    Phase 3: NEITHER A NOR B covers all — investigate further")
651 +         print("    Phase 3: NEITHER A NOR B covers all — investigate further")
652 |
    |

F541 [*] f-string without any placeholders
   --> scripts/archive/spike_c11b_typed_dispatch.py:654:15
    |
653 |     if agg["phase4"]["total"] == 0:
654 |         print(f"    Phase 4: No transitive aliases to migrate")
    |               ^^^^^^^^^^^^^^^^^^^^^^^^^^^^^^^^^^^^^^^^^^^^^^^^
655 |     elif not p4_needs_helper:
656 |         print(f"    Phase 4: scoped+alias covers all {agg['phase4']['total']} — no helper needed")
    |
help: Remove extraneous `f` prefix
    |
653 |     if agg["phase4"]["total"] == 0:
    -         print(f"    Phase 4: No transitive aliases to migrate")
654 +         print("    Phase 4: No transitive aliases to migrate")
655 |     elif not p4_needs_helper:
    |

F841 Local variable `q3_results` is assigned to but never used
   --> scripts/archive/spike_c11b_typed_dispatch.py:724:5
    |
722 |     q1_ok = question_1()
723 |     q2_ok = question_2()
724 |     q3_results = question_3()
    |     ^^^^^^^^^^
725 |     q4_results = question_4()
726 |     q5_ok = question_5()
    |
help: Remove assignment to unused variable `q3_results`

F841 Local variable `q4_results` is assigned to but never used
   --> scripts/archive/spike_c11b_typed_dispatch.py:725:5
    |
723 |     q2_ok = question_2()
724 |     q3_results = question_3()
725 |     q4_results = question_4()
    |     ^^^^^^^^^^
726 |     q5_ok = question_5()
727 |     q6_summary = question_6()
    |
help: Remove assignment to unused variable `q4_results`

F841 Local variable `q6_summary` is assigned to but never used
   --> scripts/archive/spike_c11b_typed_dispatch.py:727:5
    |
725 |     q4_results = question_4()
726 |     q5_ok = question_5()
727 |     q6_summary = question_6()
    |     ^^^^^^^^^^
728 |     bonus_catf_detail()
    |
help: Remove assignment to unused variable `q6_summary`

F541 [*] f-string without any placeholders
   --> scripts/archive/spike_c11b_typed_dispatch.py:735:11
    |
733 |     print(f"  Q1 (catf_mfe alias collision): {'PASS' if q1_ok else 'FAIL'}")
734 |     print(f"  Q2 (Phase 2 scoped_lookup): {'PASS' if q2_ok else 'FAIL'}")
735 |     print(f"  Q3 (Phase 3 EXPOSE_PURE): see detail")
    |           ^^^^^^^^^^^^^^^^^^^^^^^^^^^^^^^^^^^^^^^^^
736 |     print(f"  Q4 (Phase 4 transitive): see detail")
737 |     print(f"  Q5 (REFERENCE full-path): {'PASS' if q5_ok else 'FAIL'}")
    |
help: Remove extraneous `f` prefix
    |
734 |     print(f"  Q2 (Phase 2 scoped_lookup): {'PASS' if q2_ok else 'FAIL'}")
    -     print(f"  Q3 (Phase 3 EXPOSE_PURE): see detail")
735 +     print("  Q3 (Phase 3 EXPOSE_PURE): see detail")
736 |     print(f"  Q4 (Phase 4 transitive): see detail")
    |

F541 [*] f-string without any placeholders
   --> scripts/archive/spike_c11b_typed_dispatch.py:736:11
    |
734 |     print(f"  Q2 (Phase 2 scoped_lookup): {'PASS' if q2_ok else 'FAIL'}")
735 |     print(f"  Q3 (Phase 3 EXPOSE_PURE): see detail")
736 |     print(f"  Q4 (Phase 4 transitive): see detail")
    |           ^^^^^^^^^^^^^^^^^^^^^^^^^^^^^^^^^^^^^^^^
737 |     print(f"  Q5 (REFERENCE full-path): {'PASS' if q5_ok else 'FAIL'}")
738 |     print(f"  Q6 (D1 option evaluation): see detail")
    |
help: Remove extraneous `f` prefix
    |
735 |     print(f"  Q3 (Phase 3 EXPOSE_PURE): see detail")
    -     print(f"  Q4 (Phase 4 transitive): see detail")
736 +     print("  Q4 (Phase 4 transitive): see detail")
737 |     print(f"  Q5 (REFERENCE full-path): {'PASS' if q5_ok else 'FAIL'}")
    |

F541 [*] f-string without any placeholders
   --> scripts/archive/spike_c11b_typed_dispatch.py:738:11
    |
736 |     print(f"  Q4 (Phase 4 transitive): see detail")
737 |     print(f"  Q5 (REFERENCE full-path): {'PASS' if q5_ok else 'FAIL'}")
738 |     print(f"  Q6 (D1 option evaluation): see detail")
    |           ^^^^^^^^^^^^^^^^^^^^^^^^^^^^^^^^^^^^^^^^^^
help: Remove extraneous `f` prefix
    |
737 |     print(f"  Q5 (REFERENCE full-path): {'PASS' if q5_ok else 'FAIL'}")
    -     print(f"  Q6 (D1 option evaluation): see detail")
738 +     print("  Q6 (D1 option evaluation): see detail")
739 |
    |

F401 [*] `collections.defaultdict` imported but unused
  --> scripts/archive/spike_c12_input_resolver.py:19:34
   |
18 | import sys
19 | from collections import Counter, defaultdict
   |                                  ^^^^^^^^^^^
20 | from pathlib import Path
   |
help: Remove unused import: `collections.defaultdict`
   |
18 | import sys
   - from collections import Counter, defaultdict
19 + from collections import Counter
20 | from pathlib import Path
   |

E402 Module level import not at top of file
  --> scripts/archive/spike_c12_input_resolver.py:27:1
   |
25 | sys.path.insert(0, str(_proj_root))
26 |
27 | from sysml_codegen.analysis.dependency_backtracker import DependencyBacktracker
   | ^^^^^^^^^^^^^^^^^^^^^^^^^^^^^^^^^^^^^^^^^^^^^^^^^^^^^^^^^^^^^^^^^^^^^^^^^^^^^^^
28 | from sysml_codegen.core.identifier_types import (
29 |     CanonicalChannel,
   |
help: Move module level imports to top of file

I001 [*] Import block is un-sorted or un-formatted
  --> scripts/archive/spike_c12_input_resolver.py:27:1
   |
25 |   sys.path.insert(0, str(_proj_root))
26 |
27 | / from sysml_codegen.analysis.dependency_backtracker import DependencyBacktracker
28 | | from sysml_codegen.core.identifier_types import (
29 | |     CanonicalChannel,
30 | |     ScopedKey,
31 | |     SysMLQN,
32 | | )
33 | | from sysml_codegen.core.qualified_names import (
34 | |     get_channel_name,
35 | |     sanitize_name,
36 | | )
37 | | from sysml_codegen.extraction.data_models import (
38 | |     RedefinitionData,
39 | |     RedefinitionType,
40 | |     ScopedAggregationData,
41 | | )
42 | | from sysml_codegen.orchestration.output_registry_builder import build_output_registry
43 | | from sysml_codegen.snapshot import load_extraction_snapshot
44 | | from tests.conftest import snapshot_fixture
   | |___________________________________________^
45 |
46 |   # Models with aggregation expressions
   |
help: Organize imports
   |
27 | from sysml_codegen.analysis.dependency_backtracker import DependencyBacktracker
28 + from sysml_codegen.orchestration.output_registry_builder import build_output_registry
29 +
30 | from sysml_codegen.core.identifier_types import (
--------------------------------------------------------------------------------
43 | )
   - from sysml_codegen.orchestration.output_registry_builder import build_output_registry
44 | from sysml_codegen.snapshot import load_extraction_snapshot
   |

E402 Module level import not at top of file
  --> scripts/archive/spike_c12_input_resolver.py:28:1
   |
27 |   from sysml_codegen.analysis.dependency_backtracker import DependencyBacktracker
28 | / from sysml_codegen.core.identifier_types import (
29 | |     CanonicalChannel,
30 | |     ScopedKey,
31 | |     SysMLQN,
32 | | )
   | |_^
33 |   from sysml_codegen.core.qualified_names import (
34 |       get_channel_name,
   |
help: Move module level imports to top of file

F401 [*] `sysml_codegen.core.identifier_types.CanonicalChannel` imported but unused
  --> scripts/archive/spike_c12_input_resolver.py:29:5
   |
27 | from sysml_codegen.analysis.dependency_backtracker import DependencyBacktracker
28 | from sysml_codegen.core.identifier_types import (
29 |     CanonicalChannel,
   |     ^^^^^^^^^^^^^^^^
30 |     ScopedKey,
31 |     SysMLQN,
   |
help: Remove unused import
   |
28 | from sysml_codegen.core.identifier_types import (
   -     CanonicalChannel,
29 |     ScopedKey,
   -     SysMLQN,
30 | )
   |

F401 [*] `sysml_codegen.core.identifier_types.SysMLQN` imported but unused
  --> scripts/archive/spike_c12_input_resolver.py:31:5
   |
29 |     CanonicalChannel,
30 |     ScopedKey,
31 |     SysMLQN,
   |     ^^^^^^^
32 | )
33 | from sysml_codegen.core.qualified_names import (
   |
help: Remove unused import
   |
28 | from sysml_codegen.core.identifier_types import (
   -     CanonicalChannel,
29 |     ScopedKey,
   -     SysMLQN,
30 | )
   |

E402 Module level import not at top of file
  --> scripts/archive/spike_c12_input_resolver.py:33:1
   |
31 |       SysMLQN,
32 |   )
33 | / from sysml_codegen.core.qualified_names import (
34 | |     get_channel_name,
35 | |     sanitize_name,
36 | | )
   | |_^
37 |   from sysml_codegen.extraction.data_models import (
38 |       RedefinitionData,
   |
help: Move module level imports to top of file

E402 Module level import not at top of file
  --> scripts/archive/spike_c12_input_resolver.py:37:1
   |
35 |       sanitize_name,
36 |   )
37 | / from sysml_codegen.extraction.data_models import (
38 | |     RedefinitionData,
39 | |     RedefinitionType,
40 | |     ScopedAggregationData,
41 | | )
   | |_^
42 |   from sysml_codegen.orchestration.output_registry_builder import build_output_registry
43 |   from sysml_codegen.snapshot import load_extraction_snapshot
   |
help: Move module level imports to top of file

E402 Module level import not at top of file
  --> scripts/archive/spike_c12_input_resolver.py:42:1
   |
40 |     ScopedAggregationData,
41 | )
42 | from sysml_codegen.orchestration.output_registry_builder import build_output_registry
   | ^^^^^^^^^^^^^^^^^^^^^^^^^^^^^^^^^^^^^^^^^^^^^^^^^^^^^^^^^^^^^^^^^^^^^^^^^^^^^^^^^^^^^
43 | from sysml_codegen.snapshot import load_extraction_snapshot
44 | from tests.conftest import snapshot_fixture
   |
help: Move module level imports to top of file

E402 Module level import not at top of file
  --> scripts/archive/spike_c12_input_resolver.py:43:1
   |
41 | )
42 | from sysml_codegen.orchestration.output_registry_builder import build_output_registry
43 | from sysml_codegen.snapshot import load_extraction_snapshot
   | ^^^^^^^^^^^^^^^^^^^^^^^^^^^^^^^^^^^^^^^^^^^^^^^^^^^^^^^^^^^
44 | from tests.conftest import snapshot_fixture
   |
help: Move module level imports to top of file

E402 Module level import not at top of file
  --> scripts/archive/spike_c12_input_resolver.py:44:1
   |
42 | from sysml_codegen.orchestration.output_registry_builder import build_output_registry
43 | from sysml_codegen.snapshot import load_extraction_snapshot
44 | from tests.conftest import snapshot_fixture
   | ^^^^^^^^^^^^^^^^^^^^^^^^^^^^^^^^^^^^^^^^^^^
45 |
46 | # Models with aggregation expressions
   |
help: Move module level imports to top of file

E501 Line too long (117 > 100)
   --> scripts/archive/spike_c12_input_resolver.py:265:101
    |
263 |                 elif c is not None:
264 |                     winner = "C_WINS"
265 |                 print(f"    [{model_name}] {agg.module_eqn} | ref='{ref}' | {' '.join(status)} | first_hit={winner}")
    |                                                                                                     ^^^^^^^^^^^^^^^^^

E501 Line too long (109 > 100)
   --> scripts/archive/spike_c12_input_resolver.py:304:101
    |
302 |             print(f"  {model}/{eqn}: '{ref}'")
303 |     else:
304 |         print("  CONFIRMED: Zero '::' refs in aggregation terms. Strategy B is zero-exercise for agg scope.")
    |                                                                                                     ^^^^^^^^^

E501 Line too long (118 > 100)
   --> scripts/archive/spike_c12_input_resolver.py:483:101
    |
481 |             parts = usage_qn.split("__")
482 |             scope = ".".join(parts[1:-1]) if len(parts) >= 3 else ""
483 |             print(f"    Backtracker: key='{key}' scope='{scope}' source='{res.source_path}' → '{res.qualified_name}'")
    |                                                                                                     ^^^^^^^^^^^^^^^^^^

E501 Line too long (101 > 100)
   --> scripts/archive/spike_c12_input_resolver.py:531:101
    |
529 |     if self_refs:
530 |         for model, eqn, ref, strategy, channel in self_refs:
531 |             print(f"  [{model}] {eqn}: ref='{ref}' Strategy {strategy} → channel='{channel}' (SELF)")
    |                                                                                                     ^
532 |     else:
533 |         print("  No self-references found in any aggregation resolution.")
    |

F541 [*] f-string without any placeholders
   --> scripts/archive/spike_c12_input_resolver.py:579:11
    |
577 |         stats += model_stats
578 |
579 |     print(f"\n  TOTAL across all models:")
    |           ^^^^^^^^^^^^^^^^^^^^^^^^^^^^^^^
580 |     for k, v in stats.most_common():
581 |         print(f"    {k}: {v}")
    |
help: Remove extraneous `f` prefix
    |
578 |
    -     print(f"\n  TOTAL across all models:")
579 +     print("\n  TOTAL across all models:")
580 |     for k, v in stats.most_common():
    |

E501 Line too long (104 > 100)
   --> scripts/archive/spike_c12_input_resolver.py:590:101
    |
588 |     print(f"  Strategy C resolves {c_hits}/{total} refs ({100*c_hits/total:.0f}%)")
589 |     if stats["both_hit"]:
590 |         print(f"  Both hit same ref: {stats['both_hit']}/{total} — A-first ordering is an optimization")
    |                                                                                                     ^^^^
591 |     if stats["both_miss"]:
592 |         print(f"  Neither resolves: {stats['both_miss']}/{total} — these become entry points")
    |

I001 [*] Import block is un-sorted or un-formatted
  --> scripts/archive/spike_design_attr_defaults.py:25:1
   |
23 |   sys.path.insert(0, str(Path(__file__).resolve().parent))
24 |
25 | / from _helpers import (
26 | |     DEFAULT_SUITES,
27 | |     load_model,
28 | |     print_section,
29 | |     print_subsection,
30 | |     print_table,
31 | | )
32 | | from sysml_codegen.analysis.parameter_groups import (
33 | |     DesignAttributeData,
34 | |     extract_design_attributes,
35 | | )
36 | | from sysml_codegen.extraction.usage_extractor import (
37 | |     CalcUsageData,
38 | |     extract_calculation_usages,
39 | | )
   | |_^
help: Organize imports
   |
35 | )
36 +
37 | from sysml_codegen.extraction.usage_extractor import (
38 |     CalcUsageData,
39 |     extract_calculation_usages,
40 | )
   -
41 |
   |

F401 [*] `sysml_codegen.analysis.parameter_groups.DesignAttributeData` imported but unused
  --> scripts/archive/spike_design_attr_defaults.py:33:5
   |
31 | )
32 | from sysml_codegen.analysis.parameter_groups import (
33 |     DesignAttributeData,
   |     ^^^^^^^^^^^^^^^^^^^
34 |     extract_design_attributes,
35 | )
   |
help: Remove unused import: `sysml_codegen.analysis.parameter_groups.DesignAttributeData`
   |
32 | from sysml_codegen.analysis.parameter_groups import (
   -     DesignAttributeData,
33 |     extract_design_attributes,
   |

F541 [*] f-string without any placeholders
   --> scripts/archive/spike_design_attr_defaults.py:190:11
    |
188 |     # --- Classification distribution ---
189 |     class_counts = Counter(e["classification"] for e in all_classified)
190 |     print(f"\n  CLASSIFICATION DISTRIBUTION:")
    |           ^^^^^^^^^^^^^^^^^^^^^^^^^^^^^^^^^^^
191 |     for cls, count in sorted(class_counts.items()):
192 |         print(f"    {cls}: {count}")
    |
help: Remove extraneous `f` prefix
    |
189 |     class_counts = Counter(e["classification"] for e in all_classified)
    -     print(f"\n  CLASSIFICATION DISTRIBUTION:")
190 +     print("\n  CLASSIFICATION DISTRIBUTION:")
191 |     for cls, count in sorted(class_counts.items()):
    |

F541 [*] f-string without any placeholders
   --> scripts/archive/spike_design_attr_defaults.py:224:23
    |
222 |             if channel:
223 |                 print(f"      output_catalog.get({normalized!r}) = {channel!r}")
224 |                 print(f"      RESOLVES: YES (via :: normalization)")
    |                       ^^^^^^^^^^^^^^^^^^^^^^^^^^^^^^^^^^^^^^^^^^^^^
225 |                 resolved_count += 1
226 |                 continue
    |
help: Remove extraneous `f` prefix
    |
223 |                 print(f"      output_catalog.get({normalized!r}) = {channel!r}")
    -                 print(f"      RESOLVES: YES (via :: normalization)")
224 +                 print("      RESOLVES: YES (via :: normalization)")
225 |                 resolved_count += 1
    |

F541 [*] f-string without any placeholders
   --> scripts/archive/spike_design_attr_defaults.py:231:23
    |
229 |             if channel:
230 |                 print(f"      output_catalog.get({normalized_lower!r}) = {channel!r}")
231 |                 print(f"      RESOLVES: YES (via :: normalization + lowercase)")
    |                       ^^^^^^^^^^^^^^^^^^^^^^^^^^^^^^^^^^^^^^^^^^^^^^^^^^^^^^^^^
232 |                 resolved_count += 1
233 |                 continue
    |
help: Remove extraneous `f` prefix
    |
230 |                 print(f"      output_catalog.get({normalized_lower!r}) = {channel!r}")
    -                 print(f"      RESOLVES: YES (via :: normalization + lowercase)")
231 +                 print("      RESOLVES: YES (via :: normalization + lowercase)")
232 |                 resolved_count += 1
    |

F541 [*] f-string without any placeholders
   --> scripts/archive/spike_design_attr_defaults.py:244:15
    |
242 |                 for k in nearby[:5]:
243 |                     print(f"        {k!r} -> {output_catalog[k]!r}")
244 |         print(f"      RESOLVES: NO")
    |               ^^^^^^^^^^^^^^^^^^^^^
245 |         unresolved_count += 1
    |
help: Remove extraneous `f` prefix
    |
243 |                     print(f"        {k!r} -> {output_catalog[k]!r}")
    -         print(f"      RESOLVES: NO")
244 +         print("      RESOLVES: NO")
245 |         unresolved_count += 1
    |

F541 [*] f-string without any placeholders
   --> scripts/archive/spike_design_attr_defaults.py:276:23
    |
274 |                 print(f"      Matches CalcUsage outputs: {matching_outputs}")
275 |             else:
276 |                 print(f"      Matches CalcUsage outputs: (none)")
    |                       ^^^^^^^^^^^^^^^^^^^^^^^^^^^^^^^^^^^^^^^^^^
277 |
278 |     if not potential_refs and bare_names:
    |
help: Remove extraneous `f` prefix
    |
275 |             else:
    -                 print(f"      Matches CalcUsage outputs: (none)")
276 +                 print("      Matches CalcUsage outputs: (none)")
277 |
    |

F541 [*] f-string without any placeholders
   --> scripts/archive/spike_design_attr_defaults.py:279:15
    |
278 |     if not potential_refs and bare_names:
279 |         print(f"  No STRING_LITERAL defaults look like potential references.")
    |               ^^^^^^^^^^^^^^^^^^^^^^^^^^^^^^^^^^^^^^^^^^^^^^^^^^^^^^^^^^^^^^^
280 |     elif not bare_names:
281 |         print(f"  (no STRING_LITERAL defaults)")
    |
help: Remove extraneous `f` prefix
    |
278 |     if not potential_refs and bare_names:
    -         print(f"  No STRING_LITERAL defaults look like potential references.")
279 +         print("  No STRING_LITERAL defaults look like potential references.")
280 |     elif not bare_names:
    |

F541 [*] f-string without any placeholders
   --> scripts/archive/spike_design_attr_defaults.py:281:15
    |
279 |         print(f"  No STRING_LITERAL defaults look like potential references.")
280 |     elif not bare_names:
281 |         print(f"  (no STRING_LITERAL defaults)")
    |               ^^^^^^^^^^^^^^^^^^^^^^^^^^^^^^^^^
282 |
283 |     return {
    |
help: Remove extraneous `f` prefix
    |
280 |     elif not bare_names:
    -         print(f"  (no STRING_LITERAL defaults)")
281 +         print("  (no STRING_LITERAL defaults)")
282 |
    |

E501 Line too long (113 > 100)
   --> scripts/archive/spike_design_attr_defaults.py:349:101
    |
347 |     total_bare_refs = sum(s["potential_bare_refs"] for s in all_stats)
348 |
349 |     print(f"\n  TRANSITIVE DEFAULTS: {total_path_like} found, {total_resolved} resolve, {total_unresolved} fail")
    |                                                                                                     ^^^^^^^^^^^^^
350 |     print(f"  POTENTIAL BARE-NAME REFERENCES: {total_bare_refs}")
    |

F541 [*] f-string without any placeholders
   --> scripts/archive/spike_design_attr_defaults.py:353:11
    |
352 |     # Verdict
353 |     print(f"\n  VERDICT:")
    |           ^^^^^^^^^^^^^^^
354 |     if total_path_like == 0:
355 |         print(f"    No path-like default_values found in either model.")
    |
help: Remove extraneous `f` prefix
    |
352 |     # Verdict
    -     print(f"\n  VERDICT:")
353 +     print("\n  VERDICT:")
354 |     if total_path_like == 0:
    |

F541 [*] f-string without any placeholders
   --> scripts/archive/spike_design_attr_defaults.py:355:15
    |
353 |     print(f"\n  VERDICT:")
354 |     if total_path_like == 0:
355 |         print(f"    No path-like default_values found in either model.")
    |               ^^^^^^^^^^^^^^^^^^^^^^^^^^^^^^^^^^^^^^^^^^^^^^^^^^^^^^^^^
356 |         print(f"    Phase 4 transitive alias registration MAY BE UNNECESSARY")
357 |         print(f"    (or these models don't exercise that pattern)")
    |
help: Remove extraneous `f` prefix
    |
354 |     if total_path_like == 0:
    -         print(f"    No path-like default_values found in either model.")
355 +         print("    No path-like default_values found in either model.")
356 |         print(f"    Phase 4 transitive alias registration MAY BE UNNECESSARY")
    |

F541 [*] f-string without any placeholders
   --> scripts/archive/spike_design_attr_defaults.py:356:15
    |
354 |     if total_path_like == 0:
355 |         print(f"    No path-like default_values found in either model.")
356 |         print(f"    Phase 4 transitive alias registration MAY BE UNNECESSARY")
    |               ^^^^^^^^^^^^^^^^^^^^^^^^^^^^^^^^^^^^^^^^^^^^^^^^^^^^^^^^^^^^^^^
357 |         print(f"    (or these models don't exercise that pattern)")
358 |     else:
    |
help: Remove extraneous `f` prefix
    |
355 |         print(f"    No path-like default_values found in either model.")
    -         print(f"    Phase 4 transitive alias registration MAY BE UNNECESSARY")
356 +         print("    Phase 4 transitive alias registration MAY BE UNNECESSARY")
357 |         print(f"    (or these models don't exercise that pattern)")
    |

F541 [*] f-string without any placeholders
   --> scripts/archive/spike_design_attr_defaults.py:357:15
    |
355 |         print(f"    No path-like default_values found in either model.")
356 |         print(f"    Phase 4 transitive alias registration MAY BE UNNECESSARY")
357 |         print(f"    (or these models don't exercise that pattern)")
    |               ^^^^^^^^^^^^^^^^^^^^^^^^^^^^^^^^^^^^^^^^^^^^^^^^^^^^
358 |     else:
359 |         if total_resolved == total_path_like:
    |
help: Remove extraneous `f` prefix
    |
356 |         print(f"    Phase 4 transitive alias registration MAY BE UNNECESSARY")
    -         print(f"    (or these models don't exercise that pattern)")
357 +         print("    (or these models don't exercise that pattern)")
358 |     else:
    |

F541 [*] f-string without any placeholders
   --> scripts/archive/spike_design_attr_defaults.py:361:19
    |
359 |         if total_resolved == total_path_like:
360 |             print(f"    All {total_path_like} path-like defaults resolve successfully")
361 |             print(f"    Phase 4 transitive alias registration WORKS with actual data")
    |                   ^^^^^^^^^^^^^^^^^^^^^^^^^^^^^^^^^^^^^^^^^^^^^^^^^^^^^^^^^^^^^^^^^^^
362 |         else:
363 |             print(f"    {total_unresolved}/{total_path_like} path-like defaults FAIL to resolve")
    |
help: Remove extraneous `f` prefix
    |
360 |             print(f"    All {total_path_like} path-like defaults resolve successfully")
    -             print(f"    Phase 4 transitive alias registration WORKS with actual data")
361 +             print("    Phase 4 transitive alias registration WORKS with actual data")
362 |         else:
    |

F541 [*] f-string without any placeholders
   --> scripts/archive/spike_design_attr_defaults.py:364:19
    |
362 |         else:
363 |             print(f"    {total_unresolved}/{total_path_like} path-like defaults FAIL to resolve")
364 |             print(f"    Phase 4 needs investigation for unresolved cases")
    |                   ^^^^^^^^^^^^^^^^^^^^^^^^^^^^^^^^^^^^^^^^^^^^^^^^^^^^^^^
365 |
366 |     print(f"\n  PROPOSED FILTER for Phase 4:")
    |
help: Remove extraneous `f` prefix
    |
363 |             print(f"    {total_unresolved}/{total_path_like} path-like defaults FAIL to resolve")
    -             print(f"    Phase 4 needs investigation for unresolved cases")
364 +             print("    Phase 4 needs investigation for unresolved cases")
365 |
    |

F541 [*] f-string without any placeholders
   --> scripts/archive/spike_design_attr_defaults.py:366:11
    |
364 |             print(f"    Phase 4 needs investigation for unresolved cases")
365 |
366 |     print(f"\n  PROPOSED FILTER for Phase 4:")
    |           ^^^^^^^^^^^^^^^^^^^^^^^^^^^^^^^^^^^
367 |     print(f"    def _is_transitive_default(attr: DesignAttributeData) -> bool:")
368 |     print(f"        if attr.default_value is None: return False")
    |
help: Remove extraneous `f` prefix
    |
365 |
    -     print(f"\n  PROPOSED FILTER for Phase 4:")
366 +     print("\n  PROPOSED FILTER for Phase 4:")
367 |     print(f"    def _is_transitive_default(attr: DesignAttributeData) -> bool:")
    |

F541 [*] f-string without any placeholders
   --> scripts/archive/spike_design_attr_defaults.py:367:11
    |
366 |     print(f"\n  PROPOSED FILTER for Phase 4:")
367 |     print(f"    def _is_transitive_default(attr: DesignAttributeData) -> bool:")
    |           ^^^^^^^^^^^^^^^^^^^^^^^^^^^^^^^^^^^^^^^^^^^^^^^^^^^^^^^^^^^^^^^^^^^^^
368 |     print(f"        if attr.default_value is None: return False")
369 |     print(f"        if '.' not in attr.default_value: return False")
    |
help: Remove extraneous `f` prefix
    |
366 |     print(f"\n  PROPOSED FILTER for Phase 4:")
    -     print(f"    def _is_transitive_default(attr: DesignAttributeData) -> bool:")
367 +     print("    def _is_transitive_default(attr: DesignAttributeData) -> bool:")
368 |     print(f"        if attr.default_value is None: return False")
    |

F541 [*] f-string without any placeholders
   --> scripts/archive/spike_design_attr_defaults.py:368:11
    |
366 |     print(f"\n  PROPOSED FILTER for Phase 4:")
367 |     print(f"    def _is_transitive_default(attr: DesignAttributeData) -> bool:")
368 |     print(f"        if attr.default_value is None: return False")
    |           ^^^^^^^^^^^^^^^^^^^^^^^^^^^^^^^^^^^^^^^^^^^^^^^^^^^^^^
369 |     print(f"        if '.' not in attr.default_value: return False")
370 |     print(f"        try: float(attr.default_value); return False")
    |
help: Remove extraneous `f` prefix
    |
367 |     print(f"    def _is_transitive_default(attr: DesignAttributeData) -> bool:")
    -     print(f"        if attr.default_value is None: return False")
368 +     print("        if attr.default_value is None: return False")
369 |     print(f"        if '.' not in attr.default_value: return False")
    |

F541 [*] f-string without any placeholders
   --> scripts/archive/spike_design_attr_defaults.py:369:11
    |
367 |     print(f"    def _is_transitive_default(attr: DesignAttributeData) -> bool:")
368 |     print(f"        if attr.default_value is None: return False")
369 |     print(f"        if '.' not in attr.default_value: return False")
    |           ^^^^^^^^^^^^^^^^^^^^^^^^^^^^^^^^^^^^^^^^^^^^^^^^^^^^^^^^^
370 |     print(f"        try: float(attr.default_value); return False")
371 |     print(f"        except ValueError: pass")
    |
help: Remove extraneous `f` prefix
    |
368 |     print(f"        if attr.default_value is None: return False")
    -     print(f"        if '.' not in attr.default_value: return False")
369 +     print("        if '.' not in attr.default_value: return False")
370 |     print(f"        try: float(attr.default_value); return False")
    |

F541 [*] f-string without any placeholders
   --> scripts/archive/spike_design_attr_defaults.py:370:11
    |
368 |     print(f"        if attr.default_value is None: return False")
369 |     print(f"        if '.' not in attr.default_value: return False")
370 |     print(f"        try: float(attr.default_value); return False")
    |           ^^^^^^^^^^^^^^^^^^^^^^^^^^^^^^^^^^^^^^^^^^^^^^^^^^^^^^^
371 |     print(f"        except ValueError: pass")
372 |     print(f"        if attr.default_value.lower() in ('true', 'false'): return False")
    |
help: Remove extraneous `f` prefix
    |
369 |     print(f"        if '.' not in attr.default_value: return False")
    -     print(f"        try: float(attr.default_value); return False")
370 +     print("        try: float(attr.default_value); return False")
371 |     print(f"        except ValueError: pass")
    |

F541 [*] f-string without any placeholders
   --> scripts/archive/spike_design_attr_defaults.py:371:11
    |
369 |     print(f"        if '.' not in attr.default_value: return False")
370 |     print(f"        try: float(attr.default_value); return False")
371 |     print(f"        except ValueError: pass")
    |           ^^^^^^^^^^^^^^^^^^^^^^^^^^^^^^^^^^
372 |     print(f"        if attr.default_value.lower() in ('true', 'false'): return False")
373 |     print(f"        return True")
    |
help: Remove extraneous `f` prefix
    |
370 |     print(f"        try: float(attr.default_value); return False")
    -     print(f"        except ValueError: pass")
371 +     print("        except ValueError: pass")
372 |     print(f"        if attr.default_value.lower() in ('true', 'false'): return False")
    |

F541 [*] f-string without any placeholders
   --> scripts/archive/spike_design_attr_defaults.py:372:11
    |
370 |     print(f"        try: float(attr.default_value); return False")
371 |     print(f"        except ValueError: pass")
372 |     print(f"        if attr.default_value.lower() in ('true', 'false'): return False")
    |           ^^^^^^^^^^^^^^^^^^^^^^^^^^^^^^^^^^^^^^^^^^^^^^^^^^^^^^^^^^^^^^^^^^^^^^^^^^^
373 |     print(f"        return True")
    |
help: Remove extraneous `f` prefix
    |
371 |     print(f"        except ValueError: pass")
    -     print(f"        if attr.default_value.lower() in ('true', 'false'): return False")
372 +     print("        if attr.default_value.lower() in ('true', 'false'): return False")
373 |     print(f"        return True")
    |

F541 [*] f-string without any placeholders
   --> scripts/archive/spike_design_attr_defaults.py:373:11
    |
371 |     print(f"        except ValueError: pass")
372 |     print(f"        if attr.default_value.lower() in ('true', 'false'): return False")
373 |     print(f"        return True")
    |           ^^^^^^^^^^^^^^^^^^^^^^
help: Remove extraneous `f` prefix
    |
372 |     print(f"        if attr.default_value.lower() in ('true', 'false'): return False")
    -     print(f"        return True")
373 +     print("        return True")
374 |
    |

I001 [*] Import block is un-sorted or un-formatted
  --> scripts/archive/spike_expose_pure_chain.py:23:1
   |
21 |   sys.path.insert(0, str(Path(__file__).resolve().parent))
22 |
23 | / from _helpers import (
24 | |     DEFAULT_SUITES,
25 | |     load_model,
26 | |     print_section,
27 | |     print_subsection,
28 | |     print_table,
29 | |     safe_attr,
30 | | )
31 | | from sysml_codegen.extraction.usage_extractor import (
32 | |     CalcUsageData,
33 | |     extract_calculation_usages,
34 | | )
35 | | from sysml_codegen.extraction.data_models import (
36 | |     ComputedAttributeClassification,
37 | |     ComputedAttributeData,
38 | | )
39 | | from sysml_codegen.analysis.parameter_groups import (
40 | |     DesignAttributeData,
41 | |     extract_design_attributes,
42 | | )
43 | | from sysml_codegen.orchestration.pipeline_builder import (
44 | |     _extract_and_filter_computed_attributes,
45 | | )
46 | | from agentic_mbse.sysml.types import BindingType
   | |________________________________________________^
help: Organize imports
   |
30 | )
   - from sysml_codegen.extraction.usage_extractor import (
   -     CalcUsageData,
   -     extract_calculation_usages,
   - )
   - from sysml_codegen.extraction.data_models import (
   -     ComputedAttributeClassification,
   -     ComputedAttributeData,
   - )
31 + from agentic_mbse.sysml.types import BindingType
32 | from sysml_codegen.analysis.parameter_groups import (
--------------------------------------------------------------------------------
38 | )
   - from agentic_mbse.sysml.types import BindingType
39 |
40 + from sysml_codegen.extraction.data_models import (
41 +     ComputedAttributeClassification,
42 +     ComputedAttributeData,
43 + )
44 + from sysml_codegen.extraction.usage_extractor import (
45 +     CalcUsageData,
46 +     extract_calculation_usages,
47 + )
48 |
   |

F401 [*] `_helpers.print_table` imported but unused
  --> scripts/archive/spike_expose_pure_chain.py:28:5
   |
26 |     print_section,
27 |     print_subsection,
28 |     print_table,
   |     ^^^^^^^^^^^
29 |     safe_attr,
30 | )
   |
help: Remove unused import
   |
27 |     print_subsection,
   -     print_table,
   -     safe_attr,
28 | )
   |

F401 [*] `_helpers.safe_attr` imported but unused
  --> scripts/archive/spike_expose_pure_chain.py:29:5
   |
27 |     print_subsection,
28 |     print_table,
29 |     safe_attr,
   |     ^^^^^^^^^
30 | )
31 | from sysml_codegen.extraction.usage_extractor import (
   |
help: Remove unused import
   |
27 |     print_subsection,
   -     print_table,
   -     safe_attr,
28 | )
   |

F401 [*] `agentic_mbse.sysml.types.BindingType` imported but unused
  --> scripts/archive/spike_expose_pure_chain.py:46:38
   |
44 |     _extract_and_filter_computed_attributes,
45 | )
46 | from agentic_mbse.sysml.types import BindingType
   |                                      ^^^^^^^^^^^
help: Remove unused import: `agentic_mbse.sysml.types.BindingType`
   |
45 | )
   - from agentic_mbse.sysml.types import BindingType
46 |
   |

E501 Line too long (120 > 100)
   --> scripts/archive/spike_expose_pure_chain.py:122:101
    |
120 |             channel = f"{usage.instance_name}__{attr.name}"
121 |             # Short key
122 |             short_inst = usage.instance_name.rsplit("__", 1)[-1] if "__" in usage.instance_name else usage.instance_name
    |                                                                                                     ^^^^^^^^^^^^^^^^^^^^
123 |             short_key = f"{short_inst}.{attr.name}"
124 |             full_key = f"{usage.instance_name}.{attr.name}"
    |

F541 [*] f-string without any placeholders
   --> scripts/archive/spike_expose_pure_chain.py:165:11
    |
164 |     # Step A: The binding itself
165 |     print(f"\n    Step A: Binding")
    |           ^^^^^^^^^^^^^^^^^^^^^^^^
166 |     print(f"      param_name: {binding.param_name}")
167 |     print(f"      binding_type: {binding.binding_type.name}")
    |
help: Remove extraneous `f` prefix
    |
164 |     # Step A: The binding itself
    -     print(f"\n    Step A: Binding")
165 +     print("\n    Step A: Binding")
166 |     print(f"      param_name: {binding.param_name}")
    |

F541 [*] f-string without any placeholders
   --> scripts/archive/spike_expose_pure_chain.py:175:11
    |
174 |     # Step B: Computed attribute index lookup
175 |     print(f"\n    Step B: Computed Attribute Index Lookup")
    |           ^^^^^^^^^^^^^^^^^^^^^^^^^^^^^^^^^^^^^^^^^^^^^^^^
176 |     ca = computed_attr_index.get(source_path)
177 |     # Also try dotted normalization from SysML QN
    |
help: Remove extraneous `f` prefix
    |
174 |     # Step B: Computed attribute index lookup
    -     print(f"\n    Step B: Computed Attribute Index Lookup")
175 +     print("\n    Step B: Computed Attribute Index Lookup")
176 |     ca = computed_attr_index.get(source_path)
    |

F541 [*] f-string without any placeholders
   --> scripts/archive/spike_expose_pure_chain.py:186:23
    |
184 |             ca_via_dotted = computed_attr_index.get(dotted)
185 |             if ca_via_dotted:
186 |                 print(f"      source_path not in index directly")
    |                       ^^^^^^^^^^^^^^^^^^^^^^^^^^^^^^^^^^^^^^^^^^
187 |                 print(f"      :: normalized to: {dotted!r}")
188 |                 ca = ca_via_dotted
    |
help: Remove extraneous `f` prefix
    |
185 |             if ca_via_dotted:
    -                 print(f"      source_path not in index directly")
186 +                 print("      source_path not in index directly")
187 |                 print(f"      :: normalized to: {dotted!r}")
    |

F541 [*] f-string without any placeholders
   --> scripts/archive/spike_expose_pure_chain.py:196:15
    |
195 |     if ca is not None:
196 |         print(f"      FOUND in computed_attr_index: YES")
    |               ^^^^^^^^^^^^^^^^^^^^^^^^^^^^^^^^^^^^^^^^^^
197 |         print(f"      classification: {ca.classification.value}")
198 |         print(f"      expression_text: {ca.expression_text!r}")
    |
help: Remove extraneous `f` prefix
    |
195 |     if ca is not None:
    -         print(f"      FOUND in computed_attr_index: YES")
196 +         print("      FOUND in computed_attr_index: YES")
197 |         print(f"      classification: {ca.classification.value}")
    |

F541 [*] f-string without any placeholders
   --> scripts/archive/spike_expose_pure_chain.py:204:15
    |
202 |                 print(f"      reference: name={ref.name!r} qualified={ref.qualified_name!r}")
203 |     else:
204 |         print(f"      FOUND in computed_attr_index: NO")
    |               ^^^^^^^^^^^^^^^^^^^^^^^^^^^^^^^^^^^^^^^^^
205 |         print(f"      Tried keys: {source_path!r}")
206 |         if "::" in source_path:
    |
help: Remove extraneous `f` prefix
    |
203 |     else:
    -         print(f"      FOUND in computed_attr_index: NO")
204 +         print("      FOUND in computed_attr_index: NO")
205 |         print(f"      Tried keys: {source_path!r}")
    |

F541 [*] f-string without any placeholders
   --> scripts/archive/spike_expose_pure_chain.py:212:11
    |
211 |     # Step C: EXPOSE_PURE target
212 |     print(f"\n    Step C: EXPOSE_PURE Target")
    |           ^^^^^^^^^^^^^^^^^^^^^^^^^^^^^^^^^^^
213 |     if ca is not None and ca.classification == ComputedAttributeClassification.EXPOSE_PURE:
214 |         print(f"      IS EXPOSE_PURE: YES")
    |
help: Remove extraneous `f` prefix
    |
211 |     # Step C: EXPOSE_PURE target
    -     print(f"\n    Step C: EXPOSE_PURE Target")
212 +     print("\n    Step C: EXPOSE_PURE Target")
213 |     if ca is not None and ca.classification == ComputedAttributeClassification.EXPOSE_PURE:
    |

F541 [*] f-string without any placeholders
   --> scripts/archive/spike_expose_pure_chain.py:214:15
    |
212 |     print(f"\n    Step C: EXPOSE_PURE Target")
213 |     if ca is not None and ca.classification == ComputedAttributeClassification.EXPOSE_PURE:
214 |         print(f"      IS EXPOSE_PURE: YES")
    |               ^^^^^^^^^^^^^^^^^^^^^^^^^^^^
215 |         print(f"      canonical_target: {ca.expression_text!r}")
216 |     elif ca is not None:
    |
help: Remove extraneous `f` prefix
    |
213 |     if ca is not None and ca.classification == ComputedAttributeClassification.EXPOSE_PURE:
    -         print(f"      IS EXPOSE_PURE: YES")
214 +         print("      IS EXPOSE_PURE: YES")
215 |         print(f"      canonical_target: {ca.expression_text!r}")
    |

F541 [*] f-string without any placeholders
   --> scripts/archive/spike_expose_pure_chain.py:220:15
    |
218 |         print(f"      expression_text: {ca.expression_text!r}")
219 |     else:
220 |         print(f"      N/A (not in computed_attr_index)")
    |               ^^^^^^^^^^^^^^^^^^^^^^^^^^^^^^^^^^^^^^^^^
221 |
222 |     # Step D: Design attribute binding index lookup
    |
help: Remove extraneous `f` prefix
    |
219 |     else:
    -         print(f"      N/A (not in computed_attr_index)")
220 +         print("      N/A (not in computed_attr_index)")
221 |
    |

F541 [*] f-string without any placeholders
   --> scripts/archive/spike_expose_pure_chain.py:223:11
    |
222 |     # Step D: Design attribute binding index lookup
223 |     print(f"\n    Step D: Design Attribute Binding Index")
    |           ^^^^^^^^^^^^^^^^^^^^^^^^^^^^^^^^^^^^^^^^^^^^^^^
224 |     # Try several key formats
225 |     da_keys_tried = []
    |
help: Remove extraneous `f` prefix
    |
222 |     # Step D: Design attribute binding index lookup
    -     print(f"\n    Step D: Design Attribute Binding Index")
223 +     print("\n    Step D: Design Attribute Binding Index")
224 |     # Try several key formats
    |

F541 [*] f-string without any placeholders
   --> scripts/archive/spike_expose_pure_chain.py:242:15
    |
241 |     if da_target is not None:
242 |         print(f"      FOUND: YES")
    |               ^^^^^^^^^^^^^^^^^^^
243 |         print(f"      key: {da_keys_tried[-1]!r}")
244 |         print(f"      target: {da_target!r}")
    |
help: Remove extraneous `f` prefix
    |
241 |     if da_target is not None:
    -         print(f"      FOUND: YES")
242 +         print("      FOUND: YES")
243 |         print(f"      key: {da_keys_tried[-1]!r}")
    |

F541 [*] f-string without any placeholders
   --> scripts/archive/spike_expose_pure_chain.py:246:15
    |
244 |         print(f"      target: {da_target!r}")
245 |     else:
246 |         print(f"      FOUND: NO")
    |               ^^^^^^^^^^^^^^^^^^
247 |         print(f"      keys tried: {da_keys_tried}")
    |
help: Remove extraneous `f` prefix
    |
245 |     else:
    -         print(f"      FOUND: NO")
246 +         print("      FOUND: NO")
247 |         print(f"      keys tried: {da_keys_tried}")
    |

F541 [*] f-string without any placeholders
   --> scripts/archive/spike_expose_pure_chain.py:250:11
    |
249 |     # Step E: CalcUsage output resolution
250 |     print(f"\n    Step E: CalcUsage Output Resolution")
    |           ^^^^^^^^^^^^^^^^^^^^^^^^^^^^^^^^^^^^^^^^^^^^
251 |     resolve_target = None
252 |     if ca is not None and ca.classification == ComputedAttributeClassification.EXPOSE_PURE:
    |
help: Remove extraneous `f` prefix
    |
249 |     # Step E: CalcUsage output resolution
    -     print(f"\n    Step E: CalcUsage Output Resolution")
250 +     print("\n    Step E: CalcUsage Output Resolution")
251 |     resolve_target = None
    |

E501 Line too long (107 > 100)
   --> scripts/archive/spike_expose_pure_chain.py:274:101
    |
272 |                 # Check output catalog
273 |                 if resolve_target in output_catalog:
274 |                     print(f"      output_catalog[{resolve_target!r}] = {output_catalog[resolve_target]!r}")
    |                                                                                                     ^^^^^^^
275 |                     print(f"      RESOLUTION: SUCCESS")
276 |                 else:
    |

F541 [*] f-string without any placeholders
   --> scripts/archive/spike_expose_pure_chain.py:275:27
    |
273 |                 if resolve_target in output_catalog:
274 |                     print(f"      output_catalog[{resolve_target!r}] = {output_catalog[resolve_target]!r}")
275 |                     print(f"      RESOLUTION: SUCCESS")
    |                           ^^^^^^^^^^^^^^^^^^^^^^^^^^^^
276 |                 else:
277 |                     print(f"      output_catalog[{resolve_target!r}] = NOT FOUND")
    |
help: Remove extraneous `f` prefix
    |
274 |                     print(f"      output_catalog[{resolve_target!r}] = {output_catalog[resolve_target]!r}")
    -                     print(f"      RESOLUTION: SUCCESS")
275 +                     print("      RESOLUTION: SUCCESS")
276 |                 else:
    |

F541 [*] f-string without any placeholders
   --> scripts/archive/spike_expose_pure_chain.py:282:31
    |
280 |                     if full_key in output_catalog:
281 |                         print(f"      output_catalog[{full_key!r}] = {output_catalog[full_key]!r}")
282 |                         print(f"      RESOLUTION: REQUIRES FULL KEY (short key failed)")
    |                               ^^^^^^^^^^^^^^^^^^^^^^^^^^^^^^^^^^^^^^^^^^^^^^^^^^^^^^^^^
283 |                     else:
284 |                         print(f"      output_catalog[{full_key!r}] = NOT FOUND")
    |
help: Remove extraneous `f` prefix
    |
281 |                         print(f"      output_catalog[{full_key!r}] = {output_catalog[full_key]!r}")
    -                         print(f"      RESOLUTION: REQUIRES FULL KEY (short key failed)")
282 +                         print("      RESOLUTION: REQUIRES FULL KEY (short key failed)")
283 |                     else:
    |

F541 [*] f-string without any placeholders
   --> scripts/archive/spike_expose_pure_chain.py:285:31
    |
283 |                     else:
284 |                         print(f"      output_catalog[{full_key!r}] = NOT FOUND")
285 |                         print(f"      RESOLUTION: FAILURE -- key format mismatch")
    |                               ^^^^^^^^^^^^^^^^^^^^^^^^^^^^^^^^^^^^^^^^^^^^^^^^^^^
286 |             else:
287 |                 print(f"      No CalcUsage found with instance segment {inst_seg!r}")
    |
help: Remove extraneous `f` prefix
    |
284 |                         print(f"      output_catalog[{full_key!r}] = NOT FOUND")
    -                         print(f"      RESOLUTION: FAILURE -- key format mismatch")
285 +                         print("      RESOLUTION: FAILURE -- key format mismatch")
286 |             else:
    |

F541 [*] f-string without any placeholders
   --> scripts/archive/spike_expose_pure_chain.py:288:23
    |
286 |             else:
287 |                 print(f"      No CalcUsage found with instance segment {inst_seg!r}")
288 |                 print(f"      RESOLUTION: FAILURE -- producer not found")
    |                       ^^^^^^^^^^^^^^^^^^^^^^^^^^^^^^^^^^^^^^^^^^^^^^^^^^
289 |         else:
290 |             print(f"      resolve_target has no dot -- bare name: {resolve_target!r}")
    |
help: Remove extraneous `f` prefix
    |
287 |                 print(f"      No CalcUsage found with instance segment {inst_seg!r}")
    -                 print(f"      RESOLUTION: FAILURE -- producer not found")
288 +                 print("      RESOLUTION: FAILURE -- producer not found")
289 |         else:
    |

E501 Line too long (103 > 100)
   --> scripts/archive/spike_expose_pure_chain.py:292:101
    |
290 |             print(f"      resolve_target has no dot -- bare name: {resolve_target!r}")
291 |             if resolve_target in output_catalog:
292 |                 print(f"      output_catalog[{resolve_target!r}] = {output_catalog[resolve_target]!r}")
    |                                                                                                     ^^^
293 |             else:
294 |                 print(f"      output_catalog[{resolve_target!r}] = NOT FOUND")
    |

F541 [*] f-string without any placeholders
   --> scripts/archive/spike_expose_pure_chain.py:296:15
    |
294 |                 print(f"      output_catalog[{resolve_target!r}] = NOT FOUND")
295 |     else:
296 |         print(f"      No resolve target available (neither EXPOSE_PURE nor design attr)")
    |               ^^^^^^^^^^^^^^^^^^^^^^^^^^^^^^^^^^^^^^^^^^^^^^^^^^^^^^^^^^^^^^^^^^^^^^^^^^
297 |
298 |     # Step F: Prototype OutputRegistry test
    |
help: Remove extraneous `f` prefix
    |
295 |     else:
    -         print(f"      No resolve target available (neither EXPOSE_PURE nor design attr)")
296 +         print("      No resolve target available (neither EXPOSE_PURE nor design attr)")
297 |
    |

F541 [*] f-string without any placeholders
   --> scripts/archive/spike_expose_pure_chain.py:299:11
    |
298 |     # Step F: Prototype OutputRegistry test
299 |     print(f"\n    Step F: Prototype OutputRegistry Resolution")
    |           ^^^^^^^^^^^^^^^^^^^^^^^^^^^^^^^^^^^^^^^^^^^^^^^^^^^^
300 |     # Test resolving the original source_path through the catalog
301 |     test_keys = [source_path]
    |
help: Remove extraneous `f` prefix
    |
298 |     # Step F: Prototype OutputRegistry test
    -     print(f"\n    Step F: Prototype OutputRegistry Resolution")
299 +     print("\n    Step F: Prototype OutputRegistry Resolution")
300 |     # Test resolving the original source_path through the catalog
    |

F541 [*] f-string without any placeholders
   --> scripts/archive/spike_expose_pure_chain.py:314:11
    |
313 |     # Diagnosis
314 |     print(f"\n    DIAGNOSIS:")
    |           ^^^^^^^^^^^^^^^^^^^
315 |     if resolve_target and resolve_target in output_catalog:
316 |         print(f"      Chain resolves successfully via {resolve_target!r}")
    |
help: Remove extraneous `f` prefix
    |
313 |     # Diagnosis
    -     print(f"\n    DIAGNOSIS:")
314 +     print("\n    DIAGNOSIS:")
315 |     if resolve_target and resolve_target in output_catalog:
    |

E501 Line too long (122 > 100)
   --> scripts/archive/spike_expose_pure_chain.py:317:101
    |
315 |     if resolve_target and resolve_target in output_catalog:
316 |         print(f"      Chain resolves successfully via {resolve_target!r}")
317 |         print(f"      OutputRegistry would need EXPOSE_PURE alias: {source_path!r} -> {output_catalog[resolve_target]!r}")
    |                                                                                                     ^^^^^^^^^^^^^^^^^^^^^^
318 |     elif resolve_target:
319 |         print(f"      Chain BREAKS: {resolve_target!r} not in output catalog")
    |

F541 [*] f-string without any placeholders
   --> scripts/archive/spike_expose_pure_chain.py:326:23
    |
324 |                 full = f"{matching[0].instance_name}.{resolve_target.split('.', 1)[1]}"
325 |                 print(f"      Root cause: EXPOSE_PURE uses short instance name {inst!r}")
326 |                 print(f"        but output catalog registers full qualified name")
    |                       ^^^^^^^^^^^^^^^^^^^^^^^^^^^^^^^^^^^^^^^^^^^^^^^^^^^^^^^^^^^
327 |                 print(f"        Proposed fix: also register short key {resolve_target!r} -> channel")
328 |                 if full in output_catalog:
    |
help: Remove extraneous `f` prefix
    |
325 |                 print(f"      Root cause: EXPOSE_PURE uses short instance name {inst!r}")
    -                 print(f"        but output catalog registers full qualified name")
326 +                 print("        but output catalog registers full qualified name")
327 |                 print(f"        Proposed fix: also register short key {resolve_target!r} -> channel")
    |

E501 Line too long (101 > 100)
   --> scripts/archive/spike_expose_pure_chain.py:327:101
    |
325 |                 print(f"      Root cause: EXPOSE_PURE uses short instance name {inst!r}")
326 |                 print(f"        but output catalog registers full qualified name")
327 |                 print(f"        Proposed fix: also register short key {resolve_target!r} -> channel")
    |                                                                                                     ^
328 |                 if full in output_catalog:
329 |                     print(f"        Full key exists: {full!r} -> {output_catalog[full]!r}")
    |

F541 [*] f-string without any placeholders
   --> scripts/archive/spike_expose_pure_chain.py:331:15
    |
329 |                     print(f"        Full key exists: {full!r} -> {output_catalog[full]!r}")
330 |     else:
331 |         print(f"      Chain does not go through EXPOSE_PURE or design attr")
    |               ^^^^^^^^^^^^^^^^^^^^^^^^^^^^^^^^^^^^^^^^^^^^^^^^^^^^^^^^^^^^^
332 |         print(f"      This binding resolves directly (or fails to resolve)")
    |
help: Remove extraneous `f` prefix
    |
330 |     else:
    -         print(f"      Chain does not go through EXPOSE_PURE or design attr")
331 +         print("      Chain does not go through EXPOSE_PURE or design attr")
332 |         print(f"      This binding resolves directly (or fails to resolve)")
    |

F541 [*] f-string without any placeholders
   --> scripts/archive/spike_expose_pure_chain.py:332:15
    |
330 |     else:
331 |         print(f"      Chain does not go through EXPOSE_PURE or design attr")
332 |         print(f"      This binding resolves directly (or fails to resolve)")
    |               ^^^^^^^^^^^^^^^^^^^^^^^^^^^^^^^^^^^^^^^^^^^^^^^^^^^^^^^^^^^^^
help: Remove extraneous `f` prefix
    |
331 |         print(f"      Chain does not go through EXPOSE_PURE or design attr")
    -         print(f"      This binding resolves directly (or fails to resolve)")
332 +         print("      This binding resolves directly (or fails to resolve)")
333 |
    |

I001 [*] Import block is un-sorted or un-formatted
  --> scripts/archive/spike_issue22_agg_ref.py:31:1
   |
29 |   sys.path.insert(0, str(Path(__file__).resolve().parent))
30 |
31 | / from _helpers import (
32 | |     load_model,
33 | |     print_section,
34 | |     print_subsection,
35 | |     print_table,
36 | | )
37 | | from sysml_codegen.analysis.dependency_backtracker import DependencyBacktracker
38 | | from sysml_codegen.analysis.parameter_groups import (
39 | |     extract_design_attributes,
40 | | )
41 | | from sysml_codegen.core.models import BindingResolution, BindingResolutionType
42 | | from sysml_codegen.core.qualified_names import get_channel_name
43 | | from sysml_codegen.extraction.data_models import (
44 | |     ScopedAggregationData,
45 | | )
46 | | from sysml_codegen.extraction.usage_extractor import (
47 | |     CalcUsageData,
48 | |     extract_calculation_usages,
49 | | )
50 | | from sysml_codegen.orchestration.pipeline_builder import (
51 | |     _extract_and_filter_computed_attributes,
52 | |     _extract_hierarchy_and_rewrite_bindings,
53 | |     _scope_aggregation_expressions,
54 | | )
55 | | from agentic_mbse.sysml.types import BindingType
   | |________________________________________________^
help: Organize imports
   |
36 | )
37 + from agentic_mbse.sysml.types import BindingType
38 | from sysml_codegen.analysis.dependency_backtracker import DependencyBacktracker
39 | from sysml_codegen.analysis.parameter_groups import (
40 |     extract_design_attributes,
41 | )
42 + from sysml_codegen.orchestration.pipeline_builder import (
43 +     _extract_and_filter_computed_attributes,
44 +     _extract_hierarchy_and_rewrite_bindings,
45 +     _scope_aggregation_expressions,
46 + )
47 +
48 | from sysml_codegen.core.models import BindingResolution, BindingResolutionType
--------------------------------------------------------------------------------
56 | )
   - from sysml_codegen.orchestration.pipeline_builder import (
   -     _extract_and_filter_computed_attributes,
   -     _extract_hierarchy_and_rewrite_bindings,
   -     _scope_aggregation_expressions,
   - )
   - from agentic_mbse.sysml.types import BindingType
   -
57 |
   |

F821 Undefined name `_enrich_aliases_from_bindings`
   --> scripts/archive/spike_issue22_agg_ref.py:110:5
    |
108 |     # Step 3.5: Hierarchy extraction + binding rewrite
109 |     hierarchy_data = _extract_hierarchy_and_rewrite_bindings(model, calc_usages)
110 |     _enrich_aliases_from_bindings(hierarchy_data, calc_usages)
    |     ^^^^^^^^^^^^^^^^^^^^^^^^^^^^^
111 |
112 |     # Step 4: Design attributes
    |

F541 [*] f-string without any placeholders
   --> scripts/archive/spike_issue22_agg_ref.py:220:15
    |
218 |         is_reference = ref_binding.binding_type == BindingType.REFERENCE
219 |         has_sysml_qn = ref_binding.source_path and "::" in ref_binding.source_path
220 |         print(f"\n  component_total binding:")
    |               ^^^^^^^^^^^^^^^^^^^^^^^^^^^^^^^
221 |         print(f"    type:        {ref_binding.binding_type.name}")
222 |         print(f"    source_path: {ref_binding.source_path}")
    |
help: Remove extraneous `f` prefix
    |
219 |         has_sysml_qn = ref_binding.source_path and "::" in ref_binding.source_path
    -         print(f"\n  component_total binding:")
220 +         print("\n  component_total binding:")
221 |         print(f"    type:        {ref_binding.binding_type.name}")
    |

F541 [*] f-string without any placeholders
   --> scripts/archive/spike_issue22_agg_ref.py:344:15
    |
342 |     if ground_truth is None:
343 |         print(f"  WARNING: No ground truth for {mapping_key}")
344 |         print(f"  Available keys containing 'margin_calc':")
    |               ^^^^^^^^^^^^^^^^^^^^^^^^^^^^^^^^^^^^^^^^^^^^^
345 |         for k in sorted(binding_resolutions.keys()):
346 |             if "margin_calc" in k:
    |
help: Remove extraneous `f` prefix
    |
343 |         print(f"  WARNING: No ground truth for {mapping_key}")
    -         print(f"  Available keys containing 'margin_calc':")
344 +         print("  Available keys containing 'margin_calc':")
345 |         for k in sorted(binding_resolutions.keys()):
    |

F541 [*] f-string without any placeholders
   --> scripts/archive/spike_issue22_agg_ref.py:386:15
    |
384 |     elif not is_module_output and not resolution_succeeded:
385 |         # Both agree: it's an entry point (resolution failed in both)
386 |         print(f"  Both agree: ENTRY_POINT (resolution failed as expected)")
    |               ^^^^^^^^^^^^^^^^^^^^^^^^^^^^^^^^^^^^^^^^^^^^^^^^^^^^^^^^^^^^
387 |         return True
    |
help: Remove extraneous `f` prefix
    |
385 |         # Both agree: it's an entry point (resolution failed in both)
    -         print(f"  Both agree: ENTRY_POINT (resolution failed as expected)")
386 +         print("  Both agree: ENTRY_POINT (resolution failed as expected)")
387 |         return True
    |

I001 [*] Import block is un-sorted or un-formatted
  --> scripts/archive/spike_output_registry_e2e.py:23:1
   |
21 |   sys.path.insert(0, str(Path(__file__).resolve().parent))
22 |
23 | / from _helpers import (
24 | |     DEFAULT_SUITES,
25 | |     load_model,
26 | |     print_section,
27 | |     print_subsection,
28 | |     print_table,
29 | | )
30 | | from sysml_codegen.analysis.dependency_backtracker import DependencyBacktracker
31 | | from sysml_codegen.analysis.parameter_groups import (
32 | |     DesignAttributeData,
33 | |     extract_design_attributes,
34 | | )
35 | | from sysml_codegen.core.models import BindingResolution, BindingResolutionType
36 | | from sysml_codegen.core.qualified_names import get_channel_name, sysml_to_python_qualified_name
37 | | from sysml_codegen.extraction.data_models import (
38 | |     ComputedAttributeClassification,
39 | |     ComputedAttributeData,
40 | |     HierarchyExtractionResult,
41 | |     RedefinitionType,
42 | |     ScopedAggregationData,
43 | | )
44 | | from sysml_codegen.extraction.expression_compiler import Compilability
45 | | from sysml_codegen.extraction.usage_extractor import (
46 | |     CalcUsageData,
47 | |     extract_calculation_usages,
48 | | )
49 | | from sysml_codegen.orchestration.pipeline_builder import (
50 | |     _extract_and_filter_computed_attributes,
51 | |     _extract_hierarchy_and_rewrite_bindings,
52 | |     _scope_aggregation_expressions,
53 | | )
54 | | from agentic_mbse.sysml.types import BindingType
   | |________________________________________________^
help: Organize imports
   |
29 | )
30 + from agentic_mbse.sysml.types import BindingType
31 | from sysml_codegen.analysis.dependency_backtracker import DependencyBacktracker
--------------------------------------------------------------------------------
35 | )
36 + from sysml_codegen.orchestration.pipeline_builder import (
37 +     _extract_and_filter_computed_attributes,
38 +     _extract_hierarchy_and_rewrite_bindings,
39 +     _scope_aggregation_expressions,
40 + )
41 +
42 | from sysml_codegen.core.models import BindingResolution, BindingResolutionType
--------------------------------------------------------------------------------
55 | )
   - from sysml_codegen.orchestration.pipeline_builder import (
   -     _extract_and_filter_computed_attributes,
   -     _extract_hierarchy_and_rewrite_bindings,
   -     _scope_aggregation_expressions,
   - )
   - from agentic_mbse.sysml.types import BindingType
   -
56 |
   |

F821 Undefined name `_enrich_aliases_from_bindings`
   --> scripts/archive/spike_output_registry_e2e.py:127:5
    |
125 |     # Step 3.5: Hierarchy extraction + binding rewrite
126 |     hierarchy_data = _extract_hierarchy_and_rewrite_bindings(model, calc_usages)
127 |     _enrich_aliases_from_bindings(hierarchy_data, calc_usages)
    |     ^^^^^^^^^^^^^^^^^^^^^^^^^^^^^
128 |
129 |     # Step 4: Design attributes
    |

F541 [*] f-string without any placeholders
   --> scripts/archive/spike_output_registry_e2e.py:236:23
    |
234 |                 print(f"    Key_C: {key_c}  (NEW -- different from Key_A)")
235 |             else:
236 |                 print(f"    Key_C: == Key_A (same)")
    |                       ^^^^^^^^^^^^^^^^^^^^^^^^^^^^^
237 |
238 |             if is_virtual:
    |
help: Remove extraneous `f` prefix
    |
235 |             else:
    -                 print(f"    Key_C: == Key_A (same)")
236 +                 print("    Key_C: == Key_A (same)")
237 |
    |

F541 [*] f-string without any placeholders
   --> scripts/archive/spike_output_registry_e2e.py:325:15
    |
324 |     if registry.collisions:
325 |         print(f"\n  COLLISIONS:")
    |               ^^^^^^^^^^^^^^^^^^
326 |         for key, old_ch, new_ch, source in registry.collisions:
327 |             print(f"    key: {key}")
    |
help: Remove extraneous `f` prefix
    |
324 |     if registry.collisions:
    -         print(f"\n  COLLISIONS:")
325 +         print("\n  COLLISIONS:")
326 |         for key, old_ch, new_ch, source in registry.collisions:
    |

E501 Line too long (118 > 100)
   --> scripts/archive/spike_output_registry_e2e.py:447:101
    |
445 |                 target_suffix = "." + source_parts[-1]
446 |                 for key, ch in registry.registry.items():
447 |                     if key.endswith(target_suffix) and registry.key_source.get(key, "").startswith("CalcUsage.Key_C"):
    |                                                                                                     ^^^^^^^^^^^^^^^^^^
448 |                         # Check if the dotted path matches structurally
449 |                         key_parts = key.split(".")
    |

E501 Line too long (114 > 100)
   --> scripts/archive/spike_output_registry_e2e.py:463:101
    |
461 |                     for key, ch in registry.registry.items():
462 |                         key_parts = key.split(".")
463 |                         if len(key_parts) >= len(source_parts) and key_parts[-len(source_parts):] == source_parts:
    |                                                                                                     ^^^^^^^^^^^^^^
464 |                             would_fix_key = key
465 |                             break
    |

F541 [*] f-string without any placeholders
   --> scripts/archive/spike_output_registry_e2e.py:496:15
    |
494 |             if r["resolved_channel"] is not None:
495 |                 source_counts[r["resolved_via"]] += 1
496 |         print(f"\n  Resolved via key source:")
    |               ^^^^^^^^^^^^^^^^^^^^^^^^^^^^^^^
497 |         for src, count in sorted(source_counts.items()):
498 |             print(f"    {src}: {count}")
    |
help: Remove extraneous `f` prefix
    |
495 |                 source_counts[r["resolved_via"]] += 1
    -         print(f"\n  Resolved via key source:")
496 +         print("\n  Resolved via key source:")
497 |         for src, count in sorted(source_counts.items()):
    |

F541 [*] f-string without any placeholders
   --> scripts/archive/spike_output_registry_e2e.py:500:15
    |
498 |             print(f"    {src}: {count}")
499 |
500 |         print(f"\n  SUCCESSES (first 5):")
    |               ^^^^^^^^^^^^^^^^^^^^^^^^^^^
501 |         for r in results[:5]:
502 |             if r["resolved_channel"] is not None:
    |
help: Remove extraneous `f` prefix
    |
499 |
    -         print(f"\n  SUCCESSES (first 5):")
500 +         print("\n  SUCCESSES (first 5):")
501 |         for r in results[:5]:
    |

F541 [*] f-string without any placeholders
   --> scripts/archive/spike_output_registry_e2e.py:509:15
    |
508 |     if failed_count > 0:
509 |         print(f"\n  FAILURES:")
    |               ^^^^^^^^^^^^^^^^
510 |         for r in results:
511 |             if r["resolved_channel"] is None:
    |
help: Remove extraneous `f` prefix
    |
508 |     if failed_count > 0:
    -         print(f"\n  FAILURES:")
509 +         print("\n  FAILURES:")
510 |         for r in results:
    |

E501 Line too long (104 > 100)
   --> scripts/archive/spike_output_registry_e2e.py:697:101
    |
696 |             # Track which registry key was used
697 |             resolved_via = registry.key_source.get(binding.source_path, "") if prototype_channel else ""
    |                                                                                                     ^^^^
698 |
699 |             results.append({
    |

F541 [*] f-string without any placeholders
   --> scripts/archive/spike_output_registry_e2e.py:733:15
    |
732 |     if mismatch_count > 0:
733 |         print(f"\n  MISMATCHES:")
    |               ^^^^^^^^^^^^^^^^^^
734 |         for r in results:
735 |             if not r["match"]:
    |
help: Remove extraneous `f` prefix
    |
732 |     if mismatch_count > 0:
    -         print(f"\n  MISMATCHES:")
733 +         print("\n  MISMATCHES:")
734 |         for r in results:
    |

E501 Line too long (103 > 100)
   --> scripts/archive/spike_output_registry_e2e.py:781:101
    |
779 |             ground_truth = binding_resolutions.get(mapping_key)
780 |
781 |             if not ground_truth or ground_truth.resolution_type != BindingResolutionType.MODULE_OUTPUT:
    |                                                                                                     ^^^
782 |                 continue  # Only care about REF -> MODULE_OUTPUT cases
    |

F541 [*] f-string without any placeholders
   --> scripts/archive/spike_output_registry_e2e.py:833:15
    |
831 |         print(f"  source_path: {r['source_path']}")
832 |         print(f"  Ground truth channel: {r['gt_channel']}")
833 |         print(f"  Candidate parent_parts:")
    |               ^^^^^^^^^^^^^^^^^^^^^^^^^^^^
834 |         for label, c in r["candidates"].items():
835 |             status = "MATCH" if c["match"] else ("resolved-wrong" if c["channel"] else "None")
    |
help: Remove extraneous `f` prefix
    |
832 |         print(f"  Ground truth channel: {r['gt_channel']}")
    -         print(f"  Candidate parent_parts:")
833 +         print("  Candidate parent_parts:")
834 |         for label, c in r["candidates"].items():
    |

F541 [*] f-string without any placeholders
   --> scripts/archive/spike_output_registry_e2e.py:842:19
    |
840 |             print(f"  WINNER(S): {', '.join(r['winners'])}")
841 |         else:
842 |             print(f"  WINNER(S): NONE -- no candidate matches ground truth!")
    |                   ^^^^^^^^^^^^^^^^^^^^^^^^^^^^^^^^^^^^^^^^^^^^^^^^^^^^^^^^^^
843 |
844 |     # Summary: what's the consistent winning pattern?
    |
help: Remove extraneous `f` prefix
    |
841 |         else:
    -             print(f"  WINNER(S): NONE -- no candidate matches ground truth!")
842 +             print("  WINNER(S): NONE -- no candidate matches ground truth!")
843 |
    |

F541 [*] f-string without any placeholders
   --> scripts/archive/spike_output_registry_e2e.py:846:15
    |
844 |     # Summary: what's the consistent winning pattern?
845 |     if results:
846 |         print(f"\n  PATTERN ANALYSIS:")
    |               ^^^^^^^^^^^^^^^^^^^^^^^^
847 |         winner_patterns: dict[str, int] = defaultdict(int)
848 |         for r in results:
    |
help: Remove extraneous `f` prefix
    |
845 |     if results:
    -         print(f"\n  PATTERN ANALYSIS:")
846 +         print("\n  PATTERN ANALYSIS:")
847 |         winner_patterns: dict[str, int] = defaultdict(int)
    |

F841 Local variable `calc_usages` is assigned to but never used
   --> scripts/archive/spike_output_registry_e2e.py:890:5
    |
888 |     """
889 |     scoped_agg: list[ScopedAggregationData] = data["scoped_agg"]
890 |     calc_usages: list[CalcUsageData] = data["calc_usages"]
    |     ^^^^^^^^^^^
891 |
892 |     print_subsection("instance_path Documentation")
    |
help: Remove assignment to unused variable `calc_usages`

E501 Line too long (136 > 100)
   --> scripts/archive/spike_output_registry_e2e.py:923:101
    |
921 | … ""
922 | …first_seg) and not first_seg.islower()
923 | …{'DESIGN PREFIX (PascalCase)' if is_design_prefix else 'part_usage (snake_case)'})")
    |                                                  ^^^^^^^^^^^^^^^^^^^^^^^^^^^^^^^^^^^^
924 | …
925 | …C prefix in the registry
    |

F541 [*] f-string without any placeholders
   --> scripts/archive/spike_output_registry_e2e.py:939:11
    |
937 |     )
938 |
939 |     print(f"\n  OBSERVATION:")
    |           ^^^^^^^^^^^^^^^^^^^
940 |     print(f"    instance_path INCLUDES design prefix: {'YES' if includes_prefix else 'NO'}")
941 |     print(f"    Separator: '__' (double underscore)")
    |
help: Remove extraneous `f` prefix
    |
938 |
    -     print(f"\n  OBSERVATION:")
939 +     print("\n  OBSERVATION:")
940 |     print(f"    instance_path INCLUDES design prefix: {'YES' if includes_prefix else 'NO'}")
    |

F541 [*] f-string without any placeholders
   --> scripts/archive/spike_output_registry_e2e.py:941:11
    |
939 |     print(f"\n  OBSERVATION:")
940 |     print(f"    instance_path INCLUDES design prefix: {'YES' if includes_prefix else 'NO'}")
941 |     print(f"    Separator: '__' (double underscore)")
    |           ^^^^^^^^^^^^^^^^^^^^^^^^^^^^^^^^^^^^^^^^^^
942 |     if includes_prefix:
943 |         print(f"    Phase 1 aggregation Key_E uses instance_parts DIRECTLY (includes prefix)")
    |
help: Remove extraneous `f` prefix
    |
940 |     print(f"    instance_path INCLUDES design prefix: {'YES' if includes_prefix else 'NO'}")
    -     print(f"    Separator: '__' (double underscore)")
941 +     print("    Separator: '__' (double underscore)")
942 |     if includes_prefix:
    |

F541 [*] f-string without any placeholders
   --> scripts/archive/spike_output_registry_e2e.py:943:15
    |
941 |     print(f"    Separator: '__' (double underscore)")
942 |     if includes_prefix:
943 |         print(f"    Phase 1 aggregation Key_E uses instance_parts DIRECTLY (includes prefix)")
    |               ^^^^^^^^^^^^^^^^^^^^^^^^^^^^^^^^^^^^^^^^^^^^^^^^^^^^^^^^^^^^^^^^^^^^^^^^^^^^^^^
944 |         print(f"    -> Key_E dotted form includes design prefix in first segment")
945 |         print(f"    -> CHAIN binding source_paths do NOT include design prefix")
    |
help: Remove extraneous `f` prefix
    |
942 |     if includes_prefix:
    -         print(f"    Phase 1 aggregation Key_E uses instance_parts DIRECTLY (includes prefix)")
943 +         print("    Phase 1 aggregation Key_E uses instance_parts DIRECTLY (includes prefix)")
944 |         print(f"    -> Key_E dotted form includes design prefix in first segment")
    |

F541 [*] f-string without any placeholders
   --> scripts/archive/spike_output_registry_e2e.py:944:15
    |
942 |     if includes_prefix:
943 |         print(f"    Phase 1 aggregation Key_E uses instance_parts DIRECTLY (includes prefix)")
944 |         print(f"    -> Key_E dotted form includes design prefix in first segment")
    |               ^^^^^^^^^^^^^^^^^^^^^^^^^^^^^^^^^^^^^^^^^^^^^^^^^^^^^^^^^^^^^^^^^^^
945 |         print(f"    -> CHAIN binding source_paths do NOT include design prefix")
946 |         print(f"    -> Key_E with prefix will NOT match CHAIN binding source_paths directly")
    |
help: Remove extraneous `f` prefix
    |
943 |         print(f"    Phase 1 aggregation Key_E uses instance_parts DIRECTLY (includes prefix)")
    -         print(f"    -> Key_E dotted form includes design prefix in first segment")
944 +         print("    -> Key_E dotted form includes design prefix in first segment")
945 |         print(f"    -> CHAIN binding source_paths do NOT include design prefix")
    |

F541 [*] f-string without any placeholders
   --> scripts/archive/spike_output_registry_e2e.py:945:15
    |
943 |         print(f"    Phase 1 aggregation Key_E uses instance_parts DIRECTLY (includes prefix)")
944 |         print(f"    -> Key_E dotted form includes design prefix in first segment")
945 |         print(f"    -> CHAIN binding source_paths do NOT include design prefix")
    |               ^^^^^^^^^^^^^^^^^^^^^^^^^^^^^^^^^^^^^^^^^^^^^^^^^^^^^^^^^^^^^^^^^
946 |         print(f"    -> Key_E with prefix will NOT match CHAIN binding source_paths directly")
947 |         print(f"    -> Phase 2 CHAIN alias scoping uses find_instance_paths_for_partdef()")
    |
help: Remove extraneous `f` prefix
    |
944 |         print(f"    -> Key_E dotted form includes design prefix in first segment")
    -         print(f"    -> CHAIN binding source_paths do NOT include design prefix")
945 +         print("    -> CHAIN binding source_paths do NOT include design prefix")
946 |         print(f"    -> Key_E with prefix will NOT match CHAIN binding source_paths directly")
    |

F541 [*] f-string without any placeholders
   --> scripts/archive/spike_output_registry_e2e.py:946:15
    |
944 |         print(f"    -> Key_E dotted form includes design prefix in first segment")
945 |         print(f"    -> CHAIN binding source_paths do NOT include design prefix")
946 |         print(f"    -> Key_E with prefix will NOT match CHAIN binding source_paths directly")
    |               ^^^^^^^^^^^^^^^^^^^^^^^^^^^^^^^^^^^^^^^^^^^^^^^^^^^^^^^^^^^^^^^^^^^^^^^^^^^^^^
947 |         print(f"    -> Phase 2 CHAIN alias scoping uses find_instance_paths_for_partdef()")
948 |         print(f"       which strips the design prefix -> compatible with Key_C format")
    |
help: Remove extraneous `f` prefix
    |
945 |         print(f"    -> CHAIN binding source_paths do NOT include design prefix")
    -         print(f"    -> Key_E with prefix will NOT match CHAIN binding source_paths directly")
946 +         print("    -> Key_E with prefix will NOT match CHAIN binding source_paths directly")
947 |         print(f"    -> Phase 2 CHAIN alias scoping uses find_instance_paths_for_partdef()")
    |

F541 [*] f-string without any placeholders
   --> scripts/archive/spike_output_registry_e2e.py:947:15
    |
945 |         print(f"    -> CHAIN binding source_paths do NOT include design prefix")
946 |         print(f"    -> Key_E with prefix will NOT match CHAIN binding source_paths directly")
947 |         print(f"    -> Phase 2 CHAIN alias scoping uses find_instance_paths_for_partdef()")
    |               ^^^^^^^^^^^^^^^^^^^^^^^^^^^^^^^^^^^^^^^^^^^^^^^^^^^^^^^^^^^^^^^^^^^^^^^^^^^^
948 |         print(f"       which strips the design prefix -> compatible with Key_C format")
    |
help: Remove extraneous `f` prefix
    |
946 |         print(f"    -> Key_E with prefix will NOT match CHAIN binding source_paths directly")
    -         print(f"    -> Phase 2 CHAIN alias scoping uses find_instance_paths_for_partdef()")
947 +         print("    -> Phase 2 CHAIN alias scoping uses find_instance_paths_for_partdef()")
948 |         print(f"       which strips the design prefix -> compatible with Key_C format")
    |

F541 [*] f-string without any placeholders
   --> scripts/archive/spike_output_registry_e2e.py:948:15
    |
946 |         print(f"    -> Key_E with prefix will NOT match CHAIN binding source_paths directly")
947 |         print(f"    -> Phase 2 CHAIN alias scoping uses find_instance_paths_for_partdef()")
948 |         print(f"       which strips the design prefix -> compatible with Key_C format")
    |               ^^^^^^^^^^^^^^^^^^^^^^^^^^^^^^^^^^^^^^^^^^^^^^^^^^^^^^^^^^^^^^^^^^^^^^^^
help: Remove extraneous `f` prefix
    |
947 |         print(f"    -> Phase 2 CHAIN alias scoping uses find_instance_paths_for_partdef()")
    -         print(f"       which strips the design prefix -> compatible with Key_C format")
948 +         print("       which strips the design prefix -> compatible with Key_C format")
949 |
    |

I001 [*] Import block is un-sorted or un-formatted
  --> scripts/archive/spike_reference_resolution.py:26:1
   |
24 |   sys.path.insert(0, str(Path(__file__).resolve().parent))
25 |
26 | / from _helpers import (
27 | |     EXTENDED_SUITES,
28 | |     load_model,
29 | |     print_section,
30 | |     print_subsection,
31 | |     print_table,
32 | | )
33 | | from sysml_codegen.core.models import BindingResolution, BindingResolutionType
34 | | from sysml_codegen.extraction.usage_extractor import (
35 | |     CalcUsageData,
36 | |     extract_calculation_usages,
37 | | )
38 | | from agentic_mbse.sysml.types import BindingType
   | |________________________________________________^
help: Organize imports
   |
32 | )
33 + from agentic_mbse.sysml.types import BindingType
34 +
35 | from sysml_codegen.core.models import BindingResolution, BindingResolutionType
--------------------------------------------------------------------------------
39 | )
   - from agentic_mbse.sysml.types import BindingType
   -
40 |
   |

F541 [*] f-string without any placeholders
  --> scripts/archive/spike_reference_resolution.py:79:15
   |
77 |         from sysml_codegen.orchestration.pipeline_builder import build_pipeline_context
78 |
79 |         print(f"  Attempting build_pipeline_context()...")
   |               ^^^^^^^^^^^^^^^^^^^^^^^^^^^^^^^^^^^^^^^^^^^
80 |         ctx = build_pipeline_context(model_paths)
81 |         print(f"  SUCCESS: got {len(ctx.backtracking_result.binding_resolutions)} binding resolutions")
   |
help: Remove extraneous `f` prefix
   |
78 |
   -         print(f"  Attempting build_pipeline_context()...")
79 +         print("  Attempting build_pipeline_context()...")
80 |         ctx = build_pipeline_context(model_paths)
   |

E501 Line too long (103 > 100)
  --> scripts/archive/spike_reference_resolution.py:81:101
   |
79 |         print(f"  Attempting build_pipeline_context()...")
80 |         ctx = build_pipeline_context(model_paths)
81 |         print(f"  SUCCESS: got {len(ctx.backtracking_result.binding_resolutions)} binding resolutions")
   |                                                                                                     ^^^
82 |         return ctx.backtracking_result.binding_resolutions, ctx.calc_usages
83 |     except Exception as exc:
   |

F541 [*] f-string without any placeholders
  --> scripts/archive/spike_reference_resolution.py:85:15
   |
83 |     except Exception as exc:
84 |         print(f"  build_pipeline_context() FAILED: {type(exc).__name__}: {exc}")
85 |         print(f"  Falling back to manual backtracker construction...")
   |               ^^^^^^^^^^^^^^^^^^^^^^^^^^^^^^^^^^^^^^^^^^^^^^^^^^^^^^^
86 |
87 |     # Fallback: manual backtracker construction (skip graph builder)
   |
help: Remove extraneous `f` prefix
   |
84 |         print(f"  build_pipeline_context() FAILED: {type(exc).__name__}: {exc}")
   -         print(f"  Falling back to manual backtracker construction...")
85 +         print("  Falling back to manual backtracker construction...")
86 |
   |

F821 Undefined name `_enrich_aliases_from_bindings`
   --> scripts/archive/spike_reference_resolution.py:109:9
    |
107 |         # Step 3.5: hierarchy extraction + binding rewrite
108 |         hierarchy_data = _extract_hierarchy_and_rewrite_bindings(model, calc_usages)
109 |         _enrich_aliases_from_bindings(hierarchy_data, calc_usages)
    |         ^^^^^^^^^^^^^^^^^^^^^^^^^^^^^
110 |
111 |         # Step 4.5: computed attributes
    |

F541 [*] f-string without any placeholders
   --> scripts/archive/spike_reference_resolution.py:242:11
    |
241 |     # --- Print cross-tabulation ---
242 |     print(f"\n  CROSS-TABULATION:")
    |           ^^^^^^^^^^^^^^^^^^^^^^^^
243 |
244 |     # Determine all binding types and resolution types present
    |
help: Remove extraneous `f` prefix
    |
241 |     # --- Print cross-tabulation ---
    -     print(f"\n  CROSS-TABULATION:")
242 +     print("\n  CROSS-TABULATION:")
243 |
    |

F541 [*] f-string without any placeholders
   --> scripts/archive/spike_reference_resolution.py:275:11
    |
274 |     # --- REFERENCE -> MODULE_OUTPUT cases ---
275 |     print(f"\n  REFERENCE -> MODULE_OUTPUT CASES: ", end="")
    |           ^^^^^^^^^^^^^^^^^^^^^^^^^^^^^^^^^^^^^^^^^
276 |     if ref_mod_cases:
277 |         print(f"{len(ref_mod_cases)} found")
    |
help: Remove extraneous `f` prefix
    |
274 |     # --- REFERENCE -> MODULE_OUTPUT cases ---
    -     print(f"\n  REFERENCE -> MODULE_OUTPUT CASES: ", end="")
275 +     print("\n  REFERENCE -> MODULE_OUTPUT CASES: ", end="")
276 |     if ref_mod_cases:
    |

F541 [*] f-string without any placeholders
   --> scripts/archive/spike_reference_resolution.py:288:23
    |
286 |                 match_exact = normalized == case["resolved_to"]
287 |                 match_lower = normalized.lower() == case["resolved_to"].lower()
288 |                 print(f"    SYSML_QN normalization test:")
    |                       ^^^^^^^^^^^^^^^^^^^^^^^^^^^^^^^^^^^
289 |                 print(f"      replace('::','__') = {normalized!r}")
290 |                 print(f"      exact match: {match_exact}")
    |
help: Remove extraneous `f` prefix
    |
287 |                 match_lower = normalized.lower() == case["resolved_to"].lower()
    -                 print(f"    SYSML_QN normalization test:")
288 +                 print("    SYSML_QN normalization test:")
289 |                 print(f"      replace('::','__') = {normalized!r}")
    |

F541 [*] f-string without any placeholders
   --> scripts/archive/spike_reference_resolution.py:311:15
    |
309 |                 format_counts["BARE"] += 1
310 |
311 |         print(f"  Source path format distribution:")
    |               ^^^^^^^^^^^^^^^^^^^^^^^^^^^^^^^^^^^^^
312 |         for fmt, count in sorted(format_counts.items()):
313 |             print(f"    {fmt}: {count}")
    |
help: Remove extraneous `f` prefix
    |
310 |
    -         print(f"  Source path format distribution:")
311 +         print("  Source path format distribution:")
312 |         for fmt, count in sorted(format_counts.items()):
    |

F541 [*] f-string without any placeholders
   --> scripts/archive/spike_reference_resolution.py:417:11
    |
415 |     total_ref_ep = sum(s["ref_entry_point_count"] for s in all_stats)
416 |
417 |     print(f"\n  VERDICT:")
    |           ^^^^^^^^^^^^^^^
418 |     if total_ref_mod == 0:
419 |         print(f"    REFERENCE -> MODULE_OUTPUT: NEVER OCCURS ({total_ref_ep} REFERENCE bindings, all ENTRY_POINT)")
    |
help: Remove extraneous `f` prefix
    |
416 |
    -     print(f"\n  VERDICT:")
417 +     print("\n  VERDICT:")
418 |     if total_ref_mod == 0:
    |

E501 Line too long (115 > 100)
   --> scripts/archive/spike_reference_resolution.py:419:101
    |
417 |     print(f"\n  VERDICT:")
418 |     if total_ref_mod == 0:
419 |         print(f"    REFERENCE -> MODULE_OUTPUT: NEVER OCCURS ({total_ref_ep} REFERENCE bindings, all ENTRY_POINT)")
    |                                                                                                     ^^^^^^^^^^^^^^^
420 |         print(f"    SYSML_QN normalization in resolve(): DEAD CODE for MODULE_OUTPUT resolution")
421 |         print(f"    Recommendation: Remove or simplify SYSML_QN normalization in OutputRegistry.resolve()")
    |

F541 [*] f-string without any placeholders
   --> scripts/archive/spike_reference_resolution.py:420:15
    |
418 |     if total_ref_mod == 0:
419 |         print(f"    REFERENCE -> MODULE_OUTPUT: NEVER OCCURS ({total_ref_ep} REFERENCE bindings, all ENTRY_POINT)")
420 |         print(f"    SYSML_QN normalization in resolve(): DEAD CODE for MODULE_OUTPUT resolution")
    |               ^^^^^^^^^^^^^^^^^^^^^^^^^^^^^^^^^^^^^^^^^^^^^^^^^^^^^^^^^^^^^^^^^^^^^^^^^^^^^^^^^^
421 |         print(f"    Recommendation: Remove or simplify SYSML_QN normalization in OutputRegistry.resolve()")
422 |     else:
    |
help: Remove extraneous `f` prefix
    |
419 |         print(f"    REFERENCE -> MODULE_OUTPUT: NEVER OCCURS ({total_ref_ep} REFERENCE bindings, all ENTRY_POINT)")
    -         print(f"    SYSML_QN normalization in resolve(): DEAD CODE for MODULE_OUTPUT resolution")
420 +         print("    SYSML_QN normalization in resolve(): DEAD CODE for MODULE_OUTPUT resolution")
421 |         print(f"    Recommendation: Remove or simplify SYSML_QN normalization in OutputRegistry.resolve()")
    |

F541 [*] f-string without any placeholders
   --> scripts/archive/spike_reference_resolution.py:421:15
    |
419 |         print(f"    REFERENCE -> MODULE_OUTPUT: NEVER OCCURS ({total_ref_ep} REFERENCE bindings, all ENTRY_POINT)")
420 |         print(f"    SYSML_QN normalization in resolve(): DEAD CODE for MODULE_OUTPUT resolution")
421 |         print(f"    Recommendation: Remove or simplify SYSML_QN normalization in OutputRegistry.resolve()")
    |               ^^^^^^^^^^^^^^^^^^^^^^^^^^^^^^^^^^^^^^^^^^^^^^^^^^^^^^^^^^^^^^^^^^^^^^^^^^^^^^^^^^^^^^^^^^^^
422 |     else:
423 |         print(f"    REFERENCE -> MODULE_OUTPUT: OCCURS ({total_ref_mod} cases)")
    |
help: Remove extraneous `f` prefix
    |
420 |         print(f"    SYSML_QN normalization in resolve(): DEAD CODE for MODULE_OUTPUT resolution")
    -         print(f"    Recommendation: Remove or simplify SYSML_QN normalization in OutputRegistry.resolve()")
421 +         print("    Recommendation: Remove or simplify SYSML_QN normalization in OutputRegistry.resolve()")
422 |     else:
    |

E501 Line too long (107 > 100)
   --> scripts/archive/spike_reference_resolution.py:421:101
    |
419 |         print(f"    REFERENCE -> MODULE_OUTPUT: NEVER OCCURS ({total_ref_ep} REFERENCE bindings, all ENTRY_POINT)")
420 |         print(f"    SYSML_QN normalization in resolve(): DEAD CODE for MODULE_OUTPUT resolution")
421 |         print(f"    Recommendation: Remove or simplify SYSML_QN normalization in OutputRegistry.resolve()")
    |                                                                                                     ^^^^^^^
422 |     else:
423 |         print(f"    REFERENCE -> MODULE_OUTPUT: OCCURS ({total_ref_mod} cases)")
    |

F541 [*] f-string without any placeholders
   --> scripts/archive/spike_reference_resolution.py:424:15
    |
422 |     else:
423 |         print(f"    REFERENCE -> MODULE_OUTPUT: OCCURS ({total_ref_mod} cases)")
424 |         print(f"    SYSML_QN normalization in resolve(): EXERCISED but may need fixing")
    |               ^^^^^^^^^^^^^^^^^^^^^^^^^^^^^^^^^^^^^^^^^^^^^^^^^^^^^^^^^^^^^^^^^^^^^^^^^
425 |         print(f"    Review the cases above for format match correctness")
    |
help: Remove extraneous `f` prefix
    |
423 |         print(f"    REFERENCE -> MODULE_OUTPUT: OCCURS ({total_ref_mod} cases)")
    -         print(f"    SYSML_QN normalization in resolve(): EXERCISED but may need fixing")
424 +         print("    SYSML_QN normalization in resolve(): EXERCISED but may need fixing")
425 |         print(f"    Review the cases above for format match correctness")
    |

F541 [*] f-string without any placeholders
   --> scripts/archive/spike_reference_resolution.py:425:15
    |
423 |         print(f"    REFERENCE -> MODULE_OUTPUT: OCCURS ({total_ref_mod} cases)")
424 |         print(f"    SYSML_QN normalization in resolve(): EXERCISED but may need fixing")
425 |         print(f"    Review the cases above for format match correctness")
    |               ^^^^^^^^^^^^^^^^^^^^^^^^^^^^^^^^^^^^^^^^^^^^^^^^^^^^^^^^^^
help: Remove extraneous `f` prefix
    |
424 |         print(f"    SYSML_QN normalization in resolve(): EXERCISED but may need fixing")
    -         print(f"    Review the cases above for format match correctness")
425 +         print("    Review the cases above for format match correctness")
426 |
    |

I001 [*] Import block is un-sorted or un-formatted
  --> scripts/archive/test_source_identity_routes.py:30:1
   |
28 |   """
29 |
30 | / from __future__ import annotations
31 | |
32 | | import pytest
33 | | from agentic_mbse.sysml.types import BindingType
34 | |
35 | | from sysml_codegen.orchestration.snapshot_context import (
36 | |     build_pipeline_context_from_snapshot,
37 | | )
38 | | from sysml_codegen.resolution.models import EntryPointType
39 | | from sysml_codegen.snapshot import load_extraction_snapshot
40 | | from tests.conftest import FIXTURES_DIR, requires_license, snapshot_fixture
   | |___________________________________________________________________________^
help: Organize imports
   |
33 | from agentic_mbse.sysml.types import BindingType
   -
34 | from sysml_codegen.orchestration.snapshot_context import (
35 |     build_pipeline_context_from_snapshot,
36 | )
37 +
38 | from sysml_codegen.resolution.models import EntryPointType
   |

I001 [*] Import block is un-sorted or un-formatted
   --> scripts/archive/test_source_identity_routes.py:182:5
    |
180 |       authored ``num_units`` literal is AUTHORED_LITERAL with no referent. The
181 |       snapshot-based pins above stay in force for the offline route."""
182 | /     from sysml_codegen.extraction.source_evidence import SourceForm
183 | |     from sysml_codegen.extraction.extractor import SysMLDataExtractor
184 | |     from sysml_codegen.extraction.hierarchy_resolver import extract_hierarchy_data
185 | |     from sysml_codegen.extraction.usage_extractor import extract_calculation_usages
186 | |     from sysml_codegen.orchestration.pipeline_builder import _rewrite_virtual_bindings
    | |______________________________________________________________________________________^
187 |
188 |       extractor = SysMLDataExtractor([FIXTURES_DIR / "fusion_tea"])
    |
help: Organize imports
    |
181 |     snapshot-based pins above stay in force for the offline route."""
    -     from sysml_codegen.extraction.source_evidence import SourceForm
182 +     from sysml_codegen.orchestration.pipeline_builder import _rewrite_virtual_bindings
183 +
184 |     from sysml_codegen.extraction.extractor import SysMLDataExtractor
185 |     from sysml_codegen.extraction.hierarchy_resolver import extract_hierarchy_data
186 +     from sysml_codegen.extraction.source_evidence import SourceForm
187 |     from sysml_codegen.extraction.usage_extractor import extract_calculation_usages
    -     from sysml_codegen.orchestration.pipeline_builder import _rewrite_virtual_bindings
188 |
    |

I001 [*] Import block is un-sorted or un-formatted
  --> scripts/probes/probe_multiplicity_structure.py:21:1
   |
19 |   """
20 |
21 | / from __future__ import annotations
22 | |
23 | | import sys
24 | | from pathlib import Path
25 | | from typing import Any
26 | |
27 | | from agentic_mbse.sysml.syside_adapter import SysideAdapter
28 | | from sysml_codegen.extraction.extractor import SysMLDataExtractor
   | |_________________________________________________________________^
help: Organize imports
   |
27 | from agentic_mbse.sysml.syside_adapter import SysideAdapter
28 +
29 | from sysml_codegen.extraction.extractor import SysMLDataExtractor
   -
30 |
   |

F841 Local variable `adapter` is assigned to but never used
   --> scripts/probes/probe_multiplicity_structure.py:117:9
    |
115 |             sys.exit(1)
116 |         model = extractor.model
117 |         adapter = extractor.adapter
    |         ^^^^^^^
118 |         print("  Model loaded successfully")
119 |     except Exception as e:
    |
help: Remove assignment to unused variable `adapter`

F541 [*] f-string without any placeholders
   --> scripts/probes/probe_multiplicity_structure.py:172:19
    |
171 |             # All multiplicity attributes
172 |             print(f"    multiplicity attributes:")
    |                   ^^^^^^^^^^^^^^^^^^^^^^^^^^^^^^^
173 |             dump_all_attrs(mult, prefix="      ")
    |
help: Remove extraneous `f` prefix
    |
171 |             # All multiplicity attributes
    -             print(f"    multiplicity attributes:")
172 +             print("    multiplicity attributes:")
173 |             dump_all_attrs(mult, prefix="      ")
    |

F541 [*] f-string without any placeholders
   --> scripts/probes/probe_multiplicity_structure.py:178:19
    |
176 | …     cached_lower = safe_attr(mult, "cached_lower_bound")
177 | …     cached_upper = safe_attr(mult, "cached_upper_bound")
178 | …     print(f"\n    KEY VALUES:")
    |             ^^^^^^^^^^^^^^^^^^^^
179 | …     print(f"      cached_lower_bound: {cached_lower!r} (type: {type(cached_lower).__name__ if cached_lower != '<missing>' else 'N/A…
180 | …     print(f"      cached_upper_bound: {cached_upper!r} (type: {type(cached_upper).__name__ if cached_upper != '<missing>' else 'N/A…
    |
help: Remove extraneous `f` prefix
    |
177 |             cached_upper = safe_attr(mult, "cached_upper_bound")
    -             print(f"\n    KEY VALUES:")
178 +             print("\n    KEY VALUES:")
179 |             print(f"      cached_lower_bound: {cached_lower!r} (type: {type(cached_lower).__name__ if cached_lower != '<missing>' else 'N/A'})")
    |

E501 Line too long (144 > 100)
   --> scripts/probes/probe_multiplicity_structure.py:179:101
    |
177 | …_bound")
178 | …
179 | …wer!r} (type: {type(cached_lower).__name__ if cached_lower != '<missing>' else 'N/A'})")
    |                                              ^^^^^^^^^^^^^^^^^^^^^^^^^^^^^^^^^^^^^^^^^^^^
180 | …per!r} (type: {type(cached_upper).__name__ if cached_upper != '<missing>' else 'N/A'})")
    |

E501 Line too long (144 > 100)
   --> scripts/probes/probe_multiplicity_structure.py:180:101
    |
178 | …
179 | …wer!r} (type: {type(cached_lower).__name__ if cached_lower != '<missing>' else 'N/A'})")
180 | …per!r} (type: {type(cached_upper).__name__ if cached_upper != '<missing>' else 'N/A'})")
    |                                              ^^^^^^^^^^^^^^^^^^^^^^^^^^^^^^^^^^^^^^^^^^^^
181 | …
182 | …per != "<missing>":
    |

F541 [*] f-string without any placeholders
   --> scripts/probes/probe_multiplicity_structure.py:189:27
    |
187 |                     print(f"      upper - lower = {delta} (expected: 1 if exclusive upper bound)")
188 |                 except (ValueError, TypeError):
189 |                     print(f"      Cannot compare bounds as integers")
    |                           ^^^^^^^^^^^^^^^^^^^^^^^^^^^^^^^^^^^^^^^^^^
190 |
191 |             # Probe upper_bound chain in detail
    |
help: Remove extraneous `f` prefix
    |
188 |                 except (ValueError, TypeError):
    -                     print(f"      Cannot compare bounds as integers")
189 +                     print("      Cannot compare bounds as integers")
190 |
    |

F541 [*] f-string without any placeholders
   --> scripts/probes/probe_multiplicity_structure.py:194:23
    |
192 |             upper_bound = safe_attr(mult, "upper_bound")
193 |             if upper_bound not in (None, "<missing>"):
194 |                 print(f"\n    upper_bound chain:")
    |                       ^^^^^^^^^^^^^^^^^^^^^^^^^^^
195 |                 print(f"      type: {type_name(upper_bound)}")
196 |                 dump_all_attrs(upper_bound, prefix="        ", exclude={"owned_members", "owned_relationships"})
    |
help: Remove extraneous `f` prefix
    |
193 |             if upper_bound not in (None, "<missing>"):
    -                 print(f"\n    upper_bound chain:")
194 +                 print("\n    upper_bound chain:")
195 |                 print(f"      type: {type_name(upper_bound)}")
    |

E501 Line too long (112 > 100)
   --> scripts/probes/probe_multiplicity_structure.py:196:101
    |
194 |                 print(f"\n    upper_bound chain:")
195 |                 print(f"      type: {type_name(upper_bound)}")
196 |                 dump_all_attrs(upper_bound, prefix="        ", exclude={"owned_members", "owned_relationships"})
    |                                                                                                     ^^^^^^^^^^^^
197 |
198 |                 # Follow referent chain
    |

F541 [*] f-string without any placeholders
   --> scripts/probes/probe_multiplicity_structure.py:201:27
    |
199 |                 referent = safe_attr(upper_bound, "referent")
200 |                 if referent not in (None, "<missing>"):
201 |                     print(f"      referent:")
    |                           ^^^^^^^^^^^^^^^^^^
202 |                     print(f"        type: {type_name(referent)}")
203 |                     print(f"        name: {safe_attr(referent, 'name')!r}")
    |
help: Remove extraneous `f` prefix
    |
200 |                 if referent not in (None, "<missing>"):
    -                     print(f"      referent:")
201 +                     print("      referent:")
202 |                     print(f"        type: {type_name(referent)}")
    |

E501 Line too long (115 > 100)
   --> scripts/probes/probe_multiplicity_structure.py:218:101
    |
216 |                     ref_owner = safe_attr(referent, "owning_type")
217 |                     if ref_owner not in (None, "<missing>"):
218 |                         print(f"        owning_type: {type_name(ref_owner)} name={safe_attr(ref_owner, 'name')!r}")
    |                                                                                                     ^^^^^^^^^^^^^^^
219 |
220 |                     # Check feature_value for is_default
    |

F541 [*] f-string without any placeholders
   --> scripts/probes/probe_multiplicity_structure.py:229:23
    |
227 |             lower_bound = safe_attr(mult, "lower_bound")
228 |             if lower_bound not in (None, "<missing>"):
229 |                 print(f"\n    lower_bound chain:")
    |                       ^^^^^^^^^^^^^^^^^^^^^^^^^^^
230 |                 print(f"      type: {type_name(lower_bound)}")
231 |                 dump_all_attrs(lower_bound, prefix="        ", exclude={"owned_members", "owned_relationships"})
    |
help: Remove extraneous `f` prefix
    |
228 |             if lower_bound not in (None, "<missing>"):
    -                 print(f"\n    lower_bound chain:")
229 +                 print("\n    lower_bound chain:")
230 |                 print(f"      type: {type_name(lower_bound)}")
    |

E501 Line too long (112 > 100)
   --> scripts/probes/probe_multiplicity_structure.py:231:101
    |
229 |                 print(f"\n    lower_bound chain:")
230 |                 print(f"      type: {type_name(lower_bound)}")
231 |                 dump_all_attrs(lower_bound, prefix="        ", exclude={"owned_members", "owned_relationships"})
    |                                                                                                     ^^^^^^^^^^^^
232 |
233 |         total_without_mult += len(children_without_mult)
    |

F541 [*] f-string without any placeholders
   --> scripts/probes/probe_multiplicity_structure.py:275:11
    |
274 |     # Verify our hierarchy_resolver produces correct MultiplicityData
275 |     print(f"\n--- Verifying hierarchy_resolver output ---")
    |           ^^^^^^^^^^^^^^^^^^^^^^^^^^^^^^^^^^^^^^^^^^^^^^^^
276 |     try:
277 |         from sysml_codegen.extraction.hierarchy_resolver import extract_hierarchy_data
    |
help: Remove extraneous `f` prefix
    |
274 |     # Verify our hierarchy_resolver produces correct MultiplicityData
    -     print(f"\n--- Verifying hierarchy_resolver output ---")
275 +     print("\n--- Verifying hierarchy_resolver output ---")
276 |     try:
    |

E501 Line too long (110 > 100)
   --> scripts/probes/probe_multiplicity_structure.py:283:101
    |
281 |         for md in hierarchy.multiplicities:
282 |             print(f"    {md.owning_part_def_qn}.{md.part_usage_name}:")
283 |             print(f"      count={md.count}, count_attr={md.count_attribute_name}, default={md.default_value}")
    |                                                                                                     ^^^^^^^^^^
284 |     except Exception as e:
285 |         print(f"  ERROR: {e}")
    |

I001 [*] Import block is un-sorted or un-formatted
  --> scripts/probes/probe_redefinition_structure.py:20:1
   |
18 |   """
19 |
20 | / from __future__ import annotations
21 | |
22 | | import sys
23 | | from pathlib import Path
24 | | from typing import Any
25 | |
26 | | from agentic_mbse.sysml.syside_adapter import SysideAdapter
27 | | from sysml_codegen.extraction.extractor import SysMLDataExtractor
28 | |
29 | | from sysml_codegen.extraction.expression_utils import (
30 | |     extract_feature_chain_name,
31 | |     extract_feature_reference_name,
32 | |     is_literal_expression,
33 | |     extract_literal_value,
34 | |     reconstruct_expression,
35 | | )
   | |_^
help: Organize imports
   |
26 | from agentic_mbse.sysml.syside_adapter import SysideAdapter
   - from sysml_codegen.extraction.extractor import SysMLDataExtractor
27 |
28 | from sysml_codegen.extraction.expression_utils import (
29 |     extract_feature_chain_name,
30 |     extract_feature_reference_name,
   -     is_literal_expression,
31 |     extract_literal_value,
32 +     is_literal_expression,
33 |     reconstruct_expression,
34 | )
   -
35 + from sysml_codegen.extraction.extractor import SysMLDataExtractor
36 |
   |

F841 Local variable `adapter` is assigned to but never used
   --> scripts/probes/probe_redefinition_structure.py:121:9
    |
119 |             sys.exit(1)
120 |         model = extractor.model
121 |         adapter = extractor.adapter
    |         ^^^^^^^
122 |         print("  Model loaded successfully")
123 |     except Exception as e:
    |
help: Remove assignment to unused variable `adapter`

E501 Line too long (107 > 100)
   --> scripts/probes/probe_redefinition_structure.py:218:101
    |
216 |                 print(f"\n  :>> {r['attr_name']}{deep_marker}{sum_marker}")
217 |                 print(f"    member: {r['member_type']} name={r['member_name']!r}")
218 |                 print(f"    redefined_feature: {r['redef_feature_type']} name={r['redef_feature_name']!r}")
    |                                                                                                     ^^^^^^^
219 |                 if r["is_deep_path"]:
220 |                     print(f"    chaining_features: {r['chaining']}")
    |

F541 [*] f-string without any placeholders
   --> scripts/probes/probe_redefinition_structure.py:237:11
    |
236 |     # Alias pattern analysis
237 |     print(f"\n--- ALIAS candidates (CHAIN/REFERENCE expressions) ---")
    |           ^^^^^^^^^^^^^^^^^^^^^^^^^^^^^^^^^^^^^^^^^^^^^^^^^^^^^^^^^^^
238 |     print(f"Count: {len(alias_candidates)}")
239 |     for ac in alias_candidates:
    |
help: Remove extraneous `f` prefix
    |
236 |     # Alias pattern analysis
    -     print(f"\n--- ALIAS candidates (CHAIN/REFERENCE expressions) ---")
237 +     print("\n--- ALIAS candidates (CHAIN/REFERENCE expressions) ---")
238 |     print(f"Count: {len(alias_candidates)}")
    |

F541 [*] f-string without any placeholders
   --> scripts/probes/probe_redefinition_structure.py:244:11
    |
242 |     # Look specifically for the pattern where attr_name != source_path
243 |     # e.g., :>> total_capex = capital_cost
244 |     print(f"\n--- Potential ALIAS rewrites (attr != source) ---")
    |           ^^^^^^^^^^^^^^^^^^^^^^^^^^^^^^^^^^^^^^^^^^^^^^^^^^^^^^
245 |     for ac in alias_candidates:
246 |         source = ac["expr_class"]
    |
help: Remove extraneous `f` prefix
    |
243 |     # e.g., :>> total_capex = capital_cost
    -     print(f"\n--- Potential ALIAS rewrites (attr != source) ---")
244 +     print("\n--- Potential ALIAS rewrites (attr != source) ---")
245 |     for ac in alias_candidates:
    |

F541 [*] f-string without any placeholders
   --> scripts/probes/probe_redefinition_structure.py:259:11
    |
258 |     # Aggregation pattern analysis
259 |     print(f"\n--- AGGREGATION candidates (contain sum()) ---")
    |           ^^^^^^^^^^^^^^^^^^^^^^^^^^^^^^^^^^^^^^^^^^^^^^^^^^^
260 |     print(f"Count: {len(aggregation_candidates)}")
261 |     for ag in aggregation_candidates:
    |
help: Remove extraneous `f` prefix
    |
258 |     # Aggregation pattern analysis
    -     print(f"\n--- AGGREGATION candidates (contain sum()) ---")
259 +     print("\n--- AGGREGATION candidates (contain sum()) ---")
260 |     print(f"Count: {len(aggregation_candidates)}")
    |

I001 [*] Import block is un-sorted or un-formatted
  --> scripts/probes/probe_sum_ast_structure.py:18:1
   |
16 |   """
17 |
18 | / from __future__ import annotations
19 | |
20 | | import sys
21 | | from pathlib import Path
22 | | from typing import Any
23 | |
24 | | from agentic_mbse.sysml.syside_adapter import SysideAdapter
25 | | from sysml_codegen.extraction.extractor import SysMLDataExtractor
   | |_________________________________________________________________^
help: Organize imports
   |
24 | from agentic_mbse.sysml.syside_adapter import SysideAdapter
25 +
26 | from sysml_codegen.extraction.extractor import SysMLDataExtractor
   -
27 |
   |

F841 Local variable `adapter` is assigned to but never used
   --> scripts/probes/probe_sum_ast_structure.py:157:9
    |
155 |             sys.exit(1)
156 |         model = extractor.model
157 |         adapter = extractor.adapter
    |         ^^^^^^^
158 |         print("  Model loaded successfully")
159 |     except Exception as e:
    |
help: Remove assignment to unused variable `adapter`

F541 [*] f-string without any placeholders
   --> scripts/probes/probe_sum_ast_structure.py:199:19
    |
198 |             # Print the FULL expression tree for context
199 |             print(f"\n--- Full expression tree ---")
    |                   ^^^^^^^^^^^^^^^^^^^^^^^^^^^^^^^^^
200 |             walk_and_print(expr, indent=1)
    |
help: Remove extraneous `f` prefix
    |
198 |             # Print the FULL expression tree for context
    -             print(f"\n--- Full expression tree ---")
199 +             print("\n--- Full expression tree ---")
200 |             walk_and_print(expr, indent=1)
    |

F541 [*] f-string without any placeholders
   --> scripts/probes/probe_sum_ast_structure.py:223:35
    |
221 | …                     op_func_name = safe_attr(op_func, "name", None)
222 | …                     print(f"    function.name: {op_func_name!r}")
223 | …                     print(f"    >>> This IS an InvocationExpression wrapper!")
    |                             ^^^^^^^^^^^^^^^^^^^^^^^^^^^^^^^^^^^^^^^^^^^^^^^^^^^
224 | …
225 | …                     # Recurse into wrapper operands
    |
help: Remove extraneous `f` prefix
    |
222 |                             print(f"    function.name: {op_func_name!r}")
    -                             print(f"    >>> This IS an InvocationExpression wrapper!")
223 +                             print("    >>> This IS an InvocationExpression wrapper!")
224 |
    |

F541 [*] f-string without any placeholders
   --> scripts/probes/probe_sum_ast_structure.py:233:39
    |
231 |                                     walk_and_print(wop, indent=4, max_depth=5)
232 |                             except (TypeError, AttributeError):
233 |                                 print(f"    wrapper has no operands")
    |                                       ^^^^^^^^^^^^^^^^^^^^^^^^^^^^^^
234 |                         else:
235 |                             # Direct feature reference (no wrapper)
    |
help: Remove extraneous `f` prefix
    |
232 |                             except (TypeError, AttributeError):
    -                                 print(f"    wrapper has no operands")
233 +                                 print("    wrapper has no operands")
234 |                         else:
    |

F541 [*] f-string without any placeholders
   --> scripts/probes/probe_sum_ast_structure.py:236:35
    |
234 |                         else:
235 |                             # Direct feature reference (no wrapper)
236 |                             print(f"    >>> This is NOT an InvocationExpression wrapper")
    |                                   ^^^^^^^^^^^^^^^^^^^^^^^^^^^^^^^^^^^^^^^^^^^^^^^^^^^^^^
237 |                             walk_and_print(operand, indent=3, max_depth=5)
    |
help: Remove extraneous `f` prefix
    |
235 |                             # Direct feature reference (no wrapper)
    -                             print(f"    >>> This is NOT an InvocationExpression wrapper")
236 +                             print("    >>> This is NOT an InvocationExpression wrapper")
237 |                             walk_and_print(operand, indent=3, max_depth=5)
    |

F541 [*] f-string without any placeholders
   --> scripts/probes/probe_sum_ast_structure.py:240:31
    |
239 |                         # Try to extract the chain/reference name regardless
240 |                         print(f"\n    Attempting name extraction:")
    |                               ^^^^^^^^^^^^^^^^^^^^^^^^^^^^^^^^^^^^
241 |                         from sysml_codegen.extraction.expression_utils import (
242 |                             extract_feature_chain_name,
    |
help: Remove extraneous `f` prefix
    |
239 |                         # Try to extract the chain/reference name regardless
    -                         print(f"\n    Attempting name extraction:")
240 +                         print("\n    Attempting name extraction:")
241 |                         from sysml_codegen.extraction.expression_utils import (
    |

I001 [*] Import block is un-sorted or un-formatted
   --> scripts/probes/probe_sum_ast_structure.py:255:29
    |
253 | …                     print(f"    => Not a direct chain/ref, type={type_name(operand)}")
254 | …                     # Try unwrapping
255 | …                     from sysml_codegen.extraction.hierarchy_resolver import _unwrap_invocation
    |                       ^^^^^^^^^^^^^^^^^^^^^^^^^^^^^^^^^^^^^^^^^^^^^^^^^^^^^^^^^^^^^^^^^^^^^^^^^^
256 | …                     unwrapped = _unwrap_invocation(operand)
257 | …                     if unwrapped is not operand:
    |
help: Organize imports
    |
254 |                             # Try unwrapping
    -                             from sysml_codegen.extraction.hierarchy_resolver import _unwrap_invocation
255 +                             from sysml_codegen.extraction.hierarchy_resolver import (
256 +                                 _unwrap_invocation,
257 +                             )
258 |                             unwrapped = _unwrap_invocation(operand)
    |

E501 Line too long (102 > 100)
   --> scripts/probes/probe_sum_ast_structure.py:255:101
    |
253 | …                     print(f"    => Not a direct chain/ref, type={type_name(operand)}")
254 | …                     # Try unwrapping
255 | …                     from sysml_codegen.extraction.hierarchy_resolver import _unwrap_invocation
    |                                                                                               ^^
256 | …                     unwrapped = _unwrap_invocation(operand)
257 | …                     if unwrapped is not operand:
    |

E501 Line too long (104 > 100)
   --> scripts/probes/probe_sum_ast_structure.py:262:101
    |
260 | …                         name = extract_feature_chain_name(unwrapped)
261 | …                         print(f"    => Unwrapped chain name: {name}")
262 | …                     elif SysideAdapter.is_instance(unwrapped, "FeatureReferenceExpression"):
    |                                                                                           ^^^^
263 | …                         name = extract_feature_reference_name(unwrapped)
264 | …                         print(f"    => Unwrapped ref name: {name}")
    |

E501 Line too long (110 > 100)
   --> scripts/probes/probe_sum_ast_structure.py:266:101
    |
264 | …                             print(f"    => Unwrapped ref name: {name}")
265 | …                         else:
266 | …                             print(f"    => Unwrapped but still not chain/ref: {type_name(unwrapped)}")
    |                                                                                               ^^^^^^^^^^
267 | …                     else:
268 | …                         print(f"    => _unwrap_invocation returned same node (no wrapper found)")
    |

F541 [*] f-string without any placeholders
   --> scripts/probes/probe_sum_ast_structure.py:268:39
    |
266 |                                     print(f"    => Unwrapped but still not chain/ref: {type_name(unwrapped)}")
267 |                             else:
268 |                                 print(f"    => _unwrap_invocation returned same node (no wrapper found)")
    |                                       ^^^^^^^^^^^^^^^^^^^^^^^^^^^^^^^^^^^^^^^^^^^^^^^^^^^^^^^^^^^^^^^^^^
269 |
270 |                 except (TypeError, AttributeError) as e:
    |
help: Remove extraneous `f` prefix
    |
267 |                             else:
    -                                 print(f"    => _unwrap_invocation returned same node (no wrapper found)")
268 +                                 print("    => _unwrap_invocation returned same node (no wrapper found)")
269 |
    |

E501 Line too long (105 > 100)
   --> scripts/probes/probe_sum_ast_structure.py:268:101
    |
266 |                                     print(f"    => Unwrapped but still not chain/ref: {type_name(unwrapped)}")
267 |                             else:
268 |                                 print(f"    => _unwrap_invocation returned same node (no wrapper found)")
    |                                                                                                     ^^^^^
269 |
270 |                 except (TypeError, AttributeError) as e:
    |

E501 Line too long (110 > 100)
   --> scripts/probes/probe_sum_ast_structure.py:303:101
    |
301 |     if func not in (None, "<missing>"):
302 |         func_name = safe_attr(func, "name", "<no name>")
303 |         print(f"  {part_name}.{attr_name}: InvocationExpression function.name={func_name!r} at depth={depth}")
    |                                                                                                     ^^^^^^^^^^
304 |         print(f"    node type: {type_name(node)}")
305 |         try:
    |

I001 [*] Import block is un-sorted or un-formatted
  --> scripts/spike_attribute_expressions.py:15:1
   |
13 |   """
14 |
15 | / from __future__ import annotations
16 | |
17 | | import datetime
18 | | import sys
19 | | from dataclasses import dataclass, field
20 | | from pathlib import Path
21 | | from typing import Any
22 | |
23 | | from agentic_mbse.sysml.expression import (
24 | |     extract_feature_refs,
25 | |     extract_operators,
26 | |     traverse_expression,
27 | | )
28 | | from agentic_mbse.sysml.syside_adapter import SysideAdapter
29 | |
30 | | from sysml_codegen.extraction.expression_compiler import (
31 | |     CompilationError,
32 | |     build_expression_ast,
33 | |     compile_expression,
34 | | )
35 | | from sysml_codegen.extraction.expression_utils import (
36 | |     extract_feature_chain_name,
37 | |     extract_feature_reference_name,
38 | |     reconstruct_expression,
39 | | )
40 | | from sysml_codegen.extraction.extractor import SysMLDataExtractor
   | |_________________________________________________________________^
help: Organize imports
   |
41 |
   -
42 | # ---------------------------------------------------------------------------
   |

F401 [*] `agentic_mbse.sysml.syside_adapter.SysideAdapter` imported but unused
  --> scripts/spike_attribute_expressions.py:28:47
   |
26 |     traverse_expression,
27 | )
28 | from agentic_mbse.sysml.syside_adapter import SysideAdapter
   |                                               ^^^^^^^^^^^^^
29 |
30 | from sysml_codegen.extraction.expression_compiler import (
   |
help: Remove unused import: `agentic_mbse.sysml.syside_adapter.SysideAdapter`
   |
27 | )
   - from agentic_mbse.sysml.syside_adapter import SysideAdapter
28 |
   |

F401 [*] `sysml_codegen.extraction.expression_utils.extract_feature_chain_name` imported but unused
  --> scripts/spike_attribute_expressions.py:36:5
   |
34 | )
35 | from sysml_codegen.extraction.expression_utils import (
36 |     extract_feature_chain_name,
   |     ^^^^^^^^^^^^^^^^^^^^^^^^^^
37 |     extract_feature_reference_name,
38 |     reconstruct_expression,
   |
help: Remove unused import
   |
35 | from sysml_codegen.extraction.expression_utils import (
   -     extract_feature_chain_name,
   -     extract_feature_reference_name,
36 |     reconstruct_expression,
   |

F401 [*] `sysml_codegen.extraction.expression_utils.extract_feature_reference_name` imported but unused
  --> scripts/spike_attribute_expressions.py:37:5
   |
35 | from sysml_codegen.extraction.expression_utils import (
36 |     extract_feature_chain_name,
37 |     extract_feature_reference_name,
   |     ^^^^^^^^^^^^^^^^^^^^^^^^^^^^^^
38 |     reconstruct_expression,
39 | )
   |
help: Remove unused import
   |
35 | from sysml_codegen.extraction.expression_utils import (
   -     extract_feature_chain_name,
   -     extract_feature_reference_name,
36 |     reconstruct_expression,
   |

F541 [*] f-string without any placeholders
   --> scripts/spike_attribute_expressions.py:406:17
    |
404 |         if sr.api_fields_sample:
405 |             lines.append(
406 |                 f"\n  FR-8: API fields on first attribute with expression:"
    |                 ^^^^^^^^^^^^^^^^^^^^^^^^^^^^^^^^^^^^^^^^^^^^^^^^^^^^^^^^^^^
407 |             )
408 |             for fname, present in sr.api_fields_sample.items():
    |
help: Remove extraneous `f` prefix
    |
405 |             lines.append(
    -                 f"\n  FR-8: API fields on first attribute with expression:"
406 +                 "\n  FR-8: API fields on first attribute with expression:"
407 |             )
    |

I001 [*] Import block is un-sorted or un-formatted
  --> scripts/spike_classify_compilability.py:13:1
   |
11 |   """
12 |
13 | / from __future__ import annotations
14 | |
15 | | import ast
16 | | import sys
17 | | import textwrap
18 | | from dataclasses import dataclass, field
19 | | from pathlib import Path
20 | | from typing import Any
21 | |
22 | | from agentic_mbse.sysml.expression import extract_feature_refs
23 | | from agentic_mbse.sysml.syside_adapter import SysideAdapter
24 | |
25 | | from sysml_codegen.extraction.extractor import SysMLDataExtractor
26 | |
27 | | # Reuse infrastructure from Q3 script
28 | | from spike_compile_expressions import (
29 | |     compile_expression,
30 | |     sanitize_name,
31 | |     load_and_extract,
32 | |     get_all_member_names,
33 | |     get_output_expression,
34 | |     build_dependency_graph,
35 | |     topological_sort,
36 | |     compile_calc_def_body,
37 | |     generate_test_inputs,
38 | |     compare_compiled_vs_handwritten,
39 | |     HANDWRITTEN_IMPL_DIR,
40 | | )
   | |_^
help: Organize imports
   |
24 |
   - from sysml_codegen.extraction.extractor import SysMLDataExtractor
   -
25 | # Reuse infrastructure from Q3 script
26 | from spike_compile_expressions import (
27 +     HANDWRITTEN_IMPL_DIR,
28 +     build_dependency_graph,
29 +     compare_compiled_vs_handwritten,
30 +     compile_calc_def_body,
31 |     compile_expression,
   -     sanitize_name,
   -     load_and_extract,
32 +     generate_test_inputs,
33 |     get_all_member_names,
34 |     get_output_expression,
   -     build_dependency_graph,
35 +     load_and_extract,
36 +     sanitize_name,
37 |     topological_sort,
   -     compile_calc_def_body,
   -     generate_test_inputs,
   -     compare_compiled_vs_handwritten,
   -     HANDWRITTEN_IMPL_DIR,
38 | )
39 |
40 + from sysml_codegen.extraction.extractor import SysMLDataExtractor
41 |
   |

F401 [*] `agentic_mbse.sysml.syside_adapter.SysideAdapter` imported but unused
  --> scripts/spike_classify_compilability.py:23:47
   |
22 | from agentic_mbse.sysml.expression import extract_feature_refs
23 | from agentic_mbse.sysml.syside_adapter import SysideAdapter
   |                                               ^^^^^^^^^^^^^
24 |
25 | from sysml_codegen.extraction.extractor import SysMLDataExtractor
   |
help: Remove unused import: `agentic_mbse.sysml.syside_adapter.SysideAdapter`
   |
22 | from agentic_mbse.sysml.expression import extract_feature_refs
   - from agentic_mbse.sysml.syside_adapter import SysideAdapter
23 |
   |

F401 [*] `sysml_codegen.extraction.extractor.SysMLDataExtractor` imported but unused
  --> scripts/spike_classify_compilability.py:25:48
   |
23 | from agentic_mbse.sysml.syside_adapter import SysideAdapter
24 |
25 | from sysml_codegen.extraction.extractor import SysMLDataExtractor
   |                                                ^^^^^^^^^^^^^^^^^^
26 |
27 | # Reuse infrastructure from Q3 script
   |
help: Remove unused import: `sysml_codegen.extraction.extractor.SysMLDataExtractor`
   |
24 |
   - from sysml_codegen.extraction.extractor import SysMLDataExtractor
25 |
   |

E501 Line too long (105 > 100)
   --> scripts/spike_classify_compilability.py:183:101
    |
181 |                         ui_expr, input_names, output_names, all_member_names, ctx,
182 |                     )
183 |                     if "UNRESOLVED_" in compiled or "UNSUPPORTED_" in compiled or "UNKNOWN_" in compiled:
    |                                                                                                     ^^^^^
184 |                         uncompilable_undeclared.append(f"{ui_name}: unresolvable refs in expression")
185 |                     else:
    |

E501 Line too long (101 > 100)
   --> scripts/spike_classify_compilability.py:184:101
    |
182 |                     )
183 |                     if "UNRESOLVED_" in compiled or "UNSUPPORTED_" in compiled or "UNKNOWN_" in compiled:
184 |                         uncompilable_undeclared.append(f"{ui_name}: unresolvable refs in expression")
    |                                                                                                     ^
185 |                     else:
186 |                         try:
    |

E501 Line too long (105 > 100)
   --> scripts/spike_classify_compilability.py:193:101
    |
191 |             if uncompilable_undeclared:
192 |                 verdict = "PARTIALLY_COMPILABLE"
193 |                 reason = "undeclared intermediates not compilable: " + "; ".join(uncompilable_undeclared)
    |                                                                                                     ^^^^^
194 |             else:
195 |                 verdict = "FULLY_COMPILABLE"
    |

N806 Variable `GROUND_TRUTH_SUITES` in function should be lowercase
   --> scripts/spike_classify_compilability.py:300:5
    |
298 |     q3_results: dict[str, dict] = {}
299 |
300 |     GROUND_TRUTH_SUITES = {"solar_battery_model"}
    |     ^^^^^^^^^^^^^^^^^^^
301 |
302 |     for raw_elem in raw_elems:
    |

E501 Line too long (126 > 100)
   --> scripts/spike_classify_compilability.py:329:101
    |
327 |             # Ground truth comparison (when handwritten impls exist)
328 |             ground_truth_match: bool | None = None  # None = no ground truth available
329 |             if label in GROUND_TRUTH_SUITES and body is not None and exec_order is not None and HANDWRITTEN_IMPL_DIR.exists():
    |                                                                                                     ^^^^^^^^^^^^^^^^^^^^^^^^^^
330 |                 impl_name = name.lower() + "_impl.py"
331 |                 impl_path = HANDWRITTEN_IMPL_DIR / impl_name
    |

E501 Line too long (119 > 100)
   --> scripts/spike_classify_compilability.py:335:101
    |
333 |                     input_dict = generate_test_inputs(calc_def)
334 |                     # Only use declared output names for return value comparison
335 |                     output_names_ordered = [n for n in exec_order if n in {a.name for a in calc_def.output_attributes}]
    |                                                                                                     ^^^^^^^^^^^^^^^^^^^
336 |                     cr = compare_compiled_vs_handwritten(
337 |                         calc_def, body, impl_path, input_dict, output_names_ordered,
    |

E501 Line too long (108 > 100)
   --> scripts/spike_classify_compilability.py:403:101
    |
401 |         elif cls.cross_ref_ok is None:
402 |             xref_str = "-"
403 |         reason_str = (cls.reason[:38] + "..") if cls.reason and len(cls.reason) > 40 else (cls.reason or "")
    |                                                                                                     ^^^^^^^^
404 |         print(
405 |             f"{cls.suite:<20} {cls.calc_name:<30} {cls.verdict:<22} "
    |

F541 [*] f-string without any placeholders
   --> scripts/spike_classify_compilability.py:410:11
    |
409 |     # Summary counts per suite
410 |     print(f"\n--- Summary by Suite ---")
    |           ^^^^^^^^^^^^^^^^^^^^^^^^^^^^^
411 |     print(f"{'Suite':<20} {'Total':<8} {'FULLY':<8} {'PARTIAL':<10} {'MANUAL':<10}")
412 |     print("-" * 60)
    |
help: Remove extraneous `f` prefix
    |
409 |     # Summary counts per suite
    -     print(f"\n--- Summary by Suite ---")
410 +     print("\n--- Summary by Suite ---")
411 |     print(f"{'Suite':<20} {'Total':<8} {'FULLY':<8} {'PARTIAL':<10} {'MANUAL':<10}")
    |

F541 [*] f-string without any placeholders
   --> scripts/spike_classify_compilability.py:431:11
    |
430 |     # Cross-reference summary
431 |     print(f"\n--- Cross-Reference Summary ---")
    |           ^^^^^^^^^^^^^^^^^^^^^^^^^^^^^^^^^^^^
432 |     xref_count = sum(1 for c in all_classifications if c.cross_ref_ok is not None)
433 |     xref_pass = sum(1 for c in all_classifications if c.cross_ref_ok is True)
    |
help: Remove extraneous `f` prefix
    |
430 |     # Cross-reference summary
    -     print(f"\n--- Cross-Reference Summary ---")
431 +     print("\n--- Cross-Reference Summary ---")
432 |     xref_count = sum(1 for c in all_classifications if c.cross_ref_ok is not None)
    |

F541 [*] f-string without any placeholders
   --> scripts/spike_classify_compilability.py:447:11
    |
445 |     print(f"Passed: {xref_pass}")
446 |     print(f"Failed (false positives): {xref_fail}")
447 |     print(f"\nFULLY_COMPILABLE validation breakdown:")
    |           ^^^^^^^^^^^^^^^^^^^^^^^^^^^^^^^^^^^^^^^^^^^
448 |     print(f"  Semantic (ground truth match): {semantic_count}")
449 |     print(f"  Syntax-only (no ground truth): {syntax_only}")
    |
help: Remove extraneous `f` prefix
    |
446 |     print(f"Failed (false positives): {xref_fail}")
    -     print(f"\nFULLY_COMPILABLE validation breakdown:")
447 +     print("\nFULLY_COMPILABLE validation breakdown:")
448 |     print(f"  Semantic (ground truth match): {semantic_count}")
    |

F541 [*] f-string without any placeholders
   --> scripts/spike_classify_compilability.py:457:15
    |
455 |         print("\nWARNING: False positives found! Classifier is NOT safe.")
456 |     else:
457 |         print(f"\nZero false positives confirmed.")
    |               ^^^^^^^^^^^^^^^^^^^^^^^^^^^^^^^^^^^^
458 |
459 |     # False negative inventory
    |
help: Remove extraneous `f` prefix
    |
456 |     else:
    -         print(f"\nZero false positives confirmed.")
457 +         print("\nZero false positives confirmed.")
458 |
    |

F541 [*] f-string without any placeholders
   --> scripts/spike_classify_compilability.py:460:11
    |
459 |     # False negative inventory
460 |     print(f"\n--- False Negative Inventory ---")
    |           ^^^^^^^^^^^^^^^^^^^^^^^^^^^^^^^^^^^^^
461 |     print("(MANUAL_REQUIRED CalcDefs that have some compilable outputs)")
462 |     fn_count = 0
    |
help: Remove extraneous `f` prefix
    |
459 |     # False negative inventory
    -     print(f"\n--- False Negative Inventory ---")
460 +     print("\n--- False Negative Inventory ---")
461 |     print("(MANUAL_REQUIRED CalcDefs that have some compilable outputs)")
    |

F541 [*] f-string without any placeholders
   --> scripts/spike_classify_compilability.py:474:11
    |
473 |     # Per-output details for non-FULLY CalcDefs
474 |     print(f"\n--- Non-FULLY_COMPILABLE Output Details ---")
    |           ^^^^^^^^^^^^^^^^^^^^^^^^^^^^^^^^^^^^^^^^^^^^^^^^
475 |     for cls in all_classifications:
476 |         if cls.verdict != "FULLY_COMPILABLE":
    |
help: Remove extraneous `f` prefix
    |
473 |     # Per-output details for non-FULLY CalcDefs
    -     print(f"\n--- Non-FULLY_COMPILABLE Output Details ---")
474 +     print("\n--- Non-FULLY_COMPILABLE Output Details ---")
475 |     for cls in all_classifications:
    |

I001 [*] Import block is un-sorted or un-formatted
  --> scripts/spike_compile_expressions.py:21:1
   |
19 |   """
20 |
21 | / from __future__ import annotations
22 | |
23 | | import ast
24 | | import hashlib
25 | | import sys
26 | | import textwrap
27 | | from dataclasses import dataclass, field
28 | | from pathlib import Path
29 | | from types import SimpleNamespace
30 | | from typing import Any
31 | |
32 | | from agentic_mbse.sysml.expression import extract_feature_refs, extract_operators
33 | | from agentic_mbse.sysml.syside_adapter import SysideAdapter
34 | |
35 | | from sysml_codegen.extraction.extractor import SysMLDataExtractor
   | |_________________________________________________________________^
help: Organize imports
   |
36 |
   -
37 | # ---------------------------------------------------------------------------
   |

F401 [*] `agentic_mbse.sysml.expression.extract_operators` imported but unused
  --> scripts/spike_compile_expressions.py:32:65
   |
30 | from typing import Any
31 |
32 | from agentic_mbse.sysml.expression import extract_feature_refs, extract_operators
   |                                                                 ^^^^^^^^^^^^^^^^^
33 | from agentic_mbse.sysml.syside_adapter import SysideAdapter
   |
help: Remove unused import: `agentic_mbse.sysml.expression.extract_operators`
   |
31 |
   - from agentic_mbse.sysml.expression import extract_feature_refs, extract_operators
32 + from agentic_mbse.sysml.expression import extract_feature_refs
33 | from agentic_mbse.sysml.syside_adapter import SysideAdapter
   |

E501 Line too long (111 > 100)
   --> scripts/spike_compile_expressions.py:195:101
    |
193 |         if operator == "[":
194 |             if operands:
195 |                 result = compile_expression(operands[0], input_names, output_names, all_member_names, _context)
    |                                                                                                     ^^^^^^^^^^^
196 |                 OPERATOR_ENCOUNTERS[operator].append(f"<unit annotation> -> {result}")
197 |                 return result
    |

E501 Line too long (108 > 100)
   --> scripts/spike_compile_expressions.py:207:101
    |
205 |             # Unary operator (e.g., negation)
206 |             _context["has_unary_negation"] = True
207 |             operand = compile_expression(operands[0], input_names, output_names, all_member_names, _context)
    |                                                                                                     ^^^^^^^^
208 |             result = f"(-{operand})" if operator == "-" else f"({operator}{operand})"
209 |             OPERATOR_ENCOUNTERS[operator].append(result)
    |

E501 Line too long (105 > 100)
   --> scripts/spike_compile_expressions.py:213:101
    |
212 |         if len(operands) == 2:
213 |             left = compile_expression(operands[0], input_names, output_names, all_member_names, _context)
    |                                                                                                     ^^^^^
214 |             right = compile_expression(operands[1], input_names, output_names, all_member_names, _context)
215 |             result = f"({left}{py_op}{right})"
    |

E501 Line too long (106 > 100)
   --> scripts/spike_compile_expressions.py:214:101
    |
212 |         if len(operands) == 2:
213 |             left = compile_expression(operands[0], input_names, output_names, all_member_names, _context)
214 |             right = compile_expression(operands[1], input_names, output_names, all_member_names, _context)
    |                                                                                                     ^^^^^^
215 |             result = f"({left}{py_op}{right})"
216 |             OPERATOR_ENCOUNTERS[operator].append(result)
    |

E501 Line too long (107 > 100)
   --> scripts/spike_compile_expressions.py:294:101
    |
292 |         member_name = sanitize_name(member.name)
293 |         if member_name == output_name:
294 |             if hasattr(member, "feature_value_expression") and member.feature_value_expression is not None:
    |                                                                                                     ^^^^^^^
295 |                 return member.feature_value_expression
296 |     return None
    |

E501 Line too long (107 > 100)
   --> scripts/spike_compile_expressions.py:306:101
    |
304 |         name = sanitize_name(getattr(member, "name", None))
305 |         if name == member_name:
306 |             if hasattr(member, "feature_value_expression") and member.feature_value_expression is not None:
    |                                                                                                     ^^^^^^^
307 |                 return member.feature_value_expression
308 |     return None
    |

F541 [*] f-string without any placeholders
   --> scripts/spike_compile_expressions.py:773:11
    |
772 |     # Print per-output results table
773 |     print(f"\n--- Per-Output Compilation Results ---")
    |           ^^^^^^^^^^^^^^^^^^^^^^^^^^^^^^^^^^^^^^^^^^^
774 |     print(f"{'CalcDef':<30} {'Output':<25} {'Compiled':<50} {'Valid':<6} {'Notes':<30}")
775 |     print("-" * 145)
    |
help: Remove extraneous `f` prefix
    |
772 |     # Print per-output results table
    -     print(f"\n--- Per-Output Compilation Results ---")
773 +     print("\n--- Per-Output Compilation Results ---")
774 |     print(f"{'CalcDef':<30} {'Output':<25} {'Compiled':<50} {'Valid':<6} {'Notes':<30}")
    |

E501 Line too long (116 > 100)
   --> scripts/spike_compile_expressions.py:779:101
    |
777 |         for i, r in enumerate(cdr.output_results):
778 |             calc_col = cdr.calc_name if i == 0 else ""
779 |             compiled_str = (r.compiled[:47] + "...") if r.compiled and len(r.compiled) > 50 else (r.compiled or "-")
    |                                                                                                     ^^^^^^^^^^^^^^^^
780 |             valid_str = "PASS" if r.ast_valid else "FAIL"
781 |             notes: list[str] = []
    |

E501 Line too long (106 > 100)
   --> scripts/spike_compile_expressions.py:793:101
    |
791 |                 notes.append(f"LitVal={r.literal_value_type}")
792 |             notes_str = ", ".join(notes)
793 |             print(f"{calc_col:<30} {r.output_name:<25} {compiled_str:<50} {valid_str:<6} {notes_str:<30}")
    |                                                                                                     ^^^^^^
794 |
795 |     # Print full-body summary
    |

F541 [*] f-string without any placeholders
   --> scripts/spike_compile_expressions.py:796:11
    |
795 |     # Print full-body summary
796 |     print(f"\n--- Full Function Body Summary ---")
    |           ^^^^^^^^^^^^^^^^^^^^^^^^^^^^^^^^^^^^^^^
797 |     print(f"{'CalcDef':<30} {'Outputs':<8} {'ExecOrder':<45} {'BodyValid':<10} {'Notes':<30}")
798 |     print("-" * 125)
    |
help: Remove extraneous `f` prefix
    |
795 |     # Print full-body summary
    -     print(f"\n--- Full Function Body Summary ---")
796 +     print("\n--- Full Function Body Summary ---")
797 |     print(f"{'CalcDef':<30} {'Outputs':<8} {'ExecOrder':<45} {'BodyValid':<10} {'Notes':<30}")
    |

N806 Variable `GROUND_TRUTH_SUITES` in function should be lowercase
   --> scripts/spike_compile_expressions.py:818:5
    |
817 |     # Phase 3: Ground truth comparison (when handwritten impls exist)
818 |     GROUND_TRUTH_SUITES = {"solar_battery_model"}
    |     ^^^^^^^^^^^^^^^^^^^
819 |     if do_comparison and label in GROUND_TRUTH_SUITES and HANDWRITTEN_IMPL_DIR.exists():
820 |         print(f"\n--- Ground Truth Comparison (Phase 3) ---")
    |

F541 [*] f-string without any placeholders
   --> scripts/spike_compile_expressions.py:820:15
    |
818 |     GROUND_TRUTH_SUITES = {"solar_battery_model"}
819 |     if do_comparison and label in GROUND_TRUTH_SUITES and HANDWRITTEN_IMPL_DIR.exists():
820 |         print(f"\n--- Ground Truth Comparison (Phase 3) ---")
    |               ^^^^^^^^^^^^^^^^^^^^^^^^^^^^^^^^^^^^^^^^^^^^^^
821 |         print(f"Handwritten impls dir: {HANDWRITTEN_IMPL_DIR}")
822 |         print(f"{'CalcDef':<30} {'Status':<12} {'MaxRelErr':<15} {'Notes':<50}")
    |
help: Remove extraneous `f` prefix
    |
819 |     if do_comparison and label in GROUND_TRUTH_SUITES and HANDWRITTEN_IMPL_DIR.exists():
    -         print(f"\n--- Ground Truth Comparison (Phase 3) ---")
820 +         print("\n--- Ground Truth Comparison (Phase 3) ---")
821 |         print(f"Handwritten impls dir: {HANDWRITTEN_IMPL_DIR}")
    |

F541 [*] f-string without any placeholders
   --> scripts/spike_compile_expressions.py:851:15
    |
850 |         # Detailed per-output comparison for MATCH/MISMATCH
851 |         print(f"\n--- Detailed Per-Output Comparison ---")
    |               ^^^^^^^^^^^^^^^^^^^^^^^^^^^^^^^^^^^^^^^^^^^
852 |         for cr in comparison_results:
853 |             if cr.per_output:
    |
help: Remove extraneous `f` prefix
    |
850 |         # Detailed per-output comparison for MATCH/MISMATCH
    -         print(f"\n--- Detailed Per-Output Comparison ---")
851 +         print("\n--- Detailed Per-Output Comparison ---")
852 |         for cr in comparison_results:
    |

F541 [*] f-string without any placeholders
   --> scripts/spike_compile_expressions.py:868:11
    |
866 |     total_outputs = sum(len(r.output_results) for r in all_results)
867 |     valid_outputs = sum(sum(1 for o in r.output_results if o.ast_valid) for r in all_results)
868 |     print(f"\n  Suite summary:")
    |           ^^^^^^^^^^^^^^^^^^^^^
869 |     print(f"    CalcDefs: {fully_compiled}/{total} full body valid")
870 |     print(f"    Outputs:  {valid_outputs}/{total_outputs} ast.parse() pass")
    |
help: Remove extraneous `f` prefix
    |
867 |     valid_outputs = sum(sum(1 for o in r.output_results if o.ast_valid) for r in all_results)
    -     print(f"\n  Suite summary:")
868 +     print("\n  Suite summary:")
869 |     print(f"    CalcDefs: {fully_compiled}/{total} full body valid")
    |

F541 [*] f-string without any placeholders
   --> scripts/spike_compile_expressions.py:916:11
    |
915 |     # Operator mapping table
916 |     print(f"\n--- Operator Mapping Validation ---")
    |           ^^^^^^^^^^^^^^^^^^^^^^^^^^^^^^^^^^^^^^^^
917 |     print(f"{'Operator':<10} {'Python':<10} {'Encountered':<12} {'Example':<60}")
918 |     print("-" * 95)
    |
help: Remove extraneous `f` prefix
    |
915 |     # Operator mapping table
    -     print(f"\n--- Operator Mapping Validation ---")
916 +     print("\n--- Operator Mapping Validation ---")
917 |     print(f"{'Operator':<10} {'Python':<10} {'Encountered':<12} {'Example':<60}")
    |

I001 [*] Import block is un-sorted or un-formatted
  --> scripts/spike_extract_expression_asts.py:15:1
   |
13 |   """
14 |
15 | / from __future__ import annotations
16 | |
17 | | import sys
18 | | from dataclasses import dataclass, field
19 | | from pathlib import Path
20 | |
21 | | from agentic_mbse.sysml.expression import extract_operators, traverse_expression
22 | |
23 | | from sysml_codegen.extraction.extractor import SysMLDataExtractor
   | |_________________________________________________________________^
help: Organize imports
   |
24 |
   -
25 | # -- Data classes --
   |

E501 Line too long (118 > 100)
   --> scripts/spike_extract_expression_asts.py:172:101
    |
171 |     # Print table
172 |     print(f"\n{'CalcDef':<30} {'Output':<25} {'HasAST':<8} {'RootType':<30} {'Depth':<6} {'Operators':<20} NodeTypes")
    |                                                                                                     ^^^^^^^^^^^^^^^^^^
173 |     print("-" * 150)
174 |     for r in all_results:
    |

I001 [*] Import block is un-sorted or un-formatted
  --> scripts/spike_hierarchy_ast.py:14:1
   |
12 |   """
13 |
14 | / from __future__ import annotations
15 | |
16 | | import sys
17 | | from pathlib import Path
18 | | from typing import Any
19 | |
20 | | from agentic_mbse.sysml.expression import traverse_expression
21 | |
22 | | from sysml_codegen.extraction.extractor import SysMLDataExtractor
   | |_________________________________________________________________^
help: Organize imports
   |
23 |
   -
24 | # ---------------------------------------------------------------------------
   |

F541 [*] f-string without any placeholders
   --> scripts/spike_hierarchy_ast.py:269:15
    |
267 |         owning_ns = safe_attr(calc_usage, "owning_namespace")
268 |
269 |         print(f"\n  Ownership attributes:")
    |               ^^^^^^^^^^^^^^^^^^^^^^^^^^^^
270 |         print(f"    .owner:             {type_name(owner)} name={safe_attr(owner, 'name')!r}")
271 |         print(f"    .owning_type:       {type_name(owning_type)} name={safe_attr(owning_type, 'name')!r}")
    |
help: Remove extraneous `f` prefix
    |
268 |
    -         print(f"\n  Ownership attributes:")
269 +         print("\n  Ownership attributes:")
270 |         print(f"    .owner:             {type_name(owner)} name={safe_attr(owner, 'name')!r}")
    |

E501 Line too long (106 > 100)
   --> scripts/spike_hierarchy_ast.py:271:101
    |
269 |         print(f"\n  Ownership attributes:")
270 |         print(f"    .owner:             {type_name(owner)} name={safe_attr(owner, 'name')!r}")
271 |         print(f"    .owning_type:       {type_name(owning_type)} name={safe_attr(owning_type, 'name')!r}")
    |                                                                                                     ^^^^^^
272 |         print(f"    .owning_namespace:  {type_name(owning_ns)} name={safe_attr(owning_ns, 'name')!r}")
    |

E501 Line too long (102 > 100)
   --> scripts/spike_hierarchy_ast.py:272:101
    |
270 |         print(f"    .owner:             {type_name(owner)} name={safe_attr(owner, 'name')!r}")
271 |         print(f"    .owning_type:       {type_name(owning_type)} name={safe_attr(owning_type, 'name')!r}")
272 |         print(f"    .owning_namespace:  {type_name(owning_ns)} name={safe_attr(owning_ns, 'name')!r}")
    |                                                                                                     ^^
273 |
274 |         print(f"\n  Owner chain traversal:")
    |

F541 [*] f-string without any placeholders
   --> scripts/spike_hierarchy_ast.py:274:15
    |
272 |         print(f"    .owning_namespace:  {type_name(owning_ns)} name={safe_attr(owning_ns, 'name')!r}")
273 |
274 |         print(f"\n  Owner chain traversal:")
    |               ^^^^^^^^^^^^^^^^^^^^^^^^^^^^^
275 |         current = calc_usage
276 |         depth = 0
    |
help: Remove extraneous `f` prefix
    |
273 |
    -         print(f"\n  Owner chain traversal:")
274 +         print("\n  Owner chain traversal:")
275 |         current = calc_usage
    |

F541 [*] f-string without any placeholders
   --> scripts/spike_hierarchy_ast.py:288:15
    |
286 |         owning_type_tn = type_name(owning_type)
287 |         owning_type_en = safe_attr(owning_type, "name", "")
288 |         print(f"\n  Code example:")
    |               ^^^^^^^^^^^^^^^^^^^^
289 |         print(f"    calc_usage = <find '{calc_name}' in {part_name}.owned_members>")
290 |         print(f"    type(calc_usage.owning_type).__name__  # => '{owning_type_tn}'")
    |
help: Remove extraneous `f` prefix
    |
287 |         owning_type_en = safe_attr(owning_type, "name", "")
    -         print(f"\n  Code example:")
288 +         print("\n  Code example:")
289 |         print(f"    calc_usage = <find '{calc_name}' in {part_name}.owned_members>")
    |

F541 [*] f-string without any placeholders
   --> scripts/spike_hierarchy_ast.py:399:19
    |
397 |                 print(f"{indent}{node_info}")
398 |         else:
399 |             print(f"  feature_value_expression: <None>")
    |                   ^^^^^^^^^^^^^^^^^^^^^^^^^^^^^^^^^^^^^
400 |
401 |         # Code example
    |
help: Remove extraneous `f` prefix
    |
398 |         else:
    -             print(f"  feature_value_expression: <None>")
399 +             print("  feature_value_expression: <None>")
400 |
    |

F541 [*] f-string without any placeholders
   --> scripts/spike_hierarchy_ast.py:402:15
    |
401 |         # Code example
402 |         print(f"\n  Code example:")
    |               ^^^^^^^^^^^^^^^^^^^^
403 |         print(f"    attr = <find '{attr_name}' AttributeUsage on {part_name}>")
404 |         if has_redef:
    |
help: Remove extraneous `f` prefix
    |
401 |         # Code example
    -         print(f"\n  Code example:")
402 +         print("\n  Code example:")
403 |         print(f"    attr = <find '{attr_name}' AttributeUsage on {part_name}>")
    |

F541 [*] f-string without any placeholders
   --> scripts/spike_hierarchy_ast.py:405:19
    |
403 |         print(f"    attr = <find '{attr_name}' AttributeUsage on {part_name}>")
404 |         if has_redef:
405 |             print(f"    redef = attr.owned_redefinitions[0]")
    |                   ^^^^^^^^^^^^^^^^^^^^^^^^^^^^^^^^^^^^^^^^^^
406 |             print(f"    redef.redefined_feature  # => points to {redef_target}")
407 |         print(f"    type(attr.feature_value_expression).__name__  # => '{expr_type}'")
    |
help: Remove extraneous `f` prefix
    |
404 |         if has_redef:
    -             print(f"    redef = attr.owned_redefinitions[0]")
405 +             print("    redef = attr.owned_redefinitions[0]")
406 |             print(f"    redef.redefined_feature  # => points to {redef_target}")
    |

E501 Line too long (108 > 100)
   --> scripts/spike_hierarchy_ast.py:432:101
    |
430 | …     "status": "\u2713" if all_have_redef else "\u26a0",
431 | …     "summary": (
432 | …         f"All {len(found_findings)} :>> patterns have owned_redefinitions linking to abstract interface"
    |                                                                                                   ^^^^^^^^
433 | …         if all_have_redef
434 | …         else f"{sum(1 for f in found_findings if f.get('has_redefinition'))} of {len(found_findings)} found have redefinitions ({le…
    |

E501 Line too long (181 > 100)
   --> scripts/spike_hierarchy_ast.py:434:101
    |
432 | …ns linking to abstract interface"
433 | …
434 | …n'))} of {len(found_findings)} found have redefinitions ({len(findings) - len(found_findings)} not found)"
    |                           ^^^^^^^^^^^^^^^^^^^^^^^^^^^^^^^^^^^^^^^^^^^^^^^^^^^^^^^^^^^^^^^^^^^^^^^^^^^^^^^^^
435 | …
436 | …
    |

E501 Line too long (102 > 100)
   --> scripts/spike_hierarchy_ast.py:502:101
    |
500 |                 print(f"    [{i}] {type_name(spec)}")
501 |                 print(f"        general:  {type_name(general)} name={safe_attr(general, 'name')!r}")
502 |                 print(f"        specific: {type_name(specific)} name={safe_attr(specific, 'name')!r}")
    |                                                                                                     ^^
503 |         except (TypeError, AttributeError):
504 |             print("  .owned_specializations: <not available>")
    |

F541 [*] f-string without any placeholders
   --> scripts/spike_hierarchy_ast.py:507:11
    |
506 |     # Code example
507 |     print(f"\n  Code example:")
    |           ^^^^^^^^^^^^^^^^^^^^
508 |     print(f"    # 'part redefines' produces an explicit Redefinition relationship")
509 |     print(f"    len(design_elem.owned_redefinitions)  # => {1 if design_has_redef else 0}")
    |
help: Remove extraneous `f` prefix
    |
506 |     # Code example
    -     print(f"\n  Code example:")
507 +     print("\n  Code example:")
508 |     print(f"    # 'part redefines' produces an explicit Redefinition relationship")
    |

F541 [*] f-string without any placeholders
   --> scripts/spike_hierarchy_ast.py:508:11
    |
506 |     # Code example
507 |     print(f"\n  Code example:")
508 |     print(f"    # 'part redefines' produces an explicit Redefinition relationship")
    |           ^^^^^^^^^^^^^^^^^^^^^^^^^^^^^^^^^^^^^^^^^^^^^^^^^^^^^^^^^^^^^^^^^^^^^^^^
509 |     print(f"    len(design_elem.owned_redefinitions)  # => {1 if design_has_redef else 0}")
510 |     print(f"    len(library_elem.owned_redefinitions) # => {1 if lib_has_redef else 0}")
    |
help: Remove extraneous `f` prefix
    |
507 |     print(f"\n  Code example:")
    -     print(f"    # 'part redefines' produces an explicit Redefinition relationship")
508 +     print("    # 'part redefines' produces an explicit Redefinition relationship")
509 |     print(f"    len(design_elem.owned_redefinitions)  # => {1 if design_has_redef else 0}")
    |

E501 Line too long (101 > 100)
   --> scripts/spike_hierarchy_ast.py:551:101
    |
549 |     if sbp_usage is None:
550 |         print("  WARN: solar_battery_plant not found")
551 |         return _q_result("Q4", "Deep-Path :>> Resolution", "\u26a0", "solar_battery_plant not found")
    |                                                                                                     ^
552 |
553 |     design_sa = find_member_by_name(sbp_usage, adapter, "PartUsage", "solar_array")
    |

F541 [*] f-string without any placeholders
   --> scripts/spike_hierarchy_ast.py:558:11
    |
556 |         return _q_result("Q4", "Deep-Path :>> Resolution", "\u26a0", "solar_array not found")
557 |
558 |     print(f"  Container: solar_battery_plant.solar_array (design, redefines)")
    |           ^^^^^^^^^^^^^^^^^^^^^^^^^^^^^^^^^^^^^^^^^^^^^^^^^^^^^^^^^^^^^^^^^^^
559 |
560 |     # Probe ALL owned_members deeply -- deep-path elements may be unnamed ReferenceUsages
    |
help: Remove extraneous `f` prefix
    |
557 |
    -     print(f"  Container: solar_battery_plant.solar_array (design, redefines)")
558 +     print("  Container: solar_battery_plant.solar_array (design, redefines)")
559 |
    |

F541 [*] f-string without any placeholders
   --> scripts/spike_hierarchy_ast.py:561:11
    |
560 |     # Probe ALL owned_members deeply -- deep-path elements may be unnamed ReferenceUsages
561 |     print(f"\n  All owned_members of design solar_array (detailed):")
    |           ^^^^^^^^^^^^^^^^^^^^^^^^^^^^^^^^^^^^^^^^^^^^^^^^^^^^^^^^^^
562 |     target_elem = None
563 |     all_members = []
    |
help: Remove extraneous `f` prefix
    |
560 |     # Probe ALL owned_members deeply -- deep-path elements may be unnamed ReferenceUsages
    -     print(f"\n  All owned_members of design solar_array (detailed):")
561 +     print("\n  All owned_members of design solar_array (detailed):")
562 |     target_elem = None
    |

E501 Line too long (112 > 100)
   --> scripts/spike_hierarchy_ast.py:583:101
    |
581 |                 rf_qname = safe_attr(rf, "qualified_name", None)
582 |                 rf_owner = safe_attr(rf, "owning_type") if rf not in (None, "<missing>") else None
583 |                 rf_owner_name = safe_attr(rf_owner, "name", "?") if rf_owner not in (None, "<missing>") else "?"
    |                                                                                                     ^^^^^^^^^^^^
584 |                 print(f"        redefines: {rf_owner_name}.{rf_name} (qname={rf_qname!r})")
585 |         except (TypeError, AttributeError):
    |

E501 Line too long (111 > 100)
   --> scripts/spike_hierarchy_ast.py:595:101
    |
593 |                 for ci, ch in enumerate(chainings):
594 |                     cf = safe_attr(ch, "chaining_feature", None)
595 |                     print(f"          [{ci}] chaining_feature: {type_name(cf)} name={safe_attr(cf, 'name')!r}")
    |                                                                                                     ^^^^^^^^^^^
596 |                 if target_elem is None:
597 |                     target_elem = member
    |

F541 [*] f-string without any placeholders
   --> scripts/spike_hierarchy_ast.py:609:23
    |
607 |             # Match by value (400.0 or 400)
608 |             if val is not None and str(val) in ("400.0", "400"):
609 |                 print(f"        ^^^ LIKELY pv_module.wattage = 400.0")
    |                       ^^^^^^^^^^^^^^^^^^^^^^^^^^^^^^^^^^^^^^^^^^^^^^^
610 |                 target_elem = member
    |
help: Remove extraneous `f` prefix
    |
608 |             if val is not None and str(val) in ("400.0", "400"):
    -                 print(f"        ^^^ LIKELY pv_module.wattage = 400.0")
609 +                 print("        ^^^ LIKELY pv_module.wattage = 400.0")
610 |                 target_elem = member
    |

E501 Line too long (102 > 100)
   --> scripts/spike_hierarchy_ast.py:623:101
    |
621 |                             print(f"        .{cf_attr}: {names}")
622 |                     else:
623 |                         print(f"        .{cf_attr}: {type_name(val)} name={safe_attr(val, 'name')!r}")
    |                                                                                                     ^^
624 |                 except (TypeError, AttributeError):
625 |                     pass
    |

E501 Line too long (105 > 100)
   --> scripts/spike_hierarchy_ast.py:631:101
    |
629 |         print("  All members are unnamed ReferenceUsages -- deep-path may use different encoding")
630 |         return _q_result("Q4", "Deep-Path :>> Resolution", "\u26a0",
631 |                          f"{len(all_members)} unnamed ReferenceUsages found; deep-path encoding unclear")
    |                                                                                                     ^^^^^
632 |
633 |     # Probe the target element
    |

F541 [*] f-string without any placeholders
   --> scripts/spike_hierarchy_ast.py:634:11
    |
633 |     # Probe the target element
634 |     print(f"\n  Inspecting deep-path element:")
    |           ^^^^^^^^^^^^^^^^^^^^^^^^^^^^^^^^^^^^
635 |     print(f"    type:  {type_name(target_elem)}")
636 |     print(f"    name:  {safe_attr(target_elem, 'name')!r}")
    |
help: Remove extraneous `f` prefix
    |
633 |     # Probe the target element
    -     print(f"\n  Inspecting deep-path element:")
634 +     print("\n  Inspecting deep-path element:")
635 |     print(f"    type:  {type_name(target_elem)}")
    |

E501 Line too long (114 > 100)
   --> scripts/spike_hierarchy_ast.py:644:101
    |
642 |         for i, ch in enumerate(chainings):
643 |             cf = safe_attr(ch, "chaining_feature", None)
644 |             print(f"      [{i}] {type_name(ch)} chaining_feature: {type_name(cf)} name={safe_attr(cf, 'name')!r}")
    |                                                                                                     ^^^^^^^^^^^^^^
645 |     except (TypeError, AttributeError):
646 |         print("    owned_feature_chainings: <not available>")
    |

F541 [*] f-string without any placeholders
   --> scripts/spike_hierarchy_ast.py:679:11
    |
677 |     # Code example
678 |     elem_name = safe_attr(target_elem, "name")
679 |     print(f"\n  Code example:")
    |           ^^^^^^^^^^^^^^^^^^^^
680 |     print(f"    elem = <deep-path element on design solar_array>")
681 |     print(f"    elem.name                              # => {elem_name!r}")
    |
help: Remove extraneous `f` prefix
    |
678 |     elem_name = safe_attr(target_elem, "name")
    -     print(f"\n  Code example:")
679 +     print("\n  Code example:")
680 |     print(f"    elem = <deep-path element on design solar_array>")
    |

F541 [*] f-string without any placeholders
   --> scripts/spike_hierarchy_ast.py:680:11
    |
678 |     elem_name = safe_attr(target_elem, "name")
679 |     print(f"\n  Code example:")
680 |     print(f"    elem = <deep-path element on design solar_array>")
    |           ^^^^^^^^^^^^^^^^^^^^^^^^^^^^^^^^^^^^^^^^^^^^^^^^^^^^^^^
681 |     print(f"    elem.name                              # => {elem_name!r}")
682 |     print(f"    type(elem).__name__                    # => '{type_name(target_elem)}'")
    |
help: Remove extraneous `f` prefix
    |
679 |     print(f"\n  Code example:")
    -     print(f"    elem = <deep-path element on design solar_array>")
680 +     print("    elem = <deep-path element on design solar_array>")
681 |     print(f"    elem.name                              # => {elem_name!r}")
    |

F541 [*] f-string without any placeholders
   --> scripts/spike_hierarchy_ast.py:683:11
    |
681 |     print(f"    elem.name                              # => {elem_name!r}")
682 |     print(f"    type(elem).__name__                    # => '{type_name(target_elem)}'")
683 |     print(f"    len(elem.owned_feature_chainings)      # => reveals chained path")
    |           ^^^^^^^^^^^^^^^^^^^^^^^^^^^^^^^^^^^^^^^^^^^^^^^^^^^^^^^^^^^^^^^^^^^^^^^
684 |
685 |     print(f"\n  Status: \u2713 deep-path element found: {type_name(target_elem)} name={elem_name!r}")
    |
help: Remove extraneous `f` prefix
    |
682 |     print(f"    type(elem).__name__                    # => '{type_name(target_elem)}'")
    -     print(f"    len(elem.owned_feature_chainings)      # => reveals chained path")
683 +     print("    len(elem.owned_feature_chainings)      # => reveals chained path")
684 |
    |

E501 Line too long (101 > 100)
   --> scripts/spike_hierarchy_ast.py:685:101
    |
683 |     print(f"    len(elem.owned_feature_chainings)      # => reveals chained path")
684 |
685 |     print(f"\n  Status: \u2713 deep-path element found: {type_name(target_elem)} name={elem_name!r}")
    |                                                                                                     ^
686 |
687 |     return {
    |

E501 Line too long (102 > 100)
   --> scripts/spike_hierarchy_ast.py:692:101
    |
690 |         "findings": [{"element_type": type_name(target_elem), "name": str(elem_name)}],
691 |         "status": "\u2713",
692 |         "summary": f"deep-path is {type_name(target_elem)} name={elem_name!r} with feature chainings",
    |                                                                                                     ^^
693 |     }
    |

F541 [*] f-string without any placeholders
   --> scripts/spike_hierarchy_ast.py:721:11
    |
719 |         return _q_result("Q5", "Multiplicity Representation", "\u26a0", "pv_module not found")
720 |
721 |     print(f"  Target: Solar Array.pv_module")
    |           ^^^^^^^^^^^^^^^^^^^^^^^^^^^^^^^^^^
722 |     print(f"  Element: {type_name(pv_module)} name={safe_attr(pv_module, 'name')!r}")
    |
help: Remove extraneous `f` prefix
    |
720 |
    -     print(f"  Target: Solar Array.pv_module")
721 +     print("  Target: Solar Array.pv_module")
722 |     print(f"  Element: {type_name(pv_module)} name={safe_attr(pv_module, 'name')!r}")
    |

F541 [*] f-string without any placeholders
   --> scripts/spike_hierarchy_ast.py:749:19
    |
747 |         ub = safe_attr(mult, "upper_bound")
748 |         if ub not in (None, "<missing>"):
749 |             print(f"\n  Upper bound expression details:")
    |                   ^^^^^^^^^^^^^^^^^^^^^^^^^^^^^^^^^^^^^^
750 |             print(f"    type: {type_name(ub)}")
751 |             # Check if it references module_count
    |
help: Remove extraneous `f` prefix
    |
748 |         if ub not in (None, "<missing>"):
    -             print(f"\n  Upper bound expression details:")
749 +             print("\n  Upper bound expression details:")
750 |             print(f"    type: {type_name(ub)}")
    |

F541 [*] f-string without any placeholders
   --> scripts/spike_hierarchy_ast.py:759:15
    |
757 |     module_count = find_member_by_name(solar_array, adapter, "AttributeUsage", "module_count")
758 |     if module_count:
759 |         print(f"\n  Sibling 'module_count' attribute:")
    |               ^^^^^^^^^^^^^^^^^^^^^^^^^^^^^^^^^^^^^^^^
760 |         print(f"    type: {type_name(module_count)}")
761 |         mc_expr = safe_attr(module_count, "feature_value_expression")
    |
help: Remove extraneous `f` prefix
    |
758 |     if module_count:
    -         print(f"\n  Sibling 'module_count' attribute:")
759 +         print("\n  Sibling 'module_count' attribute:")
760 |         print(f"    type: {type_name(module_count)}")
    |

F541 [*] f-string without any placeholders
   --> scripts/spike_hierarchy_ast.py:777:11
    |
776 |     # Code example
777 |     print(f"\n  Code example:")
    |           ^^^^^^^^^^^^^^^^^^^^
778 |     print(f"    pv_module = <find 'pv_module' PartUsage on Solar Array>")
779 |     print(f"    mult = pv_module.multiplicity           # => {mult_tn}")
    |
help: Remove extraneous `f` prefix
    |
776 |     # Code example
    -     print(f"\n  Code example:")
777 +     print("\n  Code example:")
778 |     print(f"    pv_module = <find 'pv_module' PartUsage on Solar Array>")
    |

F541 [*] f-string without any placeholders
   --> scripts/spike_hierarchy_ast.py:778:11
    |
776 |     # Code example
777 |     print(f"\n  Code example:")
778 |     print(f"    pv_module = <find 'pv_module' PartUsage on Solar Array>")
    |           ^^^^^^^^^^^^^^^^^^^^^^^^^^^^^^^^^^^^^^^^^^^^^^^^^^^^^^^^^^^^^^
779 |     print(f"    mult = pv_module.multiplicity           # => {mult_tn}")
780 |     if found_mult:
    |
help: Remove extraneous `f` prefix
    |
777 |     print(f"\n  Code example:")
    -     print(f"    pv_module = <find 'pv_module' PartUsage on Solar Array>")
778 +     print("    pv_module = <find 'pv_module' PartUsage on Solar Array>")
779 |     print(f"    mult = pv_module.multiplicity           # => {mult_tn}")
    |

E501 Line too long (105 > 100)
   --> scripts/spike_hierarchy_ast.py:791:101
    |
789 |         "findings": [{"multiplicity_type": mult_tn, "found": found_mult}],
790 |         "status": status,
791 |         "summary": f"multiplicity is {mult_tn}" if found_mult else "multiplicity not found on PartUsage",
    |                                                                                                     ^^^^^
792 |     }
    |

E501 Line too long (105 > 100)
   --> scripts/spike_hierarchy_ast.py:812:101
    |
810 |     solar_array = find_element_by_name(model, adapter, "PartDefinition", "Solar Array")
811 |     if solar_array is None:
812 |         return _q_result("Q6", "sum() InvocationExpression Structure", "\u26a0", "Solar Array not found")
    |                                                                                                     ^^^^^
813 |
814 |     # :>> capital_cost is a ReferenceUsage, not AttributeUsage
    |

E501 Line too long (106 > 100)
   --> scripts/spike_hierarchy_ast.py:819:101
    |
817 |         capital_cost = find_any_member_by_name(solar_array, "capital_cost")
818 |     if capital_cost is None:
819 |         return _q_result("Q6", "sum() InvocationExpression Structure", "\u26a0", "capital_cost not found")
    |                                                                                                     ^^^^^^
820 |
821 |     expr = safe_attr(capital_cost, "feature_value_expression")
    |

E501 Line too long (113 > 100)
   --> scripts/spike_hierarchy_ast.py:823:101
    |
821 |     expr = safe_attr(capital_cost, "feature_value_expression")
822 |     if expr in (None, "<missing>"):
823 |         return _q_result("Q6", "sum() InvocationExpression Structure", "\u26a0", "no expression on capital_cost")
    |                                                                                                     ^^^^^^^^^^^^^
824 |
825 |     print(f"  Target: Solar Array :>> capital_cost (aggregation expression)")
    |

F541 [*] f-string without any placeholders
   --> scripts/spike_hierarchy_ast.py:825:11
    |
823 |         return _q_result("Q6", "sum() InvocationExpression Structure", "\u26a0", "no expression on capital_cost")
824 |
825 |     print(f"  Target: Solar Array :>> capital_cost (aggregation expression)")
    |           ^^^^^^^^^^^^^^^^^^^^^^^^^^^^^^^^^^^^^^^^^^^^^^^^^^^^^^^^^^^^^^^^^^
826 |     print(f"  Root expression: {type_name(expr)}")
    |
help: Remove extraneous `f` prefix
    |
824 |
    -     print(f"  Target: Solar Array :>> capital_cost (aggregation expression)")
825 +     print("  Target: Solar Array :>> capital_cost (aggregation expression)")
826 |     print(f"  Root expression: {type_name(expr)}")
    |

F541 [*] f-string without any placeholders
   --> scripts/spike_hierarchy_ast.py:829:11
    |
828 |     # Walk expression tree with our defensive walker
829 |     print(f"\n  Expression tree (walk_expression_tree):")
    |           ^^^^^^^^^^^^^^^^^^^^^^^^^^^^^^^^^^^^^^^^^^^^^^
830 |     invocation_nodes = []
831 |     for d, node in walk_expression_tree(expr, max_depth=5):
    |
help: Remove extraneous `f` prefix
    |
828 |     # Walk expression tree with our defensive walker
    -     print(f"\n  Expression tree (walk_expression_tree):")
829 +     print("\n  Expression tree (walk_expression_tree):")
830 |     invocation_nodes = []
    |

F541 [*] f-string without any placeholders
   --> scripts/spike_hierarchy_ast.py:846:11
    |
845 |     # Also try agentic_mbse traverse_expression for comparison
846 |     print(f"\n  Node types via traverse_expression:")
    |           ^^^^^^^^^^^^^^^^^^^^^^^^^^^^^^^^^^^^^^^^^^
847 |     try:
848 |         node_types = traverse_expression(expr, lambda n: type(n).__name__)
    |
help: Remove extraneous `f` prefix
    |
845 |     # Also try agentic_mbse traverse_expression for comparison
    -     print(f"\n  Node types via traverse_expression:")
846 +     print("\n  Node types via traverse_expression:")
847 |     try:
    |

E501 Line too long (112 > 100)
   --> scripts/spike_hierarchy_ast.py:853:101
    |
851 |         # Check if InvocationExpression appears
852 |         has_invocation_in_traverse = any("Invocation" in nt for nt in node_types)
853 |         print(f"  InvocationExpression in traverse_expression: {'YES' if has_invocation_in_traverse else 'NO'}")
    |                                                                                                     ^^^^^^^^^^^^
854 |     except Exception as e:
855 |         print(f"  traverse_expression error: {e}")
    |

E501 Line too long (117 > 100)
   --> scripts/spike_hierarchy_ast.py:872:101
    |
870 |                             items = list(val)
871 |                             for j, item in enumerate(items):
872 |                                 print(f"      .{attr_name}[{j}]: {type_name(item)} name={safe_attr(item, 'name')!r}")
    |                                                                                                     ^^^^^^^^^^^^^^^^^
873 |                         else:
874 |                             print(f"      .{attr_name}: {type_name(val)} name={safe_attr(val, 'name')!r}")
    |

E501 Line too long (106 > 100)
   --> scripts/spike_hierarchy_ast.py:874:101
    |
872 |                                 print(f"      .{attr_name}[{j}]: {type_name(item)} name={safe_attr(item, 'name')!r}")
873 |                         else:
874 |                             print(f"      .{attr_name}: {type_name(val)} name={safe_attr(val, 'name')!r}")
    |                                                                                                     ^^^^^^
875 |                     except (TypeError, AttributeError):
876 |                         print(f"      .{attr_name}: {val!r}")
    |

E501 Line too long (107 > 100)
   --> scripts/spike_hierarchy_ast.py:891:101
    |
889 |         for d, node in walk_expression_tree(expr, max_depth=5):
890 |             tn = type_name(node)
891 |             if "invocation" in tn.lower() or tn not in ("OperatorExpression", "FeatureReferenceExpression",
    |                                                                                                     ^^^^^^^
892 |                                                           "FeatureChainExpression", "LiteralRational",
893 |                                                           "LiteralInteger"):
    |

E501 Line too long (102 > 100)
   --> scripts/spike_hierarchy_ast.py:892:101
    |
890 |             tn = type_name(node)
891 |             if "invocation" in tn.lower() or tn not in ("OperatorExpression", "FeatureReferenceExpression",
892 |                                                           "FeatureChainExpression", "LiteralRational",
    |                                                                                                     ^^
893 |                                                           "LiteralInteger"):
894 |                 print(f"    UNUSUAL: {tn} at depth {d}")
    |

F541 [*] f-string without any placeholders
   --> scripts/spike_hierarchy_ast.py:897:11
    |
896 |     # Code example
897 |     print(f"\n  Code example:")
    |           ^^^^^^^^^^^^^^^^^^^^
898 |     print(f"    expr = solar_array_capital_cost.feature_value_expression")
899 |     print(f"    type(expr).__name__  # => '{type_name(expr)}'")
    |
help: Remove extraneous `f` prefix
    |
896 |     # Code example
    -     print(f"\n  Code example:")
897 +     print("\n  Code example:")
898 |     print(f"    expr = solar_array_capital_cost.feature_value_expression")
    |

F541 [*] f-string without any placeholders
   --> scripts/spike_hierarchy_ast.py:898:11
    |
896 |     # Code example
897 |     print(f"\n  Code example:")
898 |     print(f"    expr = solar_array_capital_cost.feature_value_expression")
    |           ^^^^^^^^^^^^^^^^^^^^^^^^^^^^^^^^^^^^^^^^^^^^^^^^^^^^^^^^^^^^^^^
899 |     print(f"    type(expr).__name__  # => '{type_name(expr)}'")
900 |     if invocation_nodes:
    |
help: Remove extraneous `f` prefix
    |
897 |     print(f"\n  Code example:")
    -     print(f"    expr = solar_array_capital_cost.feature_value_expression")
898 +     print("    expr = solar_array_capital_cost.feature_value_expression")
899 |     print(f"    type(expr).__name__  # => '{type_name(expr)}'")
    |

F541 [*] f-string without any placeholders
   --> scripts/spike_hierarchy_ast.py:901:15
    |
899 |     print(f"    type(expr).__name__  # => '{type_name(expr)}'")
900 |     if invocation_nodes:
901 |         print(f"    # InvocationExpression found -- sum() is accessible in AST")
    |               ^^^^^^^^^^^^^^^^^^^^^^^^^^^^^^^^^^^^^^^^^^^^^^^^^^^^^^^^^^^^^^^^^
902 |
903 |     found_invocation = len(invocation_nodes) > 0
    |
help: Remove extraneous `f` prefix
    |
900 |     if invocation_nodes:
    -         print(f"    # InvocationExpression found -- sum() is accessible in AST")
901 +         print("    # InvocationExpression found -- sum() is accessible in AST")
902 |
    |

E501 Line too long (102 > 100)
   --> scripts/spike_hierarchy_ast.py:905:101
    |
903 |     found_invocation = len(invocation_nodes) > 0
904 |     status = "\u2713" if found_invocation else "\u26a0"
905 |     print(f"\n  Status: {status} InvocationExpression {'found' if found_invocation else 'NOT found'}")
    |                                                                                                     ^^
906 |
907 |     return {
    |

E501 Line too long (101 > 100)
   --> scripts/spike_hierarchy_ast.py:947:101
    |
945 |     if sbp is None:
946 |         print("  WARN: solar_battery_plant not found")
947 |         return _q_result("Q7", "Specialization Chain Traversal", "\u26a0", "start element not found")
    |                                                                                                     ^
948 |
949 |     log_step("solar_battery_plant", sbp, "find_element_by_name")
    |

E501 Line too long (106 > 100)
   --> scripts/spike_hierarchy_ast.py:962:101
    |
960 |     if sbp_def is None:
961 |         print("  WARN: solar_battery_plant.types is empty")
962 |         return _q_result("Q7", "Specialization Chain Traversal", "\u26a0", "types chain broken at step 2")
    |                                                                                                     ^^^^^^
963 |
964 |     log_step("Solar Battery Plant (PartDef)", sbp_def, ".types")
    |

F541 [*] f-string without any placeholders
    --> scripts/spike_hierarchy_ast.py:1035:11
     |
1034 |     # Code example
1035 |     print(f"\n  Code example:")
     |           ^^^^^^^^^^^^^^^^^^^^
1036 |     print(f"    # Full traversal: alternating .types and owned_members lookup")
1037 |     print(f"    plant = find('PartUsage', 'solar_battery_plant')")
     |
help: Remove extraneous `f` prefix
     |
1034 |     # Code example
     -     print(f"\n  Code example:")
1035 +     print("\n  Code example:")
1036 |     print(f"    # Full traversal: alternating .types and owned_members lookup")
     |

F541 [*] f-string without any placeholders
    --> scripts/spike_hierarchy_ast.py:1036:11
     |
1034 |     # Code example
1035 |     print(f"\n  Code example:")
1036 |     print(f"    # Full traversal: alternating .types and owned_members lookup")
     |           ^^^^^^^^^^^^^^^^^^^^^^^^^^^^^^^^^^^^^^^^^^^^^^^^^^^^^^^^^^^^^^^^^^^^
1037 |     print(f"    plant = find('PartUsage', 'solar_battery_plant')")
1038 |     print(f"    plant_def = next(iter(plant.types))          # => PartDefinition")
     |
help: Remove extraneous `f` prefix
     |
1035 |     print(f"\n  Code example:")
     -     print(f"    # Full traversal: alternating .types and owned_members lookup")
1036 +     print("    # Full traversal: alternating .types and owned_members lookup")
1037 |     print(f"    plant = find('PartUsage', 'solar_battery_plant')")
     |

F541 [*] f-string without any placeholders
    --> scripts/spike_hierarchy_ast.py:1037:11
     |
1035 |     print(f"\n  Code example:")
1036 |     print(f"    # Full traversal: alternating .types and owned_members lookup")
1037 |     print(f"    plant = find('PartUsage', 'solar_battery_plant')")
     |           ^^^^^^^^^^^^^^^^^^^^^^^^^^^^^^^^^^^^^^^^^^^^^^^^^^^^^^^
1038 |     print(f"    plant_def = next(iter(plant.types))          # => PartDefinition")
1039 |     print(f"    sa = find_member(plant_def, 'PartUsage', 'solar_array')")
     |
help: Remove extraneous `f` prefix
     |
1036 |     print(f"    # Full traversal: alternating .types and owned_members lookup")
     -     print(f"    plant = find('PartUsage', 'solar_battery_plant')")
1037 +     print("    plant = find('PartUsage', 'solar_battery_plant')")
1038 |     print(f"    plant_def = next(iter(plant.types))          # => PartDefinition")
     |

F541 [*] f-string without any placeholders
    --> scripts/spike_hierarchy_ast.py:1038:11
     |
1036 |     print(f"    # Full traversal: alternating .types and owned_members lookup")
1037 |     print(f"    plant = find('PartUsage', 'solar_battery_plant')")
1038 |     print(f"    plant_def = next(iter(plant.types))          # => PartDefinition")
     |           ^^^^^^^^^^^^^^^^^^^^^^^^^^^^^^^^^^^^^^^^^^^^^^^^^^^^^^^^^^^^^^^^^^^^^^^
1039 |     print(f"    sa = find_member(plant_def, 'PartUsage', 'solar_array')")
1040 |     print(f"    sa_def = next(iter(sa.types))                # => PartDefinition")
     |
help: Remove extraneous `f` prefix
     |
1037 |     print(f"    plant = find('PartUsage', 'solar_battery_plant')")
     -     print(f"    plant_def = next(iter(plant.types))          # => PartDefinition")
1038 +     print("    plant_def = next(iter(plant.types))          # => PartDefinition")
1039 |     print(f"    sa = find_member(plant_def, 'PartUsage', 'solar_array')")
     |

F541 [*] f-string without any placeholders
    --> scripts/spike_hierarchy_ast.py:1039:11
     |
1037 |     print(f"    plant = find('PartUsage', 'solar_battery_plant')")
1038 |     print(f"    plant_def = next(iter(plant.types))          # => PartDefinition")
1039 |     print(f"    sa = find_member(plant_def, 'PartUsage', 'solar_array')")
     |           ^^^^^^^^^^^^^^^^^^^^^^^^^^^^^^^^^^^^^^^^^^^^^^^^^^^^^^^^^^^^^^
1040 |     print(f"    sa_def = next(iter(sa.types))                # => PartDefinition")
1041 |     print(f"    pv = find_member(sa_def, 'PartUsage', 'pv_module')")
     |
help: Remove extraneous `f` prefix
     |
1038 |     print(f"    plant_def = next(iter(plant.types))          # => PartDefinition")
     -     print(f"    sa = find_member(plant_def, 'PartUsage', 'solar_array')")
1039 +     print("    sa = find_member(plant_def, 'PartUsage', 'solar_array')")
1040 |     print(f"    sa_def = next(iter(sa.types))                # => PartDefinition")
     |

F541 [*] f-string without any placeholders
    --> scripts/spike_hierarchy_ast.py:1040:11
     |
1038 |     print(f"    plant_def = next(iter(plant.types))          # => PartDefinition")
1039 |     print(f"    sa = find_member(plant_def, 'PartUsage', 'solar_array')")
1040 |     print(f"    sa_def = next(iter(sa.types))                # => PartDefinition")
     |           ^^^^^^^^^^^^^^^^^^^^^^^^^^^^^^^^^^^^^^^^^^^^^^^^^^^^^^^^^^^^^^^^^^^^^^^
1041 |     print(f"    pv = find_member(sa_def, 'PartUsage', 'pv_module')")
1042 |     print(f"    pv_def = next(iter(pv.types))                # => PartDefinition")
     |
help: Remove extraneous `f` prefix
     |
1039 |     print(f"    sa = find_member(plant_def, 'PartUsage', 'solar_array')")
     -     print(f"    sa_def = next(iter(sa.types))                # => PartDefinition")
1040 +     print("    sa_def = next(iter(sa.types))                # => PartDefinition")
1041 |     print(f"    pv = find_member(sa_def, 'PartUsage', 'pv_module')")
     |

F541 [*] f-string without any placeholders
    --> scripts/spike_hierarchy_ast.py:1041:11
     |
1039 |     print(f"    sa = find_member(plant_def, 'PartUsage', 'solar_array')")
1040 |     print(f"    sa_def = next(iter(sa.types))                # => PartDefinition")
1041 |     print(f"    pv = find_member(sa_def, 'PartUsage', 'pv_module')")
     |           ^^^^^^^^^^^^^^^^^^^^^^^^^^^^^^^^^^^^^^^^^^^^^^^^^^^^^^^^^
1042 |     print(f"    pv_def = next(iter(pv.types))                # => PartDefinition")
1043 |     print(f"    cm = find_member(pv_def, 'CalcUsage', 'cost_model')")
     |
help: Remove extraneous `f` prefix
     |
1040 |     print(f"    sa_def = next(iter(sa.types))                # => PartDefinition")
     -     print(f"    pv = find_member(sa_def, 'PartUsage', 'pv_module')")
1041 +     print("    pv = find_member(sa_def, 'PartUsage', 'pv_module')")
1042 |     print(f"    pv_def = next(iter(pv.types))                # => PartDefinition")
     |

F541 [*] f-string without any placeholders
    --> scripts/spike_hierarchy_ast.py:1042:11
     |
1040 |     print(f"    sa_def = next(iter(sa.types))                # => PartDefinition")
1041 |     print(f"    pv = find_member(sa_def, 'PartUsage', 'pv_module')")
1042 |     print(f"    pv_def = next(iter(pv.types))                # => PartDefinition")
     |           ^^^^^^^^^^^^^^^^^^^^^^^^^^^^^^^^^^^^^^^^^^^^^^^^^^^^^^^^^^^^^^^^^^^^^^^
1043 |     print(f"    cm = find_member(pv_def, 'CalcUsage', 'cost_model')")
1044 |     print(f"    calc_def = next(iter(cm.types))              # => CalcDefinition")
     |
help: Remove extraneous `f` prefix
     |
1041 |     print(f"    pv = find_member(sa_def, 'PartUsage', 'pv_module')")
     -     print(f"    pv_def = next(iter(pv.types))                # => PartDefinition")
1042 +     print("    pv_def = next(iter(pv.types))                # => PartDefinition")
1043 |     print(f"    cm = find_member(pv_def, 'CalcUsage', 'cost_model')")
     |

F541 [*] f-string without any placeholders
    --> scripts/spike_hierarchy_ast.py:1043:11
     |
1041 |     print(f"    pv = find_member(sa_def, 'PartUsage', 'pv_module')")
1042 |     print(f"    pv_def = next(iter(pv.types))                # => PartDefinition")
1043 |     print(f"    cm = find_member(pv_def, 'CalcUsage', 'cost_model')")
     |           ^^^^^^^^^^^^^^^^^^^^^^^^^^^^^^^^^^^^^^^^^^^^^^^^^^^^^^^^^^
1044 |     print(f"    calc_def = next(iter(cm.types))              # => CalcDefinition")
     |
help: Remove extraneous `f` prefix
     |
1042 |     print(f"    pv_def = next(iter(pv.types))                # => PartDefinition")
     -     print(f"    cm = find_member(pv_def, 'CalcUsage', 'cost_model')")
1043 +     print("    cm = find_member(pv_def, 'CalcUsage', 'cost_model')")
1044 |     print(f"    calc_def = next(iter(cm.types))              # => CalcDefinition")
     |

F541 [*] f-string without any placeholders
    --> scripts/spike_hierarchy_ast.py:1044:11
     |
1042 |     print(f"    pv_def = next(iter(pv.types))                # => PartDefinition")
1043 |     print(f"    cm = find_member(pv_def, 'CalcUsage', 'cost_model')")
1044 |     print(f"    calc_def = next(iter(cm.types))              # => CalcDefinition")
     |           ^^^^^^^^^^^^^^^^^^^^^^^^^^^^^^^^^^^^^^^^^^^^^^^^^^^^^^^^^^^^^^^^^^^^^^^
1045 |
1046 |     total_steps = len(chain_steps)
     |
help: Remove extraneous `f` prefix
     |
1043 |     print(f"    cm = find_member(pv_def, 'CalcUsage', 'cost_model')")
     -     print(f"    calc_def = next(iter(cm.types))              # => CalcDefinition")
1044 +     print("    calc_def = next(iter(cm.types))              # => CalcDefinition")
1045 |
     |

E501 Line too long (117 > 100)
    --> scripts/spike_hierarchy_ast.py:1049:101
     |
1047 |     complete = total_steps >= 8
1048 |     status = "\u2713" if complete else "\u26a0"
1049 |     print(f"\n  Status: {status} chain traversal {'complete' if complete else 'incomplete'} ({total_steps}/8 steps)")
     |                                                                                                     ^^^^^^^^^^^^^^^^^
1050 |
1051 |     return {
     |

F541 [*] f-string without any placeholders
    --> scripts/spike_hierarchy_ast.py:1099:19
     |
1097 |             attr = find_any_member_by_name(solar_array, attr_name)
1098 |         if attr is None:
1099 |             print(f"  NOT FOUND on Solar Array")
     |                   ^^^^^^^^^^^^^^^^^^^^^^^^^^^^^
1100 |             continue
     |
help: Remove extraneous `f` prefix
     |
1098 |         if attr is None:
     -             print(f"  NOT FOUND on Solar Array")
1099 +             print("  NOT FOUND on Solar Array")
1100 |             continue
     |

F541 [*] f-string without any placeholders
    --> scripts/spike_hierarchy_ast.py:1123:11
     |
1122 |     # Code example
1123 |     print(f"\n  Code example:")
     |           ^^^^^^^^^^^^^^^^^^^^
1124 |     print(f"    # Distinguisher: owned_redefinitions is empty for new, non-empty for :>>")
1125 |     print(f"    new_attr = <find 'misc_hardware_cost'>")
     |
help: Remove extraneous `f` prefix
     |
1122 |     # Code example
     -     print(f"\n  Code example:")
1123 +     print("\n  Code example:")
1124 |     print(f"    # Distinguisher: owned_redefinitions is empty for new, non-empty for :>>")
     |

F541 [*] f-string without any placeholders
    --> scripts/spike_hierarchy_ast.py:1124:11
     |
1122 |     # Code example
1123 |     print(f"\n  Code example:")
1124 |     print(f"    # Distinguisher: owned_redefinitions is empty for new, non-empty for :>>")
     |           ^^^^^^^^^^^^^^^^^^^^^^^^^^^^^^^^^^^^^^^^^^^^^^^^^^^^^^^^^^^^^^^^^^^^^^^^^^^^^^^
1125 |     print(f"    new_attr = <find 'misc_hardware_cost'>")
1126 |     print(f"    redef_attr = <find 'capital_cost'>")
     |
help: Remove extraneous `f` prefix
     |
1123 |     print(f"\n  Code example:")
     -     print(f"    # Distinguisher: owned_redefinitions is empty for new, non-empty for :>>")
1124 +     print("    # Distinguisher: owned_redefinitions is empty for new, non-empty for :>>")
1125 |     print(f"    new_attr = <find 'misc_hardware_cost'>")
     |

F541 [*] f-string without any placeholders
    --> scripts/spike_hierarchy_ast.py:1125:11
     |
1123 |     print(f"\n  Code example:")
1124 |     print(f"    # Distinguisher: owned_redefinitions is empty for new, non-empty for :>>")
1125 |     print(f"    new_attr = <find 'misc_hardware_cost'>")
     |           ^^^^^^^^^^^^^^^^^^^^^^^^^^^^^^^^^^^^^^^^^^^^^
1126 |     print(f"    redef_attr = <find 'capital_cost'>")
1127 |     print(f"    len(new_attr.owned_redefinitions)    # => {0 if new_has_redef is False else '?'}")
     |
help: Remove extraneous `f` prefix
     |
1124 |     print(f"    # Distinguisher: owned_redefinitions is empty for new, non-empty for :>>")
     -     print(f"    new_attr = <find 'misc_hardware_cost'>")
1125 +     print("    new_attr = <find 'misc_hardware_cost'>")
1126 |     print(f"    redef_attr = <find 'capital_cost'>")
     |

F541 [*] f-string without any placeholders
    --> scripts/spike_hierarchy_ast.py:1126:11
     |
1124 |     print(f"    # Distinguisher: owned_redefinitions is empty for new, non-empty for :>>")
1125 |     print(f"    new_attr = <find 'misc_hardware_cost'>")
1126 |     print(f"    redef_attr = <find 'capital_cost'>")
     |           ^^^^^^^^^^^^^^^^^^^^^^^^^^^^^^^^^^^^^^^^^
1127 |     print(f"    len(new_attr.owned_redefinitions)    # => {0 if new_has_redef is False else '?'}")
1128 |     print(f"    len(redef_attr.owned_redefinitions)  # => {'>0' if redef_has_redef else '?'}")
     |
help: Remove extraneous `f` prefix
     |
1125 |     print(f"    new_attr = <find 'misc_hardware_cost'>")
     -     print(f"    redef_attr = <find 'capital_cost'>")
1126 +     print("    redef_attr = <find 'capital_cost'>")
1127 |     print(f"    len(new_attr.owned_redefinitions)    # => {0 if new_has_redef is False else '?'}")
     |

F541 [*] f-string without any placeholders
    --> scripts/spike_hierarchy_ast.py:1169:11
     |
1168 |     # Target 1: CalcDef parameter with default
1169 |     print(f"\nTarget A: CalcDef parameter 'cost_per_watt' (default := 1.07)")
     |           ^^^^^^^^^^^^^^^^^^^^^^^^^^^^^^^^^^^^^^^^^^^^^^^^^^^^^^^^^^^^^^^^^^
1170 |     cost_per_watt = None
1171 |     calc_def_name = None
     |
help: Remove extraneous `f` prefix
     |
1168 |     # Target 1: CalcDef parameter with default
     -     print(f"\nTarget A: CalcDef parameter 'cost_per_watt' (default := 1.07)")
1169 +     print("\nTarget A: CalcDef parameter 'cost_per_watt' (default := 1.07)")
1170 |     cost_per_watt = None
     |

F541 [*] f-string without any placeholders
    --> scripts/spike_hierarchy_ast.py:1187:11
     |
1186 |     # Target 2: Part attribute with default
1187 |     print(f"\nTarget B: Part attribute 'module_count' (default := 20)")
     |           ^^^^^^^^^^^^^^^^^^^^^^^^^^^^^^^^^^^^^^^^^^^^^^^^^^^^^^^^^^^^
1188 |     solar_array = find_element_by_name(model, adapter, "PartDefinition", "Solar Array")
1189 |     module_count = None
     |
help: Remove extraneous `f` prefix
     |
1186 |     # Target 2: Part attribute with default
     -     print(f"\nTarget B: Part attribute 'module_count' (default := 20)")
1187 +     print("\nTarget B: Part attribute 'module_count' (default := 20)")
1188 |     solar_array = find_element_by_name(model, adapter, "PartDefinition", "Solar Array")
     |

F541 [*] f-string without any placeholders
    --> scripts/spike_hierarchy_ast.py:1199:11
     |
1198 |     # Code example
1199 |     print(f"\n  Code example:")
     |           ^^^^^^^^^^^^^^^^^^^^
1200 |     print(f"    attr = <find attribute with default>")
1201 |     print(f"    fv = attr.feature_value                # => FeatureValue object")
     |
help: Remove extraneous `f` prefix
     |
1198 |     # Code example
     -     print(f"\n  Code example:")
1199 +     print("\n  Code example:")
1200 |     print(f"    attr = <find attribute with default>")
     |

F541 [*] f-string without any placeholders
    --> scripts/spike_hierarchy_ast.py:1200:11
     |
1198 |     # Code example
1199 |     print(f"\n  Code example:")
1200 |     print(f"    attr = <find attribute with default>")
     |           ^^^^^^^^^^^^^^^^^^^^^^^^^^^^^^^^^^^^^^^^^^^
1201 |     print(f"    fv = attr.feature_value                # => FeatureValue object")
1202 |     print(f"    fv.is_default                          # => True for 'default :='")
     |
help: Remove extraneous `f` prefix
     |
1199 |     print(f"\n  Code example:")
     -     print(f"    attr = <find attribute with default>")
1200 +     print("    attr = <find attribute with default>")
1201 |     print(f"    fv = attr.feature_value                # => FeatureValue object")
     |

F541 [*] f-string without any placeholders
    --> scripts/spike_hierarchy_ast.py:1201:11
     |
1199 |     print(f"\n  Code example:")
1200 |     print(f"    attr = <find attribute with default>")
1201 |     print(f"    fv = attr.feature_value                # => FeatureValue object")
     |           ^^^^^^^^^^^^^^^^^^^^^^^^^^^^^^^^^^^^^^^^^^^^^^^^^^^^^^^^^^^^^^^^^^^^^^
1202 |     print(f"    fv.is_default                          # => True for 'default :='")
1203 |     print(f"    attr.feature_value_expression           # => the default value expression")
     |
help: Remove extraneous `f` prefix
     |
1200 |     print(f"    attr = <find attribute with default>")
     -     print(f"    fv = attr.feature_value                # => FeatureValue object")
1201 +     print("    fv = attr.feature_value                # => FeatureValue object")
1202 |     print(f"    fv.is_default                          # => True for 'default :='")
     |

F541 [*] f-string without any placeholders
    --> scripts/spike_hierarchy_ast.py:1202:11
     |
1200 |     print(f"    attr = <find attribute with default>")
1201 |     print(f"    fv = attr.feature_value                # => FeatureValue object")
1202 |     print(f"    fv.is_default                          # => True for 'default :='")
     |           ^^^^^^^^^^^^^^^^^^^^^^^^^^^^^^^^^^^^^^^^^^^^^^^^^^^^^^^^^^^^^^^^^^^^^^^^
1203 |     print(f"    attr.feature_value_expression           # => the default value expression")
     |
help: Remove extraneous `f` prefix
     |
1201 |     print(f"    fv = attr.feature_value                # => FeatureValue object")
     -     print(f"    fv.is_default                          # => True for 'default :='")
1202 +     print("    fv.is_default                          # => True for 'default :='")
1203 |     print(f"    attr.feature_value_expression           # => the default value expression")
     |

F541 [*] f-string without any placeholders
    --> scripts/spike_hierarchy_ast.py:1203:11
     |
1201 |     print(f"    fv = attr.feature_value                # => FeatureValue object")
1202 |     print(f"    fv.is_default                          # => True for 'default :='")
1203 |     print(f"    attr.feature_value_expression           # => the default value expression")
     |           ^^^^^^^^^^^^^^^^^^^^^^^^^^^^^^^^^^^^^^^^^^^^^^^^^^^^^^^^^^^^^^^^^^^^^^^^^^^^^^^^
1204 |
1205 |     both_found = len(findings) == 2
     |
help: Remove extraneous `f` prefix
     |
1202 |     print(f"    fv.is_default                          # => True for 'default :='")
     -     print(f"    attr.feature_value_expression           # => the default value expression")
1203 +     print("    attr.feature_value_expression           # => the default value expression")
1204 |
     |

F541 [*] f-string without any placeholders
    --> scripts/spike_hierarchy_ast.py:1246:15
     |
1244 |                 print(f"      .{val_attr}: {v!r}")
1245 |     else:
1246 |         print(f"    .feature_value_expression: <None>")
     |               ^^^^^^^^^^^^^^^^^^^^^^^^^^^^^^^^^^^^^^^^
1247 |
1248 |     findings.append({
     |
help: Remove extraneous `f` prefix
     |
1245 |     else:
     -         print(f"    .feature_value_expression: <None>")
1246 +         print("    .feature_value_expression: <None>")
1247 |
     |

E501 Line too long (122 > 100)
    --> scripts/spike_hierarchy_ast.py:1294:101
     |
1292 |                          "annualized_financial not found")
1293 |
1294 |     print(f"  CalcUsage: {safe_attr(ann_fin, 'name')!r}, owner: {safe_attr(safe_attr(ann_fin, 'owning_type'), 'name')!r}")
     |                                                                                                     ^^^^^^^^^^^^^^^^^^^^^^
1295 |
1296 |     # Find total_capex input parameter
     |

E501 Line too long (103 > 100)
    --> scripts/spike_hierarchy_ast.py:1313:101
     |
1311 |                          "total_capex not found")
1312 |
1313 |     print(f"  Input parameter: name={safe_attr(total_capex, 'name')!r}, type={type_name(total_capex)}")
     |                                                                                                     ^^^
1314 |     print(f"  direction: {safe_attr(total_capex, 'direction')}")
     |

F541 [*] f-string without any placeholders
    --> scripts/spike_hierarchy_ast.py:1323:11
     |
1321 |                          "no expression on total_capex")
1322 |
1323 |     print(f"\n  Binding expression:")
     |           ^^^^^^^^^^^^^^^^^^^^^^^^^^
1324 |     print(f"    type: {type_name(expr)}")
1325 |     print(f"    name: {safe_attr(expr, 'name')!r}")
     |
help: Remove extraneous `f` prefix
     |
1322 |
     -     print(f"\n  Binding expression:")
1323 +     print("\n  Binding expression:")
1324 |     print(f"    type: {type_name(expr)}")
     |

E501 Line too long (108 > 100)
    --> scripts/spike_hierarchy_ast.py:1333:101
     |
1331 |         ref_owner = safe_attr(referent, "owning_type")
1332 |         if ref_owner not in (None, "<missing>"):
1333 |             print(f"    referent.owning_type: {type_name(ref_owner)} name={safe_attr(ref_owner, 'name')!r}")
     |                                                                                                     ^^^^^^^^
1334 |         # Check if the referent itself has redefinitions
1335 |         has_redef, redef_tgt = get_redefinition_info(referent)
     |

F541 [*] f-string without any placeholders
    --> scripts/spike_hierarchy_ast.py:1339:19
     |
1337 |             print(f"    referent has owned_redefinitions -> {redef_tgt}")
1338 |         else:
1339 |             print(f"    referent has no owned_redefinitions")
     |                   ^^^^^^^^^^^^^^^^^^^^^^^^^^^^^^^^^^^^^^^^^^
1340 |
1341 |     # Also try following via expression tree
     |
help: Remove extraneous `f` prefix
     |
1338 |         else:
     -             print(f"    referent has no owned_redefinitions")
1339 +             print("    referent has no owned_redefinitions")
1340 |
     |

F541 [*] f-string without any placeholders
    --> scripts/spike_hierarchy_ast.py:1342:11
     |
1341 |     # Also try following via expression tree
1342 |     print(f"\n  Expression tree:")
     |           ^^^^^^^^^^^^^^^^^^^^^^^
1343 |     for d, node in walk_expression_tree(expr, max_depth=3):
1344 |         indent = "    " + "  " * d
     |
help: Remove extraneous `f` prefix
     |
1341 |     # Also try following via expression tree
     -     print(f"\n  Expression tree:")
1342 +     print("\n  Expression tree:")
1343 |     for d, node in walk_expression_tree(expr, max_depth=3):
     |

F541 [*] f-string without any placeholders
    --> scripts/spike_hierarchy_ast.py:1359:11
     |
1357 |             ref_owner_name = safe_attr(ro, "name", "<unknown>")
1358 |
1359 |     print(f"\n  Code example:")
     |           ^^^^^^^^^^^^^^^^^^^^
1360 |     print(f"    binding_expr = total_capex.feature_value_expression")
1361 |     print(f"    type(binding_expr).__name__                    # => '{type_name(expr)}'")
     |
help: Remove extraneous `f` prefix
     |
1358 |
     -     print(f"\n  Code example:")
1359 +     print("\n  Code example:")
1360 |     print(f"    binding_expr = total_capex.feature_value_expression")
     |

F541 [*] f-string without any placeholders
    --> scripts/spike_hierarchy_ast.py:1360:11
     |
1359 |     print(f"\n  Code example:")
1360 |     print(f"    binding_expr = total_capex.feature_value_expression")
     |           ^^^^^^^^^^^^^^^^^^^^^^^^^^^^^^^^^^^^^^^^^^^^^^^^^^^^^^^^^^
1361 |     print(f"    type(binding_expr).__name__                    # => '{type_name(expr)}'")
1362 |     if referent not in (None, "<missing>"):
     |
help: Remove extraneous `f` prefix
     |
1359 |     print(f"\n  Code example:")
     -     print(f"    binding_expr = total_capex.feature_value_expression")
1360 +     print("    binding_expr = total_capex.feature_value_expression")
1361 |     print(f"    type(binding_expr).__name__                    # => '{type_name(expr)}'")
     |

E501 Line too long (104 > 100)
    --> scripts/spike_hierarchy_ast.py:1463:101
     |
1461 |         q6_found = q6["findings"][0].get("invocation_found", False)
1462 |     print("\nModule: expression.py")
1463 |     print(f"  traverse_expression(): {'visits' if q6_found else 'does not visit'} InvocationExpression")
     |                                                                                                     ^^^^
1464 |     print("    (via operands fallback -- not _is_operator_expression(), but hasattr(operands))")
1465 |     print("  extract_feature_refs(): Extracts refs from InvocationExpression operands")
     |

E501 Line too long (101 > 100)
    --> scripts/spike_hierarchy_ast.py:1599:101
     |
1597 |     types_total = len(type_pop)
1598 |
1599 |     print(f"\n  Probe results: {passed}/{total} passed (\u2713), {warned}/{total} warnings (\u26a0)")
     |                                                                                                     ^
1600 |     print(f"  Type population: {types_available}/{types_total} syside types available and populated")
     |

E501 Line too long (101 > 100)
    --> scripts/spike_hierarchy_ast.py:1600:101
     |
1599 |     print(f"\n  Probe results: {passed}/{total} passed (\u2713), {warned}/{total} warnings (\u26a0)")
1600 |     print(f"  Type population: {types_available}/{types_total} syside types available and populated")
     |                                                                                                     ^
1601 |
1602 |     print("\n  Critical findings:")
     |

E501 Line too long (102 > 100)
    --> scripts/spike_hierarchy_ast.py:1609:101
     |
1607 |     print("    \u2713 FeatureValue.is_default distinguishes default := uniformly")
1608 |     print("    \u26a0 :>> creates ReferenceUsage, NOT AttributeUsage (code must handle both)")
1609 |     print("    \u26a0 Deep-path elements (Q4) are unnamed ReferenceUsage, no owned_feature_chainings")
     |                                                                                                     ^^
1610 |     print("    \u26a0 Multiplicity upper_bound (21) != expected (20) -- needs investigation")
     |

I001 [*] Import block is un-sorted or un-formatted
  --> scripts/spike_resolve_expression_refs.py:16:1
   |
14 |   """
15 |
16 | / from __future__ import annotations
17 | |
18 | | import sys
19 | | from dataclasses import dataclass, field
20 | | from pathlib import Path
21 | |
22 | | from agentic_mbse.sysml.expression import extract_feature_refs, traverse_expression
23 | |
24 | | from sysml_codegen.extraction.extractor import SysMLDataExtractor
   | |_________________________________________________________________^
help: Organize imports
   |
25 |
   -
26 | # -- Data classes --
   |

E501 Line too long (102 > 100)
   --> scripts/spike_resolve_expression_refs.py:189:101
    |
187 |     for r in all_results:
188 |         if not r.refs:
189 |             print(f"{r.calc_name:<30} {r.output_name:<20} {'(no refs)':<20} {'':<40} {'literal':<15}")
    |                                                                                                     ^^
190 |         else:
191 |             for i, ref in enumerate(r.refs):
    |

E501 Line too long (105 > 100)
   --> scripts/spike_resolve_expression_refs.py:195:101
    |
193 |                 out_col = r.output_name if i == 0 else ""
194 |                 qn_display = ref.qualified_name[:38] if ref.qualified_name else ""
195 |                 print(f"{calc_col:<30} {out_col:<20} {ref.name:<20} {qn_display:<40} {ref.category:<15}")
    |                                                                                                     ^^^^^
196 |
197 |     # Cross-check table (includes std_lib transparency -- issue #4)
    |

F541 [*] f-string without any placeholders
   --> scripts/spike_resolve_expression_refs.py:198:11
    |
197 |     # Cross-check table (includes std_lib transparency -- issue #4)
198 |     print(f"\n--- Cross-check: AST node count vs extract_feature_refs ---")
    |           ^^^^^^^^^^^^^^^^^^^^^^^^^^^^^^^^^^^^^^^^^^^^^^^^^^^^^^^^^^^^^^^^
199 |     print(f"{'CalcDef':<30} {'Output':<20} {'ASTNodes':<10} {'ExtractAll':<12} {'ExtractFilt':<12} {'StdLibDrop':<11} {'Mismatch?':<1…
200 |     print("-" * 110)
    |
help: Remove extraneous `f` prefix
    |
197 |     # Cross-check table (includes std_lib transparency -- issue #4)
    -     print(f"\n--- Cross-check: AST node count vs extract_feature_refs ---")
198 +     print("\n--- Cross-check: AST node count vs extract_feature_refs ---")
199 |     print(f"{'CalcDef':<30} {'Output':<20} {'ASTNodes':<10} {'ExtractAll':<12} {'ExtractFilt':<12} {'StdLibDrop':<11} {'Mismatch?':<10}")
    |

E501 Line too long (137 > 100)
   --> scripts/spike_resolve_expression_refs.py:199:101
    |
197 | …y -- issue #4)
198 | …act_feature_refs ---")
199 | …':<10} {'ExtractAll':<12} {'ExtractFilt':<12} {'StdLibDrop':<11} {'Mismatch?':<10}")
    |                                                 ^^^^^^^^^^^^^^^^^^^^^^^^^^^^^^^^^^^^^
200 | …
201 | …
    |

E501 Line too long (104 > 100)
   --> scripts/spike_resolve_expression_refs.py:241:101
    |
239 |         total_refs = sum(len(r.refs) for r in results)
240 |         input_count = sum(1 for r in results for ref in r.refs if ref.category == "input")
241 |         intermediate_count = sum(1 for r in results for ref in r.refs if ref.category == "intermediate")
    |                                                                                                     ^^^^
242 |         unresolvable_count = sum(1 for r in results for ref in r.refs if ref.category == "unresolvable")
243 |         mismatch_count = sum(1 for r in results if r.ref_node_count != r.extract_count_all)
    |

E501 Line too long (104 > 100)
   --> scripts/spike_resolve_expression_refs.py:242:101
    |
240 |         input_count = sum(1 for r in results for ref in r.refs if ref.category == "input")
241 |         intermediate_count = sum(1 for r in results for ref in r.refs if ref.category == "intermediate")
242 |         unresolvable_count = sum(1 for r in results for ref in r.refs if ref.category == "unresolvable")
    |                                                                                                     ^^^^
243 |         mismatch_count = sum(1 for r in results if r.ref_node_count != r.extract_count_all)
244 |         stdlib_count = sum(r.extract_count_all - r.extract_count_filtered for r in results)
    |

E501 Line too long (114 > 100)
   --> scripts/spike_resolve_expression_refs.py:256:101
    |
254 |         pct = (resolved / total_refs * 100) if total_refs > 0 else 100.0
255 |         print(f"\n  Suite summary: {resolved}/{total_refs} refs resolved ({pct:.1f}%)")
256 |         print(f"    input: {input_count}, intermediate: {intermediate_count}, unresolvable: {unresolvable_count}")
    |                                                                                                     ^^^^^^^^^^^^^^
257 |         print(f"    cross-check mismatches: {mismatch_count}")
258 |         print(f"    std_lib refs filtered: {stdlib_count}")
    |

F541 [*] f-string without any placeholders
   --> scripts/spike_resolve_expression_refs.py:274:15
    |
272 |     print(f"Std_lib refs filtered: {grand_stdlib_drops}")
273 |     if grand_stdlib_drops > 0:
274 |         print(f"  (These are SI::, ISQ::, ScalarValues::, UnitsAndScales:: refs removed by ignore_std_lib=True)")
    |               ^^^^^^^^^^^^^^^^^^^^^^^^^^^^^^^^^^^^^^^^^^^^^^^^^^^^^^^^^^^^^^^^^^^^^^^^^^^^^^^^^^^^^^^^^^^^^^^^^^
help: Remove extraneous `f` prefix
    |
273 |     if grand_stdlib_drops > 0:
    -         print(f"  (These are SI::, ISQ::, ScalarValues::, UnitsAndScales:: refs removed by ignore_std_lib=True)")
274 +         print("  (These are SI::, ISQ::, ScalarValues::, UnitsAndScales:: refs removed by ignore_std_lib=True)")
275 |
    |

E501 Line too long (113 > 100)
   --> scripts/spike_resolve_expression_refs.py:274:101
    |
272 |     print(f"Std_lib refs filtered: {grand_stdlib_drops}")
273 |     if grand_stdlib_drops > 0:
274 |         print(f"  (These are SI::, ISQ::, ScalarValues::, UnitsAndScales:: refs removed by ignore_std_lib=True)")
    |                                                                                                     ^^^^^^^^^^^^^

E402 Module level import not at top of file
  --> scripts/spikes/_helpers.py:22:1
   |
20 | dotenv.load_dotenv()  # also check local .env (won't override existing vars)
21 |
22 | from sysml_codegen.extraction.extractor import SysMLDataExtractor
   | ^^^^^^^^^^^^^^^^^^^^^^^^^^^^^^^^^^^^^^^^^^^^^^^^^^^^^^^^^^^^^^^^^
23 | from sysml_codegen.extraction.usage_extractor import (
24 |     CalcUsageData,
   |
help: Move module level imports to top of file

I001 [*] Import block is un-sorted or un-formatted
  --> scripts/spikes/_helpers.py:22:1
   |
20 |   dotenv.load_dotenv()  # also check local .env (won't override existing vars)
21 |
22 | / from sysml_codegen.extraction.extractor import SysMLDataExtractor
23 | | from sysml_codegen.extraction.usage_extractor import (
24 | |     CalcUsageData,
25 | |     extract_calculation_usages,
26 | | )
   | |_^
help: Organize imports
   |
27 |
   -
28 | # ---------------------------------------------------------------------------
   |

E402 Module level import not at top of file
  --> scripts/spikes/_helpers.py:23:1
   |
22 |   from sysml_codegen.extraction.extractor import SysMLDataExtractor
23 | / from sysml_codegen.extraction.usage_extractor import (
24 | |     CalcUsageData,
25 | |     extract_calculation_usages,
26 | | )
   | |_^
help: Move module level imports to top of file

F401 [*] `sysml_codegen.extraction.usage_extractor.CalcUsageData` imported but unused
  --> scripts/spikes/_helpers.py:24:5
   |
22 | from sysml_codegen.extraction.extractor import SysMLDataExtractor
23 | from sysml_codegen.extraction.usage_extractor import (
24 |     CalcUsageData,
   |     ^^^^^^^^^^^^^
25 |     extract_calculation_usages,
26 | )
   |
help: Remove unused import
   |
22 | from sysml_codegen.extraction.extractor import SysMLDataExtractor
   - from sysml_codegen.extraction.usage_extractor import (
   -     CalcUsageData,
   -     extract_calculation_usages,
   - )
23 |
   |

F401 [*] `sysml_codegen.extraction.usage_extractor.extract_calculation_usages` imported but unused
  --> scripts/spikes/_helpers.py:25:5
   |
23 | from sysml_codegen.extraction.usage_extractor import (
24 |     CalcUsageData,
25 |     extract_calculation_usages,
   |     ^^^^^^^^^^^^^^^^^^^^^^^^^^
26 | )
   |
help: Remove unused import
   |
22 | from sysml_codegen.extraction.extractor import SysMLDataExtractor
   - from sysml_codegen.extraction.usage_extractor import (
   -     CalcUsageData,
   -     extract_calculation_usages,
   - )
23 |
   |

I001 [*] Import block is un-sorted or un-formatted
  --> scripts/spikes/spike_bare_name_collisions.py:22:1
   |
20 |   sys.path.insert(0, str(Path(__file__).resolve().parent))
21 |
22 | / from _helpers import (
23 | |     EXTENDED_SUITES,
24 | |     load_model,
25 | |     print_section,
26 | |     print_subsection,
27 | |     print_table,
28 | | )
29 | | from sysml_codegen.extraction.usage_extractor import (
30 | |     extract_calculation_usages,
31 | | )
32 | | from agentic_mbse.sysml.types import BindingType
   | |________________________________________________^
help: Organize imports
   |
28 | )
29 + from agentic_mbse.sysml.types import BindingType
30 +
31 | from sysml_codegen.extraction.usage_extractor import (
32 |     extract_calculation_usages,
33 | )
   - from agentic_mbse.sysml.types import BindingType
   -
34 |
   |

F401 [*] `agentic_mbse.sysml.types.BindingType` imported but unused
  --> scripts/spikes/spike_bare_name_collisions.py:32:38
   |
30 |     extract_calculation_usages,
31 | )
32 | from agentic_mbse.sysml.types import BindingType
   |                                      ^^^^^^^^^^^
help: Remove unused import: `agentic_mbse.sysml.types.BindingType`
   |
31 | )
   - from agentic_mbse.sysml.types import BindingType
32 |
   |

N806 Variable `N` in function should be lowercase
  --> scripts/spikes/spike_bare_name_collisions.py:75:5
   |
73 |             output_name_to_usages[attr.name].append(usage.instance_name)
74 |
75 |     N = len(all_pairs)
   |     ^
76 |     M = len(output_name_to_usages)
77 |     ambiguous = {k: v for k, v in output_name_to_usages.items() if len(v) > 1}
   |

N806 Variable `M` in function should be lowercase
  --> scripts/spikes/spike_bare_name_collisions.py:76:5
   |
75 |     N = len(all_pairs)
76 |     M = len(output_name_to_usages)
   |     ^
77 |     ambiguous = {k: v for k, v in output_name_to_usages.items() if len(v) > 1}
78 |     K = len(ambiguous)
   |

N806 Variable `K` in function should be lowercase
  --> scripts/spikes/spike_bare_name_collisions.py:78:5
   |
76 |     M = len(output_name_to_usages)
77 |     ambiguous = {k: v for k, v in output_name_to_usages.items() if len(v) > 1}
78 |     K = len(ambiguous)
   |     ^
79 |
80 |     print(f"\n  STATISTICS:")
   |

F541 [*] f-string without any placeholders
  --> scripts/spikes/spike_bare_name_collisions.py:80:11
   |
78 |     K = len(ambiguous)
79 |
80 |     print(f"\n  STATISTICS:")
   |           ^^^^^^^^^^^^^^^^^^
81 |     print(f"    Total CalcUsage outputs (N): {N}")
82 |     print(f"    Unique output names (M): {M}")
   |
help: Remove extraneous `f` prefix
   |
79 |
   -     print(f"\n  STATISTICS:")
80 +     print("\n  STATISTICS:")
81 |     print(f"    Total CalcUsage outputs (N): {N}")
   |

F541 [*] f-string without any placeholders
  --> scripts/spikes/spike_bare_name_collisions.py:87:15
   |
85 |     # --- List ambiguous names ---
86 |     if ambiguous:
87 |         print(f"\n  AMBIGUOUS NAMES:")
   |               ^^^^^^^^^^^^^^^^^^^^^^^
88 |         for name, producers in sorted(ambiguous.items()):
89 |             print(f"    \"{name}\" produced by {len(producers)} CalcUsages:")
   |
help: Remove extraneous `f` prefix
   |
86 |     if ambiguous:
   -         print(f"\n  AMBIGUOUS NAMES:")
87 +         print("\n  AMBIGUOUS NAMES:")
88 |         for name, producers in sorted(ambiguous.items()):
   |

F541 [*] f-string without any placeholders
  --> scripts/spikes/spike_bare_name_collisions.py:95:15
   |
93 |                 print(f"      - {p}{label}")
94 |     else:
95 |         print(f"\n  AMBIGUOUS NAMES: (none)")
   |               ^^^^^^^^^^^^^^^^^^^^^^^^^^^^^^
96 |
97 |     # --- Check downstream bare-name references ---
   |
help: Remove extraneous `f` prefix
   |
94 |     else:
   -         print(f"\n  AMBIGUOUS NAMES: (none)")
95 +         print("\n  AMBIGUOUS NAMES: (none)")
96 |
   |

F541 [*] f-string without any placeholders
   --> scripts/spikes/spike_bare_name_collisions.py:98:11
    |
 97 |     # --- Check downstream bare-name references ---
 98 |     print(f"\n  DOWNSTREAM BARE-NAME REFERENCES:")
    |           ^^^^^^^^^^^^^^^^^^^^^^^^^^^^^^^^^^^^^^^
 99 |     bare_ref_counts: dict[str, int] = defaultdict(int)
100 |     dotted_ref_counts: dict[str, int] = defaultdict(int)
    |
help: Remove extraneous `f` prefix
   |
97 |     # --- Check downstream bare-name references ---
   -     print(f"\n  DOWNSTREAM BARE-NAME REFERENCES:")
98 +     print("\n  DOWNSTREAM BARE-NAME REFERENCES:")
99 |     bare_ref_counts: dict[str, int] = defaultdict(int)
   |

F541 [*] f-string without any placeholders
   --> scripts/spikes/spike_bare_name_collisions.py:133:15
    |
131 |     all_bare = {k: v for k, v in bare_ref_counts.items()}
132 |     if all_bare:
133 |         print(f"\n  ALL BARE-NAME OUTPUT REFERENCES:")
    |               ^^^^^^^^^^^^^^^^^^^^^^^^^^^^^^^^^^^^^^^
134 |         for name, count in sorted(all_bare.items()):
135 |             is_ambig = "AMBIGUOUS" if name in ambiguous else "unique"
    |
help: Remove extraneous `f` prefix
    |
132 |     if all_bare:
    -         print(f"\n  ALL BARE-NAME OUTPUT REFERENCES:")
133 +         print("\n  ALL BARE-NAME OUTPUT REFERENCES:")
134 |         for name, count in sorted(all_bare.items()):
    |

F541 [*] f-string without any placeholders
   --> scripts/spikes/spike_bare_name_collisions.py:138:15
    |
136 |             print(f"    \"{name}\": {count} refs ({is_ambig})")
137 |     else:
138 |         print(f"\n  ALL BARE-NAME OUTPUT REFERENCES: (none found)")
    |               ^^^^^^^^^^^^^^^^^^^^^^^^^^^^^^^^^^^^^^^^^^^^^^^^^^^^
139 |
140 |     # --- Recommendation ---
    |
help: Remove extraneous `f` prefix
    |
137 |     else:
    -         print(f"\n  ALL BARE-NAME OUTPUT REFERENCES: (none found)")
138 +         print("\n  ALL BARE-NAME OUTPUT REFERENCES: (none found)")
139 |
    |

F541 [*] f-string without any placeholders
   --> scripts/spikes/spike_bare_name_collisions.py:141:11
    |
140 |     # --- Recommendation ---
141 |     print(f"\n  RECOMMENDATION:")
    |           ^^^^^^^^^^^^^^^^^^^^^^
142 |     if K == 0:
143 |         print(f"    K=0 -- bare-name registration is safe (no collisions)")
    |
help: Remove extraneous `f` prefix
    |
140 |     # --- Recommendation ---
    -     print(f"\n  RECOMMENDATION:")
141 +     print("\n  RECOMMENDATION:")
142 |     if K == 0:
    |

F541 [*] f-string without any placeholders
   --> scripts/spikes/spike_bare_name_collisions.py:143:15
    |
141 |     print(f"\n  RECOMMENDATION:")
142 |     if K == 0:
143 |         print(f"    K=0 -- bare-name registration is safe (no collisions)")
    |               ^^^^^^^^^^^^^^^^^^^^^^^^^^^^^^^^^^^^^^^^^^^^^^^^^^^^^^^^^^^^
144 |     elif K <= 3:
145 |         print(f"    K={K} -- bare-name registration needs collision handling")
    |
help: Remove extraneous `f` prefix
    |
142 |     if K == 0:
    -         print(f"    K=0 -- bare-name registration is safe (no collisions)")
143 +         print("    K=0 -- bare-name registration is safe (no collisions)")
144 |     elif K <= 3:
    |

F541 [*] f-string without any placeholders
   --> scripts/spikes/spike_bare_name_collisions.py:146:15
    |
144 |     elif K <= 3:
145 |         print(f"    K={K} -- bare-name registration needs collision handling")
146 |         print(f"    Recommend: remove-on-conflict policy (Option B from design comments)")
    |               ^^^^^^^^^^^^^^^^^^^^^^^^^^^^^^^^^^^^^^^^^^^^^^^^^^^^^^^^^^^^^^^^^^^^^^^^^^^
147 |     else:
148 |         print(f"    K={K} -- significant ambiguity, consider skipping bare-name registration")
    |
help: Remove extraneous `f` prefix
    |
145 |         print(f"    K={K} -- bare-name registration needs collision handling")
    -         print(f"    Recommend: remove-on-conflict policy (Option B from design comments)")
146 +         print("    Recommend: remove-on-conflict policy (Option B from design comments)")
147 |     else:
    |

F541 [*] f-string without any placeholders
   --> scripts/spikes/spike_bare_name_collisions.py:191:19
    |
190 |         if total_bare_refs == 0:
191 |             print(f"\n  POLICY RECOMMENDATION: Bare-name registration is OPTIONAL.")
    |                   ^^^^^^^^^^^^^^^^^^^^^^^^^^^^^^^^^^^^^^^^^^^^^^^^^^^^^^^^^^^^^^^^^
192 |             print(f"    No binding source_paths use bare output names.")
193 |             print(f"    All references use dotted (instance.output) or SysML QN format.")
    |
help: Remove extraneous `f` prefix
    |
190 |         if total_bare_refs == 0:
    -             print(f"\n  POLICY RECOMMENDATION: Bare-name registration is OPTIONAL.")
191 +             print("\n  POLICY RECOMMENDATION: Bare-name registration is OPTIONAL.")
192 |             print(f"    No binding source_paths use bare output names.")
    |

F541 [*] f-string without any placeholders
   --> scripts/spikes/spike_bare_name_collisions.py:192:19
    |
190 |         if total_bare_refs == 0:
191 |             print(f"\n  POLICY RECOMMENDATION: Bare-name registration is OPTIONAL.")
192 |             print(f"    No binding source_paths use bare output names.")
    |                   ^^^^^^^^^^^^^^^^^^^^^^^^^^^^^^^^^^^^^^^^^^^^^^^^^^^^^
193 |             print(f"    All references use dotted (instance.output) or SysML QN format.")
194 |             print(f"    Safe to skip bare-name registration entirely.")
    |
help: Remove extraneous `f` prefix
    |
191 |             print(f"\n  POLICY RECOMMENDATION: Bare-name registration is OPTIONAL.")
    -             print(f"    No binding source_paths use bare output names.")
192 +             print("    No binding source_paths use bare output names.")
193 |             print(f"    All references use dotted (instance.output) or SysML QN format.")
    |

F541 [*] f-string without any placeholders
   --> scripts/spikes/spike_bare_name_collisions.py:193:19
    |
191 |             print(f"\n  POLICY RECOMMENDATION: Bare-name registration is OPTIONAL.")
192 |             print(f"    No binding source_paths use bare output names.")
193 |             print(f"    All references use dotted (instance.output) or SysML QN format.")
    |                   ^^^^^^^^^^^^^^^^^^^^^^^^^^^^^^^^^^^^^^^^^^^^^^^^^^^^^^^^^^^^^^^^^^^^^^
194 |             print(f"    Safe to skip bare-name registration entirely.")
195 |         elif total_k > 0:
    |
help: Remove extraneous `f` prefix
    |
192 |             print(f"    No binding source_paths use bare output names.")
    -             print(f"    All references use dotted (instance.output) or SysML QN format.")
193 +             print("    All references use dotted (instance.output) or SysML QN format.")
194 |             print(f"    Safe to skip bare-name registration entirely.")
    |

F541 [*] f-string without any placeholders
   --> scripts/spikes/spike_bare_name_collisions.py:194:19
    |
192 |             print(f"    No binding source_paths use bare output names.")
193 |             print(f"    All references use dotted (instance.output) or SysML QN format.")
194 |             print(f"    Safe to skip bare-name registration entirely.")
    |                   ^^^^^^^^^^^^^^^^^^^^^^^^^^^^^^^^^^^^^^^^^^^^^^^^^^^^
195 |         elif total_k > 0:
196 |             print(f"\n  POLICY RECOMMENDATION: Use remove-on-conflict for bare names.")
    |
help: Remove extraneous `f` prefix
    |
193 |             print(f"    All references use dotted (instance.output) or SysML QN format.")
    -             print(f"    Safe to skip bare-name registration entirely.")
194 +             print("    Safe to skip bare-name registration entirely.")
195 |         elif total_k > 0:
    |

F541 [*] f-string without any placeholders
   --> scripts/spikes/spike_bare_name_collisions.py:196:19
    |
194 |             print(f"    Safe to skip bare-name registration entirely.")
195 |         elif total_k > 0:
196 |             print(f"\n  POLICY RECOMMENDATION: Use remove-on-conflict for bare names.")
    |                   ^^^^^^^^^^^^^^^^^^^^^^^^^^^^^^^^^^^^^^^^^^^^^^^^^^^^^^^^^^^^^^^^^^^^
197 |         else:
198 |             print(f"\n  POLICY RECOMMENDATION: Bare-name registration is safe.")
    |
help: Remove extraneous `f` prefix
    |
195 |         elif total_k > 0:
    -             print(f"\n  POLICY RECOMMENDATION: Use remove-on-conflict for bare names.")
196 +             print("\n  POLICY RECOMMENDATION: Use remove-on-conflict for bare names.")
197 |         else:
    |

F541 [*] f-string without any placeholders
   --> scripts/spikes/spike_bare_name_collisions.py:198:19
    |
196 |             print(f"\n  POLICY RECOMMENDATION: Use remove-on-conflict for bare names.")
197 |         else:
198 |             print(f"\n  POLICY RECOMMENDATION: Bare-name registration is safe.")
    |                   ^^^^^^^^^^^^^^^^^^^^^^^^^^^^^^^^^^^^^^^^^^^^^^^^^^^^^^^^^^^^^
help: Remove extraneous `f` prefix
    |
197 |         else:
    -             print(f"\n  POLICY RECOMMENDATION: Bare-name registration is safe.")
198 +             print("\n  POLICY RECOMMENDATION: Bare-name registration is safe.")
199 |
    |

I001 [*] Import block is un-sorted or un-formatted
  --> scripts/spikes/spike_chain_redef_rhs.py:23:1
   |
21 |   sys.path.insert(0, str(Path(__file__).resolve().parent))
22 |
23 | / from _helpers import (
24 | |     DEFAULT_SUITES,
25 | |     load_model,
26 | |     print_section,
27 | |     print_subsection,
28 | |     print_table,
29 | |     safe_attr,
30 | |     type_name,
31 | | )
32 | | from sysml_codegen.extraction.hierarchy_resolver import extract_hierarchy_data
33 | | from sysml_codegen.extraction.data_models import (
34 | |     RedefinitionData,
35 | |     RedefinitionType,
36 | |     HierarchyExtractionResult,
37 | | )
   | |_^
help: Organize imports
   |
31 | )
   - from sysml_codegen.extraction.hierarchy_resolver import extract_hierarchy_data
32 +
33 | from sysml_codegen.extraction.data_models import (
34 +     HierarchyExtractionResult,
35 |     RedefinitionData,
36 |     RedefinitionType,
   -     HierarchyExtractionResult,
37 | )
   -
38 + from sysml_codegen.extraction.hierarchy_resolver import extract_hierarchy_data
39 |
   |

F401 [*] `_helpers.safe_attr` imported but unused
  --> scripts/spikes/spike_chain_redef_rhs.py:29:5
   |
27 |     print_subsection,
28 |     print_table,
29 |     safe_attr,
   |     ^^^^^^^^^
30 |     type_name,
31 | )
   |
help: Remove unused import: `_helpers.safe_attr`
   |
28 |     print_table,
   -     safe_attr,
29 |     type_name,
   |

F401 [*] `sysml_codegen.extraction.data_models.HierarchyExtractionResult` imported but unused
  --> scripts/spikes/spike_chain_redef_rhs.py:36:5
   |
34 |     RedefinitionData,
35 |     RedefinitionType,
36 |     HierarchyExtractionResult,
   |     ^^^^^^^^^^^^^^^^^^^^^^^^^
37 | )
   |
help: Remove unused import: `sysml_codegen.extraction.data_models.HierarchyExtractionResult`
   |
35 |     RedefinitionType,
   -     HierarchyExtractionResult,
36 | )
   |

F541 [*] f-string without any placeholders
  --> scripts/spikes/spike_chain_redef_rhs.py:80:15
   |
78 |     # Compare source_path vs expression_text
79 |     if redef.source_path != redef.expression_text:
80 |         print(f"      NOTE: source_path != expression_text")
   |               ^^^^^^^^^^^^^^^^^^^^^^^^^^^^^^^^^^^^^^^^^^^^^
81 |
82 |     # expression_ast info
   |
help: Remove extraneous `f` prefix
   |
79 |     if redef.source_path != redef.expression_text:
   -         print(f"      NOTE: source_path != expression_text")
80 +         print("      NOTE: source_path != expression_text")
81 |
   |

F541 [*] f-string without any placeholders
  --> scripts/spikes/spike_chain_redef_rhs.py:86:15
   |
84 |         print(f"      expression_ast type: {type_name(redef.expression_ast)}")
85 |     else:
86 |         print(f"      expression_ast: None")
   |               ^^^^^^^^^^^^^^^^^^^^^^^^^^^^^
87 |
88 |     # Deep path info
   |
help: Remove extraneous `f` prefix
   |
85 |     else:
   -         print(f"      expression_ast: None")
86 +         print("      expression_ast: None")
87 |
   |

F541 [*] f-string without any placeholders
   --> scripts/spikes/spike_chain_redef_rhs.py:100:15
    |
 98 |     # Resolvability assessment
 99 |     if fmt == "BARE":
100 |         print(f"      RESOLVABLE BY REGISTRY: NO (bare names not registered)")
    |               ^^^^^^^^^^^^^^^^^^^^^^^^^^^^^^^^^^^^^^^^^^^^^^^^^^^^^^^^^^^^^^^
101 |         # Check if the bare name is a sibling part usage on the owning PartDef
102 |         sibling_usages = part_usage_names.get(redef.owning_part_qn, set())
    |
help: Remove extraneous `f` prefix
    |
99  |     if fmt == "BARE":
    -         print(f"      RESOLVABLE BY REGISTRY: NO (bare names not registered)")
100 +         print("      RESOLVABLE BY REGISTRY: NO (bare names not registered)")
101 |         # Check if the bare name is a sibling part usage on the owning PartDef
    |

F541 [*] f-string without any placeholders
   --> scripts/spikes/spike_chain_redef_rhs.py:109:19
    |
107 |             print(f"      TARGET: sibling part usage '{first_seg}' on {redef.owning_part_qn}")
108 |         else:
109 |             print(f"      TARGET: unknown (not a sibling part usage)")
    |                   ^^^^^^^^^^^^^^^^^^^^^^^^^^^^^^^^^^^^^^^^^^^^^^^^^^^
110 |             print(f"        sibling usages: {sorted(sibling_usages) if sibling_usages else '(none)'}")
111 |         print(f"      SCOPING NEEDED: YES -- needs instance_path prefix")
    |
help: Remove extraneous `f` prefix
    |
108 |         else:
    -             print(f"      TARGET: unknown (not a sibling part usage)")
109 +             print("      TARGET: unknown (not a sibling part usage)")
110 |             print(f"        sibling usages: {sorted(sibling_usages) if sibling_usages else '(none)'}")
    |

E501 Line too long (102 > 100)
   --> scripts/spikes/spike_chain_redef_rhs.py:110:101
    |
108 |         else:
109 |             print(f"      TARGET: unknown (not a sibling part usage)")
110 |             print(f"        sibling usages: {sorted(sibling_usages) if sibling_usages else '(none)'}")
    |                                                                                                     ^^
111 |         print(f"      SCOPING NEEDED: YES -- needs instance_path prefix")
112 |     elif fmt == "DOTTED":
    |

F541 [*] f-string without any placeholders
   --> scripts/spikes/spike_chain_redef_rhs.py:111:15
    |
109 |             print(f"      TARGET: unknown (not a sibling part usage)")
110 |             print(f"        sibling usages: {sorted(sibling_usages) if sibling_usages else '(none)'}")
111 |         print(f"      SCOPING NEEDED: YES -- needs instance_path prefix")
    |               ^^^^^^^^^^^^^^^^^^^^^^^^^^^^^^^^^^^^^^^^^^^^^^^^^^^^^^^^^^
112 |     elif fmt == "DOTTED":
113 |         print(f"      RESOLVABLE BY REGISTRY: MAYBE (if dotted path matches registered key)")
    |
help: Remove extraneous `f` prefix
    |
110 |             print(f"        sibling usages: {sorted(sibling_usages) if sibling_usages else '(none)'}")
    -         print(f"      SCOPING NEEDED: YES -- needs instance_path prefix")
111 +         print("      SCOPING NEEDED: YES -- needs instance_path prefix")
112 |     elif fmt == "DOTTED":
    |

F541 [*] f-string without any placeholders
   --> scripts/spikes/spike_chain_redef_rhs.py:113:15
    |
111 |         print(f"      SCOPING NEEDED: YES -- needs instance_path prefix")
112 |     elif fmt == "DOTTED":
113 |         print(f"      RESOLVABLE BY REGISTRY: MAYBE (if dotted path matches registered key)")
    |               ^^^^^^^^^^^^^^^^^^^^^^^^^^^^^^^^^^^^^^^^^^^^^^^^^^^^^^^^^^^^^^^^^^^^^^^^^^^^^^
114 |         # Check first segment against sibling usages
115 |         sp = redef.source_path or ""
    |
help: Remove extraneous `f` prefix
    |
112 |     elif fmt == "DOTTED":
    -         print(f"      RESOLVABLE BY REGISTRY: MAYBE (if dotted path matches registered key)")
113 +         print("      RESOLVABLE BY REGISTRY: MAYBE (if dotted path matches registered key)")
114 |         # Check first segment against sibling usages
    |

F541 [*] f-string without any placeholders
   --> scripts/spikes/spike_chain_redef_rhs.py:120:15
    |
118 |         if first_seg in sibling_usages:
119 |             print(f"      TARGET: starts with sibling part usage '{first_seg}'")
120 |         print(f"      SCOPING NEEDED: LIKELY -- dotted path is PartDef-local, not design-scoped")
    |               ^^^^^^^^^^^^^^^^^^^^^^^^^^^^^^^^^^^^^^^^^^^^^^^^^^^^^^^^^^^^^^^^^^^^^^^^^^^^^^^^^^
121 |     elif fmt == "SYSML_QN":
122 |         print(f"      RESOLVABLE BY REGISTRY: MAYBE (if :: normalization works)")
    |
help: Remove extraneous `f` prefix
    |
119 |             print(f"      TARGET: starts with sibling part usage '{first_seg}'")
    -         print(f"      SCOPING NEEDED: LIKELY -- dotted path is PartDef-local, not design-scoped")
120 +         print("      SCOPING NEEDED: LIKELY -- dotted path is PartDef-local, not design-scoped")
121 |     elif fmt == "SYSML_QN":
    |

F541 [*] f-string without any placeholders
   --> scripts/spikes/spike_chain_redef_rhs.py:122:15
    |
120 |         print(f"      SCOPING NEEDED: LIKELY -- dotted path is PartDef-local, not design-scoped")
121 |     elif fmt == "SYSML_QN":
122 |         print(f"      RESOLVABLE BY REGISTRY: MAYBE (if :: normalization works)")
    |               ^^^^^^^^^^^^^^^^^^^^^^^^^^^^^^^^^^^^^^^^^^^^^^^^^^^^^^^^^^^^^^^^^^
123 |         print(f"      SCOPING NEEDED: NO (already fully qualified)")
124 |     elif fmt == "AST_TEXT":
    |
help: Remove extraneous `f` prefix
    |
121 |     elif fmt == "SYSML_QN":
    -         print(f"      RESOLVABLE BY REGISTRY: MAYBE (if :: normalization works)")
122 +         print("      RESOLVABLE BY REGISTRY: MAYBE (if :: normalization works)")
123 |         print(f"      SCOPING NEEDED: NO (already fully qualified)")
    |

F541 [*] f-string without any placeholders
   --> scripts/spikes/spike_chain_redef_rhs.py:123:15
    |
121 |     elif fmt == "SYSML_QN":
122 |         print(f"      RESOLVABLE BY REGISTRY: MAYBE (if :: normalization works)")
123 |         print(f"      SCOPING NEEDED: NO (already fully qualified)")
    |               ^^^^^^^^^^^^^^^^^^^^^^^^^^^^^^^^^^^^^^^^^^^^^^^^^^^^^
124 |     elif fmt == "AST_TEXT":
125 |         print(f"      RESOLVABLE BY REGISTRY: NO (raw AST text)")
    |
help: Remove extraneous `f` prefix
    |
122 |         print(f"      RESOLVABLE BY REGISTRY: MAYBE (if :: normalization works)")
    -         print(f"      SCOPING NEEDED: NO (already fully qualified)")
123 +         print("      SCOPING NEEDED: NO (already fully qualified)")
124 |     elif fmt == "AST_TEXT":
    |

F541 [*] f-string without any placeholders
   --> scripts/spikes/spike_chain_redef_rhs.py:125:15
    |
123 |         print(f"      SCOPING NEEDED: NO (already fully qualified)")
124 |     elif fmt == "AST_TEXT":
125 |         print(f"      RESOLVABLE BY REGISTRY: NO (raw AST text)")
    |               ^^^^^^^^^^^^^^^^^^^^^^^^^^^^^^^^^^^^^^^^^^^^^^^^^^
126 |         print(f"      NEEDS: AST extraction like EXPOSE_PURE")
127 |     else:
    |
help: Remove extraneous `f` prefix
    |
124 |     elif fmt == "AST_TEXT":
    -         print(f"      RESOLVABLE BY REGISTRY: NO (raw AST text)")
125 +         print("      RESOLVABLE BY REGISTRY: NO (raw AST text)")
126 |         print(f"      NEEDS: AST extraction like EXPOSE_PURE")
    |

F541 [*] f-string without any placeholders
   --> scripts/spikes/spike_chain_redef_rhs.py:126:15
    |
124 |     elif fmt == "AST_TEXT":
125 |         print(f"      RESOLVABLE BY REGISTRY: NO (raw AST text)")
126 |         print(f"      NEEDS: AST extraction like EXPOSE_PURE")
    |               ^^^^^^^^^^^^^^^^^^^^^^^^^^^^^^^^^^^^^^^^^^^^^^^
127 |     else:
128 |         print(f"      RESOLVABLE BY REGISTRY: N/A (no source_path)")
    |
help: Remove extraneous `f` prefix
    |
125 |         print(f"      RESOLVABLE BY REGISTRY: NO (raw AST text)")
    -         print(f"      NEEDS: AST extraction like EXPOSE_PURE")
126 +         print("      NEEDS: AST extraction like EXPOSE_PURE")
127 |     else:
    |

F541 [*] f-string without any placeholders
   --> scripts/spikes/spike_chain_redef_rhs.py:128:15
    |
126 |         print(f"      NEEDS: AST extraction like EXPOSE_PURE")
127 |     else:
128 |         print(f"      RESOLVABLE BY REGISTRY: N/A (no source_path)")
    |               ^^^^^^^^^^^^^^^^^^^^^^^^^^^^^^^^^^^^^^^^^^^^^^^^^^^^^
129 |
130 |     return {
    |
help: Remove extraneous `f` prefix
    |
127 |     else:
    -         print(f"      RESOLVABLE BY REGISTRY: N/A (no source_path)")
128 +         print("      RESOLVABLE BY REGISTRY: N/A (no source_path)")
129 |
    |

F541 [*] f-string without any placeholders
   --> scripts/spikes/spike_chain_redef_rhs.py:154:11
    |
152 |     hier = extract_hierarchy_data(model)
153 |
154 |     print(f"  HierarchyExtractionResult:")
    |           ^^^^^^^^^^^^^^^^^^^^^^^^^^^^^^^
155 |     print(f"    redefinitions: {len(hier.redefinitions)}")
156 |     print(f"    design_overrides: {len(hier.design_overrides)}")
    |
help: Remove extraneous `f` prefix
    |
153 |
    -     print(f"  HierarchyExtractionResult:")
154 +     print("  HierarchyExtractionResult:")
155 |     print(f"    redefinitions: {len(hier.redefinitions)}")
    |

F541 [*] f-string without any placeholders
   --> scripts/spikes/spike_chain_redef_rhs.py:168:15
    |
166 |     # Print part_usage_names for context
167 |     if hier.part_usage_names:
168 |         print(f"\n  PART USAGE NAMES (PartDef -> child usages):")
    |               ^^^^^^^^^^^^^^^^^^^^^^^^^^^^^^^^^^^^^^^^^^^^^^^^^^
169 |         for pqn, usages in sorted(hier.part_usage_names.items()):
170 |             print(f"    {pqn}: {sorted(usages)}")
    |
help: Remove extraneous `f` prefix
    |
167 |     if hier.part_usage_names:
    -         print(f"\n  PART USAGE NAMES (PartDef -> child usages):")
168 +         print("\n  PART USAGE NAMES (PartDef -> child usages):")
169 |         for pqn, usages in sorted(hier.part_usage_names.items()):
    |

F541 [*] f-string without any placeholders
   --> scripts/spikes/spike_chain_redef_rhs.py:293:11
    |
292 |     # Verdict
293 |     print(f"\n  VERDICT:")
    |           ^^^^^^^^^^^^^^^
294 |     if grand_format_counts.get("BARE", 0) > 0:
295 |         bare_count = grand_format_counts["BARE"]
    |
help: Remove extraneous `f` prefix
    |
292 |     # Verdict
    -     print(f"\n  VERDICT:")
293 +     print("\n  VERDICT:")
294 |     if grand_format_counts.get("BARE", 0) > 0:
    |

F541 [*] f-string without any placeholders
   --> scripts/spikes/spike_chain_redef_rhs.py:298:15
    |
296 |         total = sum(grand_format_counts.values())
297 |         print(f"    BARE source_paths: {bare_count}/{total} CHAIN redefinitions")
298 |         print(f"    Confirms Issue 9: canonical_name IS bare, cannot resolve in OutputRegistry")
    |               ^^^^^^^^^^^^^^^^^^^^^^^^^^^^^^^^^^^^^^^^^^^^^^^^^^^^^^^^^^^^^^^^^^^^^^^^^^^^^^^^^
299 |         print(f"    Fix: Scope canonical_name at ChannelAlias construction time")
300 |         print(f"         canonical_name = f\"{{instance_path}}.{{redef.source_path}}\"")
    |
help: Remove extraneous `f` prefix
    |
297 |         print(f"    BARE source_paths: {bare_count}/{total} CHAIN redefinitions")
    -         print(f"    Confirms Issue 9: canonical_name IS bare, cannot resolve in OutputRegistry")
298 +         print("    Confirms Issue 9: canonical_name IS bare, cannot resolve in OutputRegistry")
299 |         print(f"    Fix: Scope canonical_name at ChannelAlias construction time")
    |

F541 [*] f-string without any placeholders
   --> scripts/spikes/spike_chain_redef_rhs.py:299:15
    |
297 |         print(f"    BARE source_paths: {bare_count}/{total} CHAIN redefinitions")
298 |         print(f"    Confirms Issue 9: canonical_name IS bare, cannot resolve in OutputRegistry")
299 |         print(f"    Fix: Scope canonical_name at ChannelAlias construction time")
    |               ^^^^^^^^^^^^^^^^^^^^^^^^^^^^^^^^^^^^^^^^^^^^^^^^^^^^^^^^^^^^^^^^^^
300 |         print(f"         canonical_name = f\"{{instance_path}}.{{redef.source_path}}\"")
301 |     if grand_format_counts.get("DOTTED", 0) > 0:
    |
help: Remove extraneous `f` prefix
    |
298 |         print(f"    Confirms Issue 9: canonical_name IS bare, cannot resolve in OutputRegistry")
    -         print(f"    Fix: Scope canonical_name at ChannelAlias construction time")
299 +         print("    Fix: Scope canonical_name at ChannelAlias construction time")
300 |         print(f"         canonical_name = f\"{{instance_path}}.{{redef.source_path}}\"")
    |

F541 [*] f-string without any placeholders
   --> scripts/spikes/spike_chain_redef_rhs.py:300:15
    |
298 |         print(f"    Confirms Issue 9: canonical_name IS bare, cannot resolve in OutputRegistry")
299 |         print(f"    Fix: Scope canonical_name at ChannelAlias construction time")
300 |         print(f"         canonical_name = f\"{{instance_path}}.{{redef.source_path}}\"")
    |               ^^^^^^^^^^^^^^^^^^^^^^^^^^^^^^^^^^^^^^^^^^^^^^^^^^^^^^^^^^^^^^^^^^^^^^^^^
301 |     if grand_format_counts.get("DOTTED", 0) > 0:
302 |         dotted_count = grand_format_counts["DOTTED"]
    |
help: Remove extraneous `f` prefix
    |
299 |         print(f"    Fix: Scope canonical_name at ChannelAlias construction time")
    -         print(f"         canonical_name = f\"{{instance_path}}.{{redef.source_path}}\"")
300 +         print("         canonical_name = f\"{instance_path}.{redef.source_path}\"")
301 |     if grand_format_counts.get("DOTTED", 0) > 0:
    |

F541 [*] f-string without any placeholders
   --> scripts/spikes/spike_chain_redef_rhs.py:304:15
    |
302 |         dotted_count = grand_format_counts["DOTTED"]
303 |         print(f"    DOTTED source_paths: {dotted_count} -- PartDef-local dotted paths")
304 |         print(f"    These also need scoping (prefix with instance_path)")
    |               ^^^^^^^^^^^^^^^^^^^^^^^^^^^^^^^^^^^^^^^^^^^^^^^^^^^^^^^^^^
305 |     if grand_format_counts.get("NONE", 0) > 0:
306 |         none_count = grand_format_counts["NONE"]
    |
help: Remove extraneous `f` prefix
    |
303 |         print(f"    DOTTED source_paths: {dotted_count} -- PartDef-local dotted paths")
    -         print(f"    These also need scoping (prefix with instance_path)")
304 +         print("    These also need scoping (prefix with instance_path)")
305 |     if grand_format_counts.get("NONE", 0) > 0:
    |

E501 Line too long (103 > 100)
   --> scripts/spikes/spike_chain_redef_rhs.py:307:101
    |
305 |     if grand_format_counts.get("NONE", 0) > 0:
306 |         none_count = grand_format_counts["NONE"]
307 |         print(f"    NONE source_paths: {none_count} -- need expression_ast/expression_text extraction")
    |                                                                                                     ^^^
308 |
309 |     # Scoping recommendation
    |

F541 [*] f-string without any placeholders
   --> scripts/spikes/spike_chain_redef_rhs.py:313:15
    |
311 |     has_dotted = grand_format_counts.get("DOTTED", 0) > 0
312 |     if has_bare or has_dotted:
313 |         print(f"\n    SCOPING RECOMMENDATION:")
    |               ^^^^^^^^^^^^^^^^^^^^^^^^^^^^^^^^
314 |         print(f"      All BARE and DOTTED source_paths need design instance scoping.")
315 |         print(f"      At Step 3.5(D), when building ChannelAlias from CHAIN redefs:")
    |
help: Remove extraneous `f` prefix
    |
312 |     if has_bare or has_dotted:
    -         print(f"\n    SCOPING RECOMMENDATION:")
313 +         print("\n    SCOPING RECOMMENDATION:")
314 |         print(f"      All BARE and DOTTED source_paths need design instance scoping.")
    |

F541 [*] f-string without any placeholders
   --> scripts/spikes/spike_chain_redef_rhs.py:314:15
    |
312 |     if has_bare or has_dotted:
313 |         print(f"\n    SCOPING RECOMMENDATION:")
314 |         print(f"      All BARE and DOTTED source_paths need design instance scoping.")
    |               ^^^^^^^^^^^^^^^^^^^^^^^^^^^^^^^^^^^^^^^^^^^^^^^^^^^^^^^^^^^^^^^^^^^^^^^
315 |         print(f"      At Step 3.5(D), when building ChannelAlias from CHAIN redefs:")
316 |         print(f"        alias_name   = f\"{{instance_path}}.{{redef.attribute_name}}\"")
    |
help: Remove extraneous `f` prefix
    |
313 |         print(f"\n    SCOPING RECOMMENDATION:")
    -         print(f"      All BARE and DOTTED source_paths need design instance scoping.")
314 +         print("      All BARE and DOTTED source_paths need design instance scoping.")
315 |         print(f"      At Step 3.5(D), when building ChannelAlias from CHAIN redefs:")
    |

F541 [*] f-string without any placeholders
   --> scripts/spikes/spike_chain_redef_rhs.py:315:15
    |
313 |         print(f"\n    SCOPING RECOMMENDATION:")
314 |         print(f"      All BARE and DOTTED source_paths need design instance scoping.")
315 |         print(f"      At Step 3.5(D), when building ChannelAlias from CHAIN redefs:")
    |               ^^^^^^^^^^^^^^^^^^^^^^^^^^^^^^^^^^^^^^^^^^^^^^^^^^^^^^^^^^^^^^^^^^^^^^
316 |         print(f"        alias_name   = f\"{{instance_path}}.{{redef.attribute_name}}\"")
317 |         print(f"        canonical_name = f\"{{instance_path}}.{{redef.source_path}}\"")
    |
help: Remove extraneous `f` prefix
    |
314 |         print(f"      All BARE and DOTTED source_paths need design instance scoping.")
    -         print(f"      At Step 3.5(D), when building ChannelAlias from CHAIN redefs:")
315 +         print("      At Step 3.5(D), when building ChannelAlias from CHAIN redefs:")
316 |         print(f"        alias_name   = f\"{{instance_path}}.{{redef.attribute_name}}\"")
    |

F541 [*] f-string without any placeholders
   --> scripts/spikes/spike_chain_redef_rhs.py:316:15
    |
314 |         print(f"      All BARE and DOTTED source_paths need design instance scoping.")
315 |         print(f"      At Step 3.5(D), when building ChannelAlias from CHAIN redefs:")
316 |         print(f"        alias_name   = f\"{{instance_path}}.{{redef.attribute_name}}\"")
    |               ^^^^^^^^^^^^^^^^^^^^^^^^^^^^^^^^^^^^^^^^^^^^^^^^^^^^^^^^^^^^^^^^^^^^^^^^^
317 |         print(f"        canonical_name = f\"{{instance_path}}.{{redef.source_path}}\"")
318 |         print(f"      This uses the same instance_path available from aggregation scoping.")
    |
help: Remove extraneous `f` prefix
    |
315 |         print(f"      At Step 3.5(D), when building ChannelAlias from CHAIN redefs:")
    -         print(f"        alias_name   = f\"{{instance_path}}.{{redef.attribute_name}}\"")
316 +         print("        alias_name   = f\"{instance_path}.{redef.attribute_name}\"")
317 |         print(f"        canonical_name = f\"{{instance_path}}.{{redef.source_path}}\"")
    |

F541 [*] f-string without any placeholders
   --> scripts/spikes/spike_chain_redef_rhs.py:317:15
    |
315 |         print(f"      At Step 3.5(D), when building ChannelAlias from CHAIN redefs:")
316 |         print(f"        alias_name   = f\"{{instance_path}}.{{redef.attribute_name}}\"")
317 |         print(f"        canonical_name = f\"{{instance_path}}.{{redef.source_path}}\"")
    |               ^^^^^^^^^^^^^^^^^^^^^^^^^^^^^^^^^^^^^^^^^^^^^^^^^^^^^^^^^^^^^^^^^^^^^^^^
318 |         print(f"      This uses the same instance_path available from aggregation scoping.")
    |
help: Remove extraneous `f` prefix
    |
316 |         print(f"        alias_name   = f\"{{instance_path}}.{{redef.attribute_name}}\"")
    -         print(f"        canonical_name = f\"{{instance_path}}.{{redef.source_path}}\"")
317 +         print("        canonical_name = f\"{instance_path}.{redef.source_path}\"")
318 |         print(f"      This uses the same instance_path available from aggregation scoping.")
    |

F541 [*] f-string without any placeholders
   --> scripts/spikes/spike_chain_redef_rhs.py:318:15
    |
316 |         print(f"        alias_name   = f\"{{instance_path}}.{{redef.attribute_name}}\"")
317 |         print(f"        canonical_name = f\"{{instance_path}}.{{redef.source_path}}\"")
318 |         print(f"      This uses the same instance_path available from aggregation scoping.")
    |               ^^^^^^^^^^^^^^^^^^^^^^^^^^^^^^^^^^^^^^^^^^^^^^^^^^^^^^^^^^^^^^^^^^^^^^^^^^^^^
help: Remove extraneous `f` prefix
    |
317 |         print(f"        canonical_name = f\"{{instance_path}}.{{redef.source_path}}\"")
    -         print(f"      This uses the same instance_path available from aggregation scoping.")
318 +         print("      This uses the same instance_path available from aggregation scoping.")
319 |
    |

F401 [*] `re` imported but unused
  --> scripts/spikes/spike_template_binding_format.py:16:8
   |
14 | from __future__ import annotations
15 |
16 | import re
   |        ^^
17 | import sys
18 | from pathlib import Path
   |
help: Remove unused import: `re`
   |
15 |
   - import re
16 | import sys
   |

I001 [*] Import block is un-sorted or un-formatted
  --> scripts/spikes/spike_template_binding_format.py:22:1
   |
20 |   sys.path.insert(0, str(Path(__file__).resolve().parent))
21 |
22 | / from _helpers import (
23 | |     DEFAULT_SUITES,
24 | |     load_model,
25 | |     print_section,
26 | |     print_subsection,
27 | |     print_table,
28 | |     safe_attr,
29 | | )
30 | | from sysml_codegen.extraction.usage_extractor import (
31 | |     BindingInfo,
32 | |     CalcUsageData,
33 | |     extract_calculation_usages,
34 | | )
35 | | from agentic_mbse.sysml.types import BindingType
   | |________________________________________________^
help: Organize imports
   |
29 | )
30 + from agentic_mbse.sysml.types import BindingType
31 +
32 | from sysml_codegen.extraction.usage_extractor import (
--------------------------------------------------------------------------------
36 | )
   - from agentic_mbse.sysml.types import BindingType
   -
37 |
   |

F401 [*] `_helpers.safe_attr` imported but unused
  --> scripts/spikes/spike_template_binding_format.py:28:5
   |
26 |     print_subsection,
27 |     print_table,
28 |     safe_attr,
   |     ^^^^^^^^^
29 | )
30 | from sysml_codegen.extraction.usage_extractor import (
   |
help: Remove unused import: `_helpers.safe_attr`
   |
27 |     print_table,
   -     safe_attr,
28 | )
   |

F401 [*] `sysml_codegen.extraction.usage_extractor.CalcUsageData` imported but unused
  --> scripts/spikes/spike_template_binding_format.py:32:5
   |
30 | from sysml_codegen.extraction.usage_extractor import (
31 |     BindingInfo,
32 |     CalcUsageData,
   |     ^^^^^^^^^^^^^
33 |     extract_calculation_usages,
34 | )
   |
help: Remove unused import: `sysml_codegen.extraction.usage_extractor.CalcUsageData`
   |
31 |     BindingInfo,
   -     CalcUsageData,
32 |     extract_calculation_usages,
   |

F401 [*] `collections.defaultdict` imported but unused
  --> scripts/spikes/spike_virtual_instance_keys.py:18:25
   |
17 | import sys
18 | from collections import defaultdict
   |                         ^^^^^^^^^^^
19 | from pathlib import Path
   |
help: Remove unused import: `collections.defaultdict`
   |
17 | import sys
   - from collections import defaultdict
18 | from pathlib import Path
   |

I001 [*] Import block is un-sorted or un-formatted
  --> scripts/spikes/spike_virtual_instance_keys.py:23:1
   |
21 |   sys.path.insert(0, str(Path(__file__).resolve().parent))
22 |
23 | / from _helpers import (
24 | |     DEFAULT_SUITES,
25 | |     load_model,
26 | |     print_section,
27 | |     print_subsection,
28 | |     print_table,
29 | | )
30 | | from sysml_codegen.extraction.usage_extractor import (
31 | |     CalcUsageData,
32 | |     extract_calculation_usages,
33 | | )
34 | | from agentic_mbse.sysml.types import BindingType
   | |________________________________________________^
help: Organize imports
   |
29 | )
30 + from agentic_mbse.sysml.types import BindingType
31 +
32 | from sysml_codegen.extraction.usage_extractor import (
33 |     CalcUsageData,
34 |     extract_calculation_usages,
35 | )
   - from agentic_mbse.sysml.types import BindingType
   -
36 |
   |

E501 Line too long (105 > 100)
   --> scripts/spikes/spike_virtual_instance_keys.py:104:101
    |
102 |         cd = calc_def_map.get(usage.calc_def_name)
103 |         if cd is None:
104 |             print(f"\n    CalcUsage: {usage.instance_name} -- CalcDef {usage.calc_def_name!r} NOT FOUND")
    |                                                                                                     ^^^^^
105 |             continue
    |

UP042 Class BindingResolutionType inherits from both `str` and `enum.Enum`
  --> src/sysml_codegen/core/models.py:13:7
   |
13 | class BindingResolutionType(str, Enum):
   |       ^^^^^^^^^^^^^^^^^^^^^
14 |     """Classification of how a calc input binding resolves.
   |
help: Inherit from `enum.StrEnum`

UP042 Class ElaborationCode inherits from both `str` and `enum.Enum`
  --> src/sysml_codegen/elaboration/diagnostics.py:10:7
   |
10 | class ElaborationCode(str, Enum):
   |       ^^^^^^^^^^^^^^^
11 |     SYSML_NAMESPACE_NOT_DISTINGUISHABLE = "SYSML_NAMESPACE_NOT_DISTINGUISHABLE"
12 |     SI_OCCURRENCE_MISSING = "SI_OCCURRENCE_MISSING"
   |
help: Inherit from `enum.StrEnum`

UP042 Class ValueSite inherits from both `str` and `enum.Enum`
  --> src/sysml_codegen/elaboration/graph.py:66:7
   |
66 | class ValueSite(str, Enum):
   |       ^^^^^^^^^
67 |     NONE = "none"
68 |     DEFINITION_DEFAULT = "definition_default"
   |
help: Inherit from `enum.StrEnum`

UP042 Class NodeKind inherits from both `str` and `enum.Enum`
   --> src/sysml_codegen/elaboration/identity.py:139:7
    |
139 | class NodeKind(str, Enum):
    |       ^^^^^^^^
140 |     ATTRIBUTE = "attribute"
141 |     CALCULATION = "calculation"
    |
help: Inherit from `enum.StrEnum`

UP042 Class ComputedAttributeClassification inherits from both `str` and `enum.Enum`
   --> src/sysml_codegen/extraction/data_models.py:194:7
    |
194 | class ComputedAttributeClassification(str, Enum):
    |       ^^^^^^^^^^^^^^^^^^^^^^^^^^^^^^^
195 |     """Classification of a PartDef/PartUsage attribute expression.
    |
help: Inherit from `enum.StrEnum`

UP042 Class Compilability inherits from both `str` and `enum.Enum`
  --> src/sysml_codegen/extraction/expression_compiler.py:28:7
   |
28 | class Compilability(str, Enum):
   |       ^^^^^^^^^^^^^
29 |     """Compilability verdict for a CalcDef or individual output expression.
   |
help: Inherit from `enum.StrEnum`

UP042 Class SourceForm inherits from both `str` and `enum.Enum`
  --> src/sysml_codegen/extraction/source_evidence.py:37:7
   |
37 | class SourceForm(str, Enum):
   |       ^^^^^^^^^^
38 |     """The authored form of a binding's right-hand side.
   |
help: Inherit from `enum.StrEnum`

UP042 Class ValueSiteKind inherits from both `str` and `enum.Enum`
  --> src/sysml_codegen/extraction/source_evidence.py:57:7
   |
57 | class ValueSiteKind(str, Enum):
   |       ^^^^^^^^^^^^^
58 |     """The three modeled value-site kinds (design D2).
   |
help: Inherit from `enum.StrEnum`

UP042 Class ReadinessCode inherits from both `str` and `enum.Enum`
   --> src/sysml_codegen/extraction/source_evidence.py:151:7
    |
151 | class ReadinessCode(str, Enum):
    |       ^^^^^^^^^^^^^
152 |     """Machine-checkable source-readiness dispositions (contract D8).
    |
help: Inherit from `enum.StrEnum`

UP042 Class EntryPointType inherits from both `str` and `enum.Enum`
  --> src/sysml_codegen/resolution/models.py:48:7
   |
48 | class EntryPointType(str, Enum):
   |       ^^^^^^^^^^^^^^
49 |     """ADR-001 entry point types.
   |
help: Inherit from `enum.StrEnum`

UP042 Class ModuleKind inherits from both `str` and `enum.Enum`
   --> src/sysml_codegen/resolution/models.py:203:7
    |
203 | class ModuleKind(str, Enum):
    |       ^^^^^^^^^^
204 |     """Kind of a pipeline module — set once at construction, dispatched on at every
205 |     generation seam. Replaces the two accreted Boolean flags PipelineModule carried
    |
help: Inherit from `enum.StrEnum`

UP042 Class ConstraintInputResolution inherits from both `str` and `enum.Enum`
   --> src/sysml_codegen/resolution/models.py:284:7
    |
284 | class ConstraintInputResolution(str, Enum):
    |       ^^^^^^^^^^^^^^^^^^^^^^^^^
285 |     """How one concrete constraint's formal was resolved (Item 5 / D1 terminal switch)."""
    |
help: Inherit from `enum.StrEnum`

I001 [*] Import block is un-sorted or un-formatted
  --> tests/conformance/golden/zero_entry_package/modules/constraints/constraintreportaggregatormodule.py:8:1
   |
 6 |   """
 7 |
 8 | / from pydantic import BaseModel
 9 | | from simkit.config.schema import MultiOutput
10 | | from simkit.core.base import ModuleBase, ModuleResult
11 | |
12 | | from zero_entry.schemas.constraint_types import (
13 | |     ConstraintEvaluation,
14 | |     ConstraintReport,
15 | |     CoverageAccount,
16 | | )
   | |_^
17 |
18 |   EXPECTED_IDS = ()
   |
help: Organize imports
   |
10 | from simkit.core.base import ModuleBase, ModuleResult
   -
11 | from zero_entry.schemas.constraint_types import (
   |

F401 [*] `zero_entry.schemas.constraint_types.ConstraintEvaluation` imported but unused
  --> tests/conformance/golden/zero_entry_package/modules/constraints/constraintreportaggregatormodule.py:13:5
   |
12 | from zero_entry.schemas.constraint_types import (
13 |     ConstraintEvaluation,
   |     ^^^^^^^^^^^^^^^^^^^^
14 |     ConstraintReport,
15 |     CoverageAccount,
   |
help: Remove unused import: `zero_entry.schemas.constraint_types.ConstraintEvaluation`
   |
12 | from zero_entry.schemas.constraint_types import (
   -     ConstraintEvaluation,
13 |     ConstraintReport,
   |

E501 Line too long (202 > 100)
  --> tests/conformance/golden/zero_entry_package/modules/constraints/constraintreportaggregatormodule.py:25:101
   |
23 | …ing it
24 | …
25 | …nt': 0, 'unassessed_gate_count': 0, 'inapplicable_gate_count': 0, 'unassessed_reasons': {}, 'coverage_state': 'none'}
   |                 ^^^^^^^^^^^^^^^^^^^^^^^^^^^^^^^^^^^^^^^^^^^^^^^^^^^^^^^^^^^^^^^^^^^^^^^^^^^^^^^^^^^^^^^^^^^^^^^^^^^^^^

UP045 [*] Use `X | None` for type annotations
  --> tests/conformance/golden/zero_entry_package/schemas/constraint_types.py:27:19
   |
26 |     constraint_id: str
27 |     actual_value: Optional[bool] = None
   |                   ^^^^^^^^^^^^^^
28 |     status: Literal["satisfied", "violated", "indeterminate"]
29 |     margin: Optional[float] = None
   |
help: Convert to `X | None`
   |
26 |     constraint_id: str
   -     actual_value: Optional[bool] = None
27 +     actual_value: bool | None = None
28 |     status: Literal["satisfied", "violated", "indeterminate"]
   |

UP045 [*] Use `X | None` for type annotations
  --> tests/conformance/golden/zero_entry_package/schemas/constraint_types.py:29:13
   |
27 |     actual_value: Optional[bool] = None
28 |     status: Literal["satisfied", "violated", "indeterminate"]
29 |     margin: Optional[float] = None
   |             ^^^^^^^^^^^^^^^
30 |     observed: dict[str, float]
   |
help: Convert to `X | None`
   |
28 |     status: Literal["satisfied", "violated", "indeterminate"]
   -     margin: Optional[float] = None
29 +     margin: float | None = None
30 |     observed: dict[str, float]
   |

E501 Line too long (101 > 100)
   --> tests/conformance/test_constraint_generation_integration.py:183:101
    |
181 |     from sysml_codegen.generation.constraint_plan import build_constraint_generation_plan
182 |
183 |     plan = build_constraint_generation_plan(ctx.computation_graph, template_env, config.package_name)
    |                                                                                                     ^
184 |     _generate_modules(ctx.computation_graph, config, template_env, plan)
185 |     _generate_stencils(ctx.computation_graph, config, template_env)
    |

E501 Line too long (105 > 100)
  --> tests/conformance/test_exact_route_generated_package.py:53:101
   |
51 |     )
52 |     template_env = _get_template_env()
53 |     plan = build_constraint_generation_plan(context.computation_graph, template_env, config.package_name)
   |                                                                                                     ^^^^^
54 |     _setup_output_directories(config)
55 |     _generate_schemas(context.computation_graph, config, template_env)
   |

I001 [*] Import block is un-sorted or un-formatted
   --> tests/conformance/test_extraction_diagnostic_screen.py:142:5
    |
140 |       caplog: pytest.LogCaptureFixture,
141 |   ) -> None:
142 | /     from agentic_mbse.sysml.constraint_extraction import extract_identified_constraint_facts
143 | |     from sysml_codegen.extraction.extractor import SysMLDataExtractor
    | |_____________________________________________________________________^
144 |
145 |       extractor = SysMLDataExtractor([VACUOUS_FIXTURE])
    |
help: Organize imports
    |
142 |     from agentic_mbse.sysml.constraint_extraction import extract_identified_constraint_facts
143 +
144 |     from sysml_codegen.extraction.extractor import SysMLDataExtractor
    |

I001 [*] Import block is un-sorted or un-formatted
  --> tests/conformance/test_generation_boundary.py:12:1
   |
10 |   """
11 |
12 | / from __future__ import annotations
13 | |
14 | | from pathlib import Path
15 | |
16 | | import jinja2
17 | | import pytest
18 | |
19 | | from sysml_codegen.extraction.expression_compiler import Compilability
20 | | from sysml_codegen.resolution.models import (
21 | |     ComputationGraph,
22 | |     ModuleKind,
23 | | )
24 | |
25 | | from tests.conftest import exact_graph_from_fixture
   | |___________________________________________________^
help: Organize imports
   |
23 | )
   -
24 | from tests.conftest import exact_graph_from_fixture
   -
25 |
   |

I001 [*] Import block is un-sorted or un-formatted
  --> tests/conformance/test_source_admission_routes.py:3:1
   |
 1 |   """Live admission, capture, relocation, and staleness through public routes."""
 2 |
 3 | / from __future__ import annotations
 4 | |
 5 | | import json
 6 | | import shutil
 7 | | from pathlib import Path
 8 | |
 9 | | import pytest
10 | |
11 | | from sysml_codegen.extraction.extractor import SysMLDataExtractor
12 | | from sysml_codegen.orchestration.elaborated_pipeline import elaborate_admitted_sources
13 | | from sysml_codegen.snapshot.capture import capture_instance_graph_snapshot
14 | | from sysml_codegen.snapshot.envelope import (
15 | |     SnapshotStaleSourceError,
16 | |     load_instance_graph_snapshot,
17 | | )
18 | | from sysml_codegen.extraction.source_manifest import (
19 | |     PINNED_STANDARD_LIBRARY_COUNT,
20 | |     admit_sources,
21 | | )
22 | | from tests.conftest import FIXTURES_DIR, requires_license
   | |_________________________________________________________^
23 |
24 |   pytestmark = requires_license
   |
help: Organize imports
   |
11 | from sysml_codegen.extraction.extractor import SysMLDataExtractor
12 + from sysml_codegen.extraction.source_manifest import (
13 +     PINNED_STANDARD_LIBRARY_COUNT,
14 +     admit_sources,
15 + )
16 | from sysml_codegen.orchestration.elaborated_pipeline import elaborate_admitted_sources
--------------------------------------------------------------------------------
20 |     load_instance_graph_snapshot,
   - )
   - from sysml_codegen.extraction.source_manifest import (
   -     PINNED_STANDARD_LIBRARY_COUNT,
   -     admit_sources,
21 | )
   |

F401 [*] `inspect` imported but unused
  --> tests/conformance/test_type_mapping_consolidation.py:19:8
   |
18 | import ast
19 | import inspect
   |        ^^^^^^^
20 | from pathlib import Path
   |
help: Remove unused import: `inspect`
   |
18 | import ast
   - import inspect
19 | from pathlib import Path
   |

F401 [*] `jinja2` imported but unused
  --> tests/conformance/test_type_mapping_consolidation.py:22:8
   |
20 | from pathlib import Path
21 |
22 | import jinja2
   |        ^^^^^^
23 | import pytest
   |
help: Remove unused import: `jinja2`
   |
21 |
   - import jinja2
22 | import pytest
   |

E501 Line too long (103 > 100)
   --> tests/conformance/test_zero_entry_package_golden.py:102:101
    |
100 | def test_the_fixture_still_has_the_shape_r3_names(generated):
101 |     """If the fixture stopped being zero-entry, this gate would pin the wrong thing."""
102 |     catalog = build_exact_pipeline_context_from_snapshot(SNAPSHOT).computation_graph.constraint_catalog
    |                                                                                                     ^^^
103 |     assert catalog is not None
104 |     assert catalog.usage_records, "fixture declares no constraint usages"
    |

F401 [*] `sysml_codegen.orchestration.exact_pipeline_context.build_exact_pipeline_context` imported but unused
  --> tests/execution/test_fusion_tea_real_teax.py:37:5
   |
36 | from sysml_codegen.orchestration.exact_pipeline_context import (
37 |     build_exact_pipeline_context,
   |     ^^^^^^^^^^^^^^^^^^^^^^^^^^^^
38 |     build_exact_pipeline_context_from_snapshot,
39 | )
   |
help: Remove unused import
   |
35 |
   - from sysml_codegen.orchestration.exact_pipeline_context import (
   -     build_exact_pipeline_context,
   -     build_exact_pipeline_context_from_snapshot,
   - )
36 | from sysml_codegen.snapshot.capture import capture_instance_graph_snapshot
   |

F401 [*] `sysml_codegen.orchestration.exact_pipeline_context.build_exact_pipeline_context_from_snapshot` imported but unused
  --> tests/execution/test_fusion_tea_real_teax.py:38:5
   |
36 | from sysml_codegen.orchestration.exact_pipeline_context import (
37 |     build_exact_pipeline_context,
38 |     build_exact_pipeline_context_from_snapshot,
   |     ^^^^^^^^^^^^^^^^^^^^^^^^^^^^^^^^^^^^^^^^^^
39 | )
40 | from sysml_codegen.snapshot.capture import capture_instance_graph_snapshot
   |
help: Remove unused import
   |
35 |
   - from sysml_codegen.orchestration.exact_pipeline_context import (
   -     build_exact_pipeline_context,
   -     build_exact_pipeline_context_from_snapshot,
   - )
36 | from sysml_codegen.snapshot.capture import capture_instance_graph_snapshot
   |

I001 [*] Import block is un-sorted or un-formatted
  --> tests/fixtures/baseline_outputs/attr_expr_probe/registry_init.py:1:1
   |
 1 | / from simkit.core.registry_builder import create_registry
 2 | | from simkit.core.pipeline_registry import PipelineModuleRegistry
 3 | |
 4 | | from attr_expr_probe.modules.attrexprprobelibrary.scalecalc import ScaleCalcModule
 5 | | from attr_expr_probe.modules.attrexprprobelibrary.splitcalc import SplitCalcModule
 6 | | from attr_expr_probe.modules.attrexprprobedesign.probe_design.area import areaModule
 7 | | from attr_expr_probe.modules.attrexprprobedesign.probe_design.cost import costModule
 8 | | from attr_expr_probe.modules.attrexprprobedesign.probe_design.cost_density import cost_densityModule
 9 | | from attr_expr_probe.modules.attrexprprobedesign.probe_design.gross_electric_simple import gross_electric_simpleModule
10 | | from attr_expr_probe.modules.attrexprprobedesign.probe_design.marked_up_cost import marked_up_costModule
11 | | from attr_expr_probe.modules.attrexprprobedesign.probe_design.minor_radius import minor_radiusModule
12 | | from attr_expr_probe.modules.attrexprprobedesign.probe_design.net_length import net_lengthModule
13 | | from attr_expr_probe.modules.attrexprprobedesign.probe_design.p_alpha import p_alphaModule
14 | | from attr_expr_probe.modules.attrexprprobedesign.probe_design.p_blanket_thermal import p_blanket_thermalModule
15 | | from attr_expr_probe.modules.attrexprprobedesign.probe_design.p_neutron import p_neutronModule
16 | | from attr_expr_probe.modules.attrexprprobedesign.probe_design.perimeter import perimeterModule
17 | | from attr_expr_probe.modules.attrexprprobedesign.probe_design.q_scientific import q_scientificModule
18 | | from attr_expr_probe.modules.attrexprprobedesign.probe_design.total_dim import total_dimModule
19 | | from attr_expr_probe.modules.attrexprprobedesign.probe_design.volume import volumeModule
20 | |
21 | | from attr_expr_probe.schemas.design_params import DesignParams as DesignParams
22 | |
23 | | from attr_expr_probe.primitives import Float
   | |____________________________________________^
help: Organize imports
   |
   - from simkit.core.registry_builder import create_registry
   - from simkit.core.pipeline_registry import PipelineModuleRegistry
   -
   - from attr_expr_probe.modules.attrexprprobelibrary.scalecalc import ScaleCalcModule
   - from attr_expr_probe.modules.attrexprprobelibrary.splitcalc import SplitCalcModule
1  | from attr_expr_probe.modules.attrexprprobedesign.probe_design.area import areaModule
2  | from attr_expr_probe.modules.attrexprprobedesign.probe_design.cost import costModule
3  | from attr_expr_probe.modules.attrexprprobedesign.probe_design.cost_density import cost_densityModule
   - from attr_expr_probe.modules.attrexprprobedesign.probe_design.gross_electric_simple import gross_electric_simpleModule
   - from attr_expr_probe.modules.attrexprprobedesign.probe_design.marked_up_cost import marked_up_costModule
4  + from attr_expr_probe.modules.attrexprprobedesign.probe_design.gross_electric_simple import (
5  +     gross_electric_simpleModule,
6  + )
7  + from attr_expr_probe.modules.attrexprprobedesign.probe_design.marked_up_cost import (
8  +     marked_up_costModule,
9  + )
10 | from attr_expr_probe.modules.attrexprprobedesign.probe_design.minor_radius import minor_radiusModule
11 | from attr_expr_probe.modules.attrexprprobedesign.probe_design.net_length import net_lengthModule
12 | from attr_expr_probe.modules.attrexprprobedesign.probe_design.p_alpha import p_alphaModule
   - from attr_expr_probe.modules.attrexprprobedesign.probe_design.p_blanket_thermal import p_blanket_thermalModule
13 + from attr_expr_probe.modules.attrexprprobedesign.probe_design.p_blanket_thermal import (
14 +     p_blanket_thermalModule,
15 + )
16 | from attr_expr_probe.modules.attrexprprobedesign.probe_design.p_neutron import p_neutronModule
--------------------------------------------------------------------------------
20 | from attr_expr_probe.modules.attrexprprobedesign.probe_design.volume import volumeModule
   -
21 + from attr_expr_probe.modules.attrexprprobelibrary.scalecalc import ScaleCalcModule
22 + from attr_expr_probe.modules.attrexprprobelibrary.splitcalc import SplitCalcModule
23 + from attr_expr_probe.primitives import Float
24 | from attr_expr_probe.schemas.design_params import DesignParams as DesignParams
   -
   - from attr_expr_probe.primitives import Float
25 + from simkit.core.pipeline_registry import PipelineModuleRegistry
26 + from simkit.core.registry_builder import create_registry
27 |
   |

E501 Line too long (118 > 100)
  --> tests/fixtures/baseline_outputs/attr_expr_probe/registry_init.py:9:101
   |
 7 | from attr_expr_probe.modules.attrexprprobedesign.probe_design.cost import costModule
 8 | from attr_expr_probe.modules.attrexprprobedesign.probe_design.cost_density import cost_densityModule
 9 | from attr_expr_probe.modules.attrexprprobedesign.probe_design.gross_electric_simple import gross_electric_simpleModule
   |                                                                                                     ^^^^^^^^^^^^^^^^^^
10 | from attr_expr_probe.modules.attrexprprobedesign.probe_design.marked_up_cost import marked_up_costModule
11 | from attr_expr_probe.modules.attrexprprobedesign.probe_design.minor_radius import minor_radiusModule
   |

E501 Line too long (104 > 100)
  --> tests/fixtures/baseline_outputs/attr_expr_probe/registry_init.py:10:101
   |
 8 | from attr_expr_probe.modules.attrexprprobedesign.probe_design.cost_density import cost_densityModule
 9 | from attr_expr_probe.modules.attrexprprobedesign.probe_design.gross_electric_simple import gross_electric_simpleModule
10 | from attr_expr_probe.modules.attrexprprobedesign.probe_design.marked_up_cost import marked_up_costModule
   |                                                                                                     ^^^^
11 | from attr_expr_probe.modules.attrexprprobedesign.probe_design.minor_radius import minor_radiusModule
12 | from attr_expr_probe.modules.attrexprprobedesign.probe_design.net_length import net_lengthModule
   |

E501 Line too long (110 > 100)
  --> tests/fixtures/baseline_outputs/attr_expr_probe/registry_init.py:14:101
   |
12 | from attr_expr_probe.modules.attrexprprobedesign.probe_design.net_length import net_lengthModule
13 | from attr_expr_probe.modules.attrexprprobedesign.probe_design.p_alpha import p_alphaModule
14 | from attr_expr_probe.modules.attrexprprobedesign.probe_design.p_blanket_thermal import p_blanket_thermalModule
   |                                                                                                     ^^^^^^^^^^
15 | from attr_expr_probe.modules.attrexprprobedesign.probe_design.p_neutron import p_neutronModule
16 | from attr_expr_probe.modules.attrexprprobedesign.probe_design.perimeter import perimeterModule
   |

E501 Line too long (487 > 100)
  --> tests/fixtures/baseline_outputs/attr_expr_probe/registry_init.py:38:101
   |
36 | …
37 | …
38 | …   gross_electric_simpleModule,            marked_…Module,            SplitCalcModule,        ],
   |       ^^^^^^^^^^^^^^^^^^^^^^^^^^^^^^^^^^^^^^^^^^^^^…^^^^^^^^^^^^^^^^^^^^^^^^^^^^^^^^^^^^^^^^^^^^^
39 | …ule",            costModule: "attrexprprobedesign.probe_design.costModule",            cost_densityModule: "attrexprprobedesign.probe_design.cost_densityModule",            gross_electric_simpleModule: "attrexprprobedesign.probe_design.gross_electric_simpleModule",            marked_up_costModule: "attrexprprobedesign.probe_design.marked_up_costModule",            minor_radiusModule: "attrexprp…
40 | …
   |

E501 Line too long (1336 > 100)
  --> tests/fixtures/baseline_outputs/attr_expr_probe/registry_init.py:39:101
   |
37 | …
38 | …   gross_electric_simpleModule,            marked_up_costModule,            minor_radiusModule,            net_lengthModule,            p_alphaModule,            p_blanket_thermalModule,            p_neutronModule,            perimeterModule,            q_scientificModule,            total_dimModule,            volumeModule,            ScaleCalcModule,            SplitCalcModule,        ],
39 | …ule",            costModule: "attrexprprobedesign.…rexprprobelibrary.SplitCalcModule",        },
   |       ^^^^^^^^^^^^^^^^^^^^^^^^^^^^^^^^^^^^^^^^^^^^^…^^^^^^^^^^^^^^^^^^^^^^^^^^^^^^^^^^^^^^^^^^^^^
40 | …
   |

I001 [*] Import block is un-sorted or un-formatted
  --> tests/fixtures/baseline_outputs/catf_mfe/registry_init.py:1:1
   |
 1 | / from simkit.core.registry_builder import create_registry
 2 | | from simkit.core.pipeline_registry import PipelineModuleRegistry
 3 | |
 4 | | from catf_mfe.modules.fusionanalysesthermalloads.auxiliarysystemspower import AuxiliarySystemsPowerModule
 5 | | from catf_mfe.modules.fusionanalysesthermalloads.coolantpumppower import CoolantPumpPowerModule
 6 | | from catf_mfe.modules.fusionanalysesthermalloads.cryopumprefrigeration import CryoPumpRefrigerationModule
 7 | | from catf_mfe.modules.fusionanalysesthermalloads.heatingwallplugpower import HeatingWallPlugPowerModule
 8 | | from catf_mfe.modules.fusionanalysesthermalloads.magnetcryogenicload import MagnetCryogenicLoadModule
 9 | | from catf_mfe.modules.fusionanalysesthermalloads.tritiumprocessingpower import TritiumProcessingPowerModule
10 | | from catf_mfe.modules.fusionanalysesthermalloads.vacuumpumppower import VacuumPumpPowerModule
11 | | from catf_mfe.modules.fusionphysics_performancemetrics.engineeringqfactor import EngineeringQFactorModule
12 | | from catf_mfe.modules.fusionphysics_performancemetrics.plantefficiency import PlantEfficiencyModule
13 | | from catf_mfe.modules.fusionphysics_performancemetrics.scientificqfactor import ScientificQFactorModule
14 | | from catf_mfe.modules.fusionphysics_powerbalance.alphaneutronsplit import AlphaNeutronSplitModule
15 | | from catf_mfe.modules.fusionphysics_powerbalance.blanketthermalpower import BlanketThermalPowerModule
16 | | from catf_mfe.modules.fusionphysics_powerbalance.grosselectricpower import GrossElectricPowerModule
17 | | from catf_mfe.modules.fusionphysics_powerbalance.netelectricpower import NetElectricPowerModule
18 | | from catf_mfe.modules.fusionphysicsgeometry.magnetsurfacearea import MagnetSurfaceAreaModule
19 | | from catf_mfe.modules.fusionphysicsgeometry.torusminorradius import TorusMinorRadiusModule
20 | | from catf_mfe.modules.fusionphysicsgeometry.torussurfacearea import TorusSurfaceAreaModule
21 | | from catf_mfe.modules.fusionphysicsgeometry.torusvolume import TorusVolumeModule
22 | | from catf_mfe.modules.constraints.constraintreportaggregatormodule import ConstraintReportAggregatorModule
23 | |
24 | | from catf_mfe.schemas.blanket_params import BlanketParams as BlanketParams
25 | | from catf_mfe.schemas.constraint_types import ConstraintEvaluation as ConstraintEvaluation, ConstraintReport as ConstraintReport
26 | | from catf_mfe.schemas.heating_params import HeatingParams as HeatingParams
27 | | from catf_mfe.schemas.magnets_params import MagnetsParams as MagnetsParams
28 | | from catf_mfe.schemas.physics_params import PhysicsParams as PhysicsParams
29 | | from catf_mfe.schemas.radial_build_params import RadialBuildParams as RadialBuildParams
30 | | from catf_mfe.schemas.system_params import SystemParams as SystemParams
31 | | from catf_mfe.schemas.tritium_params import TritiumParams as TritiumParams
32 | | from catf_mfe.schemas.vacuum_params import VacuumParams as VacuumParams
33 | |
34 | | from catf_mfe.primitives import Float
   | |_____________________________________^
help: Organize imports
   |
   - from simkit.core.registry_builder import create_registry
   - from simkit.core.pipeline_registry import PipelineModuleRegistry
   -
   - from catf_mfe.modules.fusionanalysesthermalloads.auxiliarysystemspower import AuxiliarySystemsPowerModule
1  + from catf_mfe.modules.constraints.constraintreportaggregatormodule import (
2  +     ConstraintReportAggregatorModule,
3  + )
4  + from catf_mfe.modules.fusionanalysesthermalloads.auxiliarysystemspower import (
5  +     AuxiliarySystemsPowerModule,
6  + )
7  | from catf_mfe.modules.fusionanalysesthermalloads.coolantpumppower import CoolantPumpPowerModule
   - from catf_mfe.modules.fusionanalysesthermalloads.cryopumprefrigeration import CryoPumpRefrigerationModule
   - from catf_mfe.modules.fusionanalysesthermalloads.heatingwallplugpower import HeatingWallPlugPowerModule
   - from catf_mfe.modules.fusionanalysesthermalloads.magnetcryogenicload import MagnetCryogenicLoadModule
   - from catf_mfe.modules.fusionanalysesthermalloads.tritiumprocessingpower import TritiumProcessingPowerModule
8  + from catf_mfe.modules.fusionanalysesthermalloads.cryopumprefrigeration import (
9  +     CryoPumpRefrigerationModule,
10 + )
11 + from catf_mfe.modules.fusionanalysesthermalloads.heatingwallplugpower import (
12 +     HeatingWallPlugPowerModule,
13 + )
14 + from catf_mfe.modules.fusionanalysesthermalloads.magnetcryogenicload import (
15 +     MagnetCryogenicLoadModule,
16 + )
17 + from catf_mfe.modules.fusionanalysesthermalloads.tritiumprocessingpower import (
18 +     TritiumProcessingPowerModule,
19 + )
20 | from catf_mfe.modules.fusionanalysesthermalloads.vacuumpumppower import VacuumPumpPowerModule
   - from catf_mfe.modules.fusionphysics_performancemetrics.engineeringqfactor import EngineeringQFactorModule
21 + from catf_mfe.modules.fusionphysics_performancemetrics.engineeringqfactor import (
22 +     EngineeringQFactorModule,
23 + )
24 | from catf_mfe.modules.fusionphysics_performancemetrics.plantefficiency import PlantEfficiencyModule
   - from catf_mfe.modules.fusionphysics_performancemetrics.scientificqfactor import ScientificQFactorModule
25 + from catf_mfe.modules.fusionphysics_performancemetrics.scientificqfactor import (
26 +     ScientificQFactorModule,
27 + )
28 | from catf_mfe.modules.fusionphysics_powerbalance.alphaneutronsplit import AlphaNeutronSplitModule
   - from catf_mfe.modules.fusionphysics_powerbalance.blanketthermalpower import BlanketThermalPowerModule
29 + from catf_mfe.modules.fusionphysics_powerbalance.blanketthermalpower import (
30 +     BlanketThermalPowerModule,
31 + )
32 | from catf_mfe.modules.fusionphysics_powerbalance.grosselectricpower import GrossElectricPowerModule
--------------------------------------------------------------------------------
37 | from catf_mfe.modules.fusionphysicsgeometry.torusvolume import TorusVolumeModule
   - from catf_mfe.modules.constraints.constraintreportaggregatormodule import ConstraintReportAggregatorModule
   -
38 + from catf_mfe.primitives import Float
39 | from catf_mfe.schemas.blanket_params import BlanketParams as BlanketParams
   - from catf_mfe.schemas.constraint_types import ConstraintEvaluation as ConstraintEvaluation, ConstraintReport as ConstraintReport
40 + from catf_mfe.schemas.constraint_types import ConstraintEvaluation as ConstraintEvaluation
41 + from catf_mfe.schemas.constraint_types import ConstraintReport as ConstraintReport
42 | from catf_mfe.schemas.heating_params import HeatingParams as HeatingParams
--------------------------------------------------------------------------------
48 | from catf_mfe.schemas.vacuum_params import VacuumParams as VacuumParams
   -
   - from catf_mfe.primitives import Float
49 + from simkit.core.pipeline_registry import PipelineModuleRegistry
50 + from simkit.core.registry_builder import create_registry
51 |
   |

E501 Line too long (105 > 100)
 --> tests/fixtures/baseline_outputs/catf_mfe/registry_init.py:4:101
  |
2 | from simkit.core.pipeline_registry import PipelineModuleRegistry
3 |
4 | from catf_mfe.modules.fusionanalysesthermalloads.auxiliarysystemspower import AuxiliarySystemsPowerModule
  |                                                                                                     ^^^^^
5 | from catf_mfe.modules.fusionanalysesthermalloads.coolantpumppower import CoolantPumpPowerModule
6 | from catf_mfe.modules.fusionanalysesthermalloads.cryopumprefrigeration import CryoPumpRefrigerationModule
  |

E501 Line too long (105 > 100)
 --> tests/fixtures/baseline_outputs/catf_mfe/registry_init.py:6:101
  |
4 | from catf_mfe.modules.fusionanalysesthermalloads.auxiliarysystemspower import AuxiliarySystemsPowerModule
5 | from catf_mfe.modules.fusionanalysesthermalloads.coolantpumppower import CoolantPumpPowerModule
6 | from catf_mfe.modules.fusionanalysesthermalloads.cryopumprefrigeration import CryoPumpRefrigerationModule
  |                                                                                                     ^^^^^
7 | from catf_mfe.modules.fusionanalysesthermalloads.heatingwallplugpower import HeatingWallPlugPowerModule
8 | from catf_mfe.modules.fusionanalysesthermalloads.magnetcryogenicload import MagnetCryogenicLoadModule
  |

E501 Line too long (103 > 100)
 --> tests/fixtures/baseline_outputs/catf_mfe/registry_init.py:7:101
  |
5 | from catf_mfe.modules.fusionanalysesthermalloads.coolantpumppower import CoolantPumpPowerModule
6 | from catf_mfe.modules.fusionanalysesthermalloads.cryopumprefrigeration import CryoPumpRefrigerationModule
7 | from catf_mfe.modules.fusionanalysesthermalloads.heatingwallplugpower import HeatingWallPlugPowerModule
  |                                                                                                     ^^^
8 | from catf_mfe.modules.fusionanalysesthermalloads.magnetcryogenicload import MagnetCryogenicLoadModule
9 | from catf_mfe.modules.fusionanalysesthermalloads.tritiumprocessingpower import TritiumProcessingPowerModule
  |

E501 Line too long (101 > 100)
  --> tests/fixtures/baseline_outputs/catf_mfe/registry_init.py:8:101
   |
 6 | from catf_mfe.modules.fusionanalysesthermalloads.cryopumprefrigeration import CryoPumpRefrigerationModule
 7 | from catf_mfe.modules.fusionanalysesthermalloads.heatingwallplugpower import HeatingWallPlugPowerModule
 8 | from catf_mfe.modules.fusionanalysesthermalloads.magnetcryogenicload import MagnetCryogenicLoadModule
   |                                                                                                     ^
 9 | from catf_mfe.modules.fusionanalysesthermalloads.tritiumprocessingpower import TritiumProcessingPowerModule
10 | from catf_mfe.modules.fusionanalysesthermalloads.vacuumpumppower import VacuumPumpPowerModule
   |

E501 Line too long (107 > 100)
  --> tests/fixtures/baseline_outputs/catf_mfe/registry_init.py:9:101
   |
 7 | from catf_mfe.modules.fusionanalysesthermalloads.heatingwallplugpower import HeatingWallPlugPowerModule
 8 | from catf_mfe.modules.fusionanalysesthermalloads.magnetcryogenicload import MagnetCryogenicLoadModule
 9 | from catf_mfe.modules.fusionanalysesthermalloads.tritiumprocessingpower import TritiumProcessingPowerModule
   |                                                                                                     ^^^^^^^
10 | from catf_mfe.modules.fusionanalysesthermalloads.vacuumpumppower import VacuumPumpPowerModule
11 | from catf_mfe.modules.fusionphysics_performancemetrics.engineeringqfactor import EngineeringQFactorModule
   |

E501 Line too long (105 > 100)
  --> tests/fixtures/baseline_outputs/catf_mfe/registry_init.py:11:101
   |
 9 | from catf_mfe.modules.fusionanalysesthermalloads.tritiumprocessingpower import TritiumProcessingPowerModule
10 | from catf_mfe.modules.fusionanalysesthermalloads.vacuumpumppower import VacuumPumpPowerModule
11 | from catf_mfe.modules.fusionphysics_performancemetrics.engineeringqfactor import EngineeringQFactorModule
   |                                                                                                     ^^^^^
12 | from catf_mfe.modules.fusionphysics_performancemetrics.plantefficiency import PlantEfficiencyModule
13 | from catf_mfe.modules.fusionphysics_performancemetrics.scientificqfactor import ScientificQFactorModule
   |

E501 Line too long (103 > 100)
  --> tests/fixtures/baseline_outputs/catf_mfe/registry_init.py:13:101
   |
11 | from catf_mfe.modules.fusionphysics_performancemetrics.engineeringqfactor import EngineeringQFactorModule
12 | from catf_mfe.modules.fusionphysics_performancemetrics.plantefficiency import PlantEfficiencyModule
13 | from catf_mfe.modules.fusionphysics_performancemetrics.scientificqfactor import ScientificQFactorModule
   |                                                                                                     ^^^
14 | from catf_mfe.modules.fusionphysics_powerbalance.alphaneutronsplit import AlphaNeutronSplitModule
15 | from catf_mfe.modules.fusionphysics_powerbalance.blanketthermalpower import BlanketThermalPowerModule
   |

E501 Line too long (101 > 100)
  --> tests/fixtures/baseline_outputs/catf_mfe/registry_init.py:15:101
   |
13 | from catf_mfe.modules.fusionphysics_performancemetrics.scientificqfactor import ScientificQFactorModule
14 | from catf_mfe.modules.fusionphysics_powerbalance.alphaneutronsplit import AlphaNeutronSplitModule
15 | from catf_mfe.modules.fusionphysics_powerbalance.blanketthermalpower import BlanketThermalPowerModule
   |                                                                                                     ^
16 | from catf_mfe.modules.fusionphysics_powerbalance.grosselectricpower import GrossElectricPowerModule
17 | from catf_mfe.modules.fusionphysics_powerbalance.netelectricpower import NetElectricPowerModule
   |

E501 Line too long (106 > 100)
  --> tests/fixtures/baseline_outputs/catf_mfe/registry_init.py:22:101
   |
20 | from catf_mfe.modules.fusionphysicsgeometry.torussurfacearea import TorusSurfaceAreaModule
21 | from catf_mfe.modules.fusionphysicsgeometry.torusvolume import TorusVolumeModule
22 | from catf_mfe.modules.constraints.constraintreportaggregatormodule import ConstraintReportAggregatorModule
   |                                                                                                     ^^^^^^
23 |
24 | from catf_mfe.schemas.blanket_params import BlanketParams as BlanketParams
   |

E501 Line too long (128 > 100)
  --> tests/fixtures/baseline_outputs/catf_mfe/registry_init.py:25:101
   |
24 | from catf_mfe.schemas.blanket_params import BlanketParams as BlanketParams
25 | from catf_mfe.schemas.constraint_types import ConstraintEvaluation as ConstraintEvaluation, ConstraintReport as ConstraintReport
   |                                                                                                     ^^^^^^^^^^^^^^^^^^^^^^^^^^^^
26 | from catf_mfe.schemas.heating_params import HeatingParams as HeatingParams
27 | from catf_mfe.schemas.magnets_params import MagnetsParams as MagnetsParams
   |

E501 Line too long (720 > 100)
  --> tests/fixtures/baseline_outputs/catf_mfe/registry_init.py:49:101
   |
47 | …
48 | …
49 | …           CoolantPumpPowerModule,            Cryo…dule,            TorusVolumeModule,        ],
   |       ^^^^^^^^^^^^^^^^^^^^^^^^^^^^^^^^^^^^^^^^^^^^^…^^^^^^^^^^^^^^^^^^^^^^^^^^^^^^^^^^^^^^^^^^^^^
50 | …aintReportAggregatorModule",            AuxiliarySystemsPowerModule: "fusionanalysesthermalloads.AuxiliarySystemsPowerModule",            CoolantPumpPowerModule: "fusionanalysesthermalloads.CoolantPumpPowerModule",            CryoPumpRefrigerationModule: "fusionanalysesthermalloads.CryoPumpRefrigerationModule",            HeatingWallPlugPowerModule: "fusionanalysesthermalloads.HeatingWallPlugPowerModule",            MagnetCryogenicLoadModule: "fusionanalysesthermalloads.MagnetCryogenicLoadModule",            TritiumProcessingPowerModule: "fusionanalysesthermalloads.TritiumProcessingPowerModule",            VacuumPumpPowerM…
51 | …
   |

E501 Line too long (1767 > 100)
  --> tests/fixtures/baseline_outputs/catf_mfe/registry_init.py:50:101
   |
48 | …
49 | …           CoolantPumpPowerModule,            CryoPumpRefrigerationModule,            HeatingWallPlugPowerModule,            MagnetCryogenicLoadModule,            TritiumProcessingPowerModule,            VacuumPumpPowerModule,            EngineeringQFactorModule,            PlantEfficiencyModule,            ScientificQFactorModule,            AlphaNeutronSplitModule,            BlanketThermalPowerModule,            GrossElectricPowerModule,            NetElectricPowerModule,            MagnetSurfaceAreaModule,            TorusMinorRadiusModule,            TorusSurfaceAreaModule,            TorusVolumeModule,        ],
50 | …aintReportAggregatorModule",            AuxiliaryS…physicsgeometry.TorusVolumeModule",        },
   |       ^^^^^^^^^^^^^^^^^^^^^^^^^^^^^^^^^^^^^^^^^^^^^…^^^^^^^^^^^^^^^^^^^^^^^^^^^^^^^^^^^^^^^^^^^^^
51 | …
   |

E501 Line too long (226 > 100)
  --> tests/fixtures/baseline_outputs/catf_mfe/registry_init.py:56:101
   |
54 | …
55 | …
56 | …    RadialBuildParams,    SystemParams,    TritiumParams,    VacuumParams,    ConstraintEvaluation,    ConstraintReport,    Float,]
   |       ^^^^^^^^^^^^^^^^^^^^^^^^^^^^^^^^^^^^^^^^^^^^^^^^^^^^^^^^^^^^^^^^^^^^^^^^^^^^^^^^^^^^^^^^^^^^^^^^^^^^^^^^^^^^^^^^^^^^^^^^^^^^^^

I001 [*] Import block is un-sorted or un-formatted
  --> tests/fixtures/baseline_outputs/chain_spike/registry_init.py:1:1
   |
 1 | / from simkit.core.registry_builder import create_registry
 2 | | from simkit.core.pipeline_registry import PipelineModuleRegistry
 3 | |
 4 | | from chain_spike.modules.chainspikelibrary.areacalc import AreaCalcModule
 5 | | from chain_spike.modules.chainspikelibrary.costcalc import CostCalcModule
 6 | | from chain_spike.modules.chainspikelibrary.summarycalc import SummaryCalcModule
 7 | |
 8 | | from chain_spike.schemas.design_params import DesignParams as DesignParams
 9 | |
10 | | from chain_spike.primitives import Float
   | |________________________________________^
help: Organize imports
  |
  - from simkit.core.registry_builder import create_registry
  - from simkit.core.pipeline_registry import PipelineModuleRegistry
  -
1 | from chain_spike.modules.chainspikelibrary.areacalc import AreaCalcModule
2 | from chain_spike.modules.chainspikelibrary.costcalc import CostCalcModule
3 | from chain_spike.modules.chainspikelibrary.summarycalc import SummaryCalcModule
  -
  - from chain_spike.schemas.design_params import DesignParams as DesignParams
  -
4 | from chain_spike.primitives import Float
5 + from chain_spike.schemas.design_params import DesignParams as DesignParams
6 + from simkit.core.pipeline_registry import PipelineModuleRegistry
7 + from simkit.core.registry_builder import create_registry
8 |
  |

E501 Line too long (103 > 100)
  --> tests/fixtures/baseline_outputs/chain_spike/registry_init.py:25:101
   |
23 |     """
24 |     return create_registry(
25 |         [            AreaCalcModule,            CostCalcModule,            SummaryCalcModule,        ],
   |                                                                                                     ^^^
26 |         module_type_override={            AreaCalcModule: "chainspikelibrary.AreaCalcModule",            CostCalcModule: "chainspikeli…
27 |     )
   |

E501 Line too long (235 > 100)
  --> tests/fixtures/baseline_outputs/chain_spike/registry_init.py:26:101
   |
24 | …
25 | …      ],
26 | …          CostCalcModule: "chainspikelibrary.CostCalcModule",            SummaryCalcModule: "chainspikelibrary.SummaryCalcModule",        },
   |       ^^^^^^^^^^^^^^^^^^^^^^^^^^^^^^^^^^^^^^^^^^^^^^^^^^^^^^^^^^^^^^^^^^^^^^^^^^^^^^^^^^^^^^^^^^^^^^^^^^^^^^^^^^^^^^^^^^^^^^^^^^^^^^^^^^^^^^^
27 | …
   |

I001 [*] Import block is un-sorted or un-formatted
 --> tests/fixtures/baseline_outputs/constraint_inline/registry_init.py:1:1
  |
1 | / from simkit.core.registry_builder import create_registry
2 | | from simkit.core.pipeline_registry import PipelineModuleRegistry
3 | |
4 | | from constraint_inline.modules.constraint_inline.thehostpositiveconstraintmodule import TheHostPositiveConstraintModule
5 | | from constraint_inline.modules.constraints.constraintreportaggregatormodule import ConstraintReportAggregatorModule
6 | |
7 | | from constraint_inline.schemas.constraint_types import ConstraintEvaluation as ConstraintEvaluation, ConstraintReport as ConstraintRe…
8 | | from constraint_inline.schemas.model_params import ModelParams as ModelParams
  | |_____________________________________________________________________________^
help: Organize imports
   |
   - from simkit.core.registry_builder import create_registry
1  + from constraint_inline.modules.constraint_inline.thehostpositiveconstraintmodule import (
2  +     TheHostPositiveConstraintModule,
3  + )
4  + from constraint_inline.modules.constraints.constraintreportaggregatormodule import (
5  +     ConstraintReportAggregatorModule,
6  + )
7  + from constraint_inline.schemas.constraint_types import ConstraintEvaluation as ConstraintEvaluation
8  + from constraint_inline.schemas.constraint_types import ConstraintReport as ConstraintReport
9  + from constraint_inline.schemas.model_params import ModelParams as ModelParams
10 | from simkit.core.pipeline_registry import PipelineModuleRegistry
   -
   - from constraint_inline.modules.constraint_inline.thehostpositiveconstraintmodule import TheHostPositiveConstraintModule
   - from constraint_inline.modules.constraints.constraintreportaggregatormodule import ConstraintReportAggregatorModule
   -
   - from constraint_inline.schemas.constraint_types import ConstraintEvaluation as ConstraintEvaluation, ConstraintReport as ConstraintReport
   - from constraint_inline.schemas.model_params import ModelParams as ModelParams
   -
11 + from simkit.core.registry_builder import create_registry
12 |
   |

E501 Line too long (119 > 100)
 --> tests/fixtures/baseline_outputs/constraint_inline/registry_init.py:4:101
  |
2 | from simkit.core.pipeline_registry import PipelineModuleRegistry
3 |
4 | from constraint_inline.modules.constraint_inline.thehostpositiveconstraintmodule import TheHostPositiveConstraintModule
  |                                                                                                     ^^^^^^^^^^^^^^^^^^^
5 | from constraint_inline.modules.constraints.constraintreportaggregatormodule import ConstraintReportAggregatorModule
  |

E501 Line too long (115 > 100)
 --> tests/fixtures/baseline_outputs/constraint_inline/registry_init.py:5:101
  |
4 | from constraint_inline.modules.constraint_inline.thehostpositiveconstraintmodule import TheHostPositiveConstraintModule
5 | from constraint_inline.modules.constraints.constraintreportaggregatormodule import ConstraintReportAggregatorModule
  |                                                                                                     ^^^^^^^^^^^^^^^
6 |
7 | from constraint_inline.schemas.constraint_types import ConstraintEvaluation as ConstraintEvaluation, ConstraintReport as ConstraintRepo…
  |

E501 Line too long (137 > 100)
 --> tests/fixtures/baseline_outputs/constraint_inline/registry_init.py:7:101
  |
5 | …treportaggregatormodule import ConstraintReportAggregatorModule
6 | …
7 | …rt ConstraintEvaluation as ConstraintEvaluation, ConstraintReport as ConstraintReport
  |                                                  ^^^^^^^^^^^^^^^^^^^^^^^^^^^^^^^^^^^^^
8 | …odelParams as ModelParams
  |

E501 Line too long (108 > 100)
  --> tests/fixtures/baseline_outputs/constraint_inline/registry_init.py:24:101
   |
22 |     """
23 |     return create_registry(
24 |         [            TheHostPositiveConstraintModule,            ConstraintReportAggregatorModule,        ],
   |                                                                                                     ^^^^^^^^
25 |         module_type_override={            TheHostPositiveConstraintModule: "constraint_inline.TheHostPositiveConstraintModule",       …
26 |     )
   |

E501 Line too long (230 > 100)
  --> tests/fixtures/baseline_outputs/constraint_inline/registry_init.py:25:101
   |
23 | …
24 | …le,        ],
25 | …heHostPositiveConstraintModule",            ConstraintReportAggregatorModule: "constraints.ConstraintReportAggregatorModule",        },
   |       ^^^^^^^^^^^^^^^^^^^^^^^^^^^^^^^^^^^^^^^^^^^^^^^^^^^^^^^^^^^^^^^^^^^^^^^^^^^^^^^^^^^^^^^^^^^^^^^^^^^^^^^^^^^^^^^^^^^^^^^^^^^^^^^^^^
26 | …
   |

I001 [*] Import block is un-sorted or un-formatted
  --> tests/fixtures/baseline_outputs/constraint_multi_instance/registry_init.py:1:1
   |
 1 | / from simkit.core.registry_builder import create_registry
 2 | | from simkit.core.pipeline_registry import PipelineModuleRegistry
 3 | |
 4 | | from constraint_multi_instance.modules.constraint_multi_instance.power_calc import Power_CalcModule
 5 | | from constraint_multi_instance.modules.constraint_multi_instance.thedesignccell0nonnegconstraintmodule import TheDesignCCell0NonnegC…
 6 | | from constraint_multi_instance.modules.constraint_multi_instance.thedesignccell1nonnegconstraintmodule import TheDesignCCell1NonnegC…
 7 | | from constraint_multi_instance.modules.constraint_multi_instance.thedesignccell2nonnegconstraintmodule import TheDesignCCell2NonnegC…
 8 | | from constraint_multi_instance.modules.constraints.constraintreportaggregatormodule import ConstraintReportAggregatorModule
 9 | |
10 | | from constraint_multi_instance.schemas.constraint_types import ConstraintEvaluation as ConstraintEvaluation, ConstraintReport as Con…
11 | | from constraint_multi_instance.schemas.model_params import ModelParams as ModelParams
12 | |
13 | | from constraint_multi_instance.primitives import Float
   | |______________________________________________________^
help: Organize imports
   |
   - from simkit.core.registry_builder import create_registry
   - from simkit.core.pipeline_registry import PipelineModuleRegistry
   -
1  | from constraint_multi_instance.modules.constraint_multi_instance.power_calc import Power_CalcModule
   - from constraint_multi_instance.modules.constraint_multi_instance.thedesignccell0nonnegconstraintmodule import TheDesignCCell0NonnegConstraintModule
   - from constraint_multi_instance.modules.constraint_multi_instance.thedesignccell1nonnegconstraintmodule import TheDesignCCell1NonnegConstraintModule
   - from constraint_multi_instance.modules.constraint_multi_instance.thedesignccell2nonnegconstraintmodule import TheDesignCCell2NonnegConstraintModule
   - from constraint_multi_instance.modules.constraints.constraintreportaggregatormodule import ConstraintReportAggregatorModule
   -
   - from constraint_multi_instance.schemas.constraint_types import ConstraintEvaluation as ConstraintEvaluation, ConstraintReport as ConstraintReport
   - from constraint_multi_instance.schemas.model_params import ModelParams as ModelParams
   -
2  + from constraint_multi_instance.modules.constraint_multi_instance.thedesignccell0nonnegconstraintmodule import (
3  +     TheDesignCCell0NonnegConstraintModule,
4  + )
5  + from constraint_multi_instance.modules.constraint_multi_instance.thedesignccell1nonnegconstraintmodule import (
6  +     TheDesignCCell1NonnegConstraintModule,
7  + )
8  + from constraint_multi_instance.modules.constraint_multi_instance.thedesignccell2nonnegconstraintmodule import (
9  +     TheDesignCCell2NonnegConstraintModule,
10 + )
11 + from constraint_multi_instance.modules.constraints.constraintreportaggregatormodule import (
12 +     ConstraintReportAggregatorModule,
13 + )
14 | from constraint_multi_instance.primitives import Float
15 + from constraint_multi_instance.schemas.constraint_types import (
16 +     ConstraintEvaluation as ConstraintEvaluation,
17 + )
18 + from constraint_multi_instance.schemas.constraint_types import ConstraintReport as ConstraintReport
19 + from constraint_multi_instance.schemas.model_params import ModelParams as ModelParams
20 + from simkit.core.pipeline_registry import PipelineModuleRegistry
21 + from simkit.core.registry_builder import create_registry
22 |
   |

E501 Line too long (147 > 100)
 --> tests/fixtures/baseline_outputs/constraint_multi_instance/registry_init.py:5:101
  |
4 | …nstance.power_calc import Power_CalcModule
5 | …nstance.thedesignccell0nonnegconstraintmodule import TheDesignCCell0NonnegConstraintModule
  |                                             ^^^^^^^^^^^^^^^^^^^^^^^^^^^^^^^^^^^^^^^^^^^^^^^
6 | …nstance.thedesignccell1nonnegconstraintmodule import TheDesignCCell1NonnegConstraintModule
7 | …nstance.thedesignccell2nonnegconstraintmodule import TheDesignCCell2NonnegConstraintModule
  |

E501 Line too long (147 > 100)
 --> tests/fixtures/baseline_outputs/constraint_multi_instance/registry_init.py:6:101
  |
4 | …nstance.power_calc import Power_CalcModule
5 | …nstance.thedesignccell0nonnegconstraintmodule import TheDesignCCell0NonnegConstraintModule
6 | …nstance.thedesignccell1nonnegconstraintmodule import TheDesignCCell1NonnegConstraintModule
  |                                             ^^^^^^^^^^^^^^^^^^^^^^^^^^^^^^^^^^^^^^^^^^^^^^^
7 | …nstance.thedesignccell2nonnegconstraintmodule import TheDesignCCell2NonnegConstraintModule
8 | …aintreportaggregatormodule import ConstraintReportAggregatorModule
  |

E501 Line too long (147 > 100)
 --> tests/fixtures/baseline_outputs/constraint_multi_instance/registry_init.py:7:101
  |
5 | …nstance.thedesignccell0nonnegconstraintmodule import TheDesignCCell0NonnegConstraintModule
6 | …nstance.thedesignccell1nonnegconstraintmodule import TheDesignCCell1NonnegConstraintModule
7 | …nstance.thedesignccell2nonnegconstraintmodule import TheDesignCCell2NonnegConstraintModule
  |                                             ^^^^^^^^^^^^^^^^^^^^^^^^^^^^^^^^^^^^^^^^^^^^^^^
8 | …aintreportaggregatormodule import ConstraintReportAggregatorModule
  |

E501 Line too long (123 > 100)
  --> tests/fixtures/baseline_outputs/constraint_multi_instance/registry_init.py:8:101
   |
 6 | from constraint_multi_instance.modules.constraint_multi_instance.thedesignccell1nonnegconstraintmodule import TheDesignCCell1NonnegCon…
 7 | from constraint_multi_instance.modules.constraint_multi_instance.thedesignccell2nonnegconstraintmodule import TheDesignCCell2NonnegCon…
 8 | from constraint_multi_instance.modules.constraints.constraintreportaggregatormodule import ConstraintReportAggregatorModule
   |                                                                                                     ^^^^^^^^^^^^^^^^^^^^^^^
 9 |
10 | from constraint_multi_instance.schemas.constraint_types import ConstraintEvaluation as ConstraintEvaluation, ConstraintReport as Const…
   |

E501 Line too long (145 > 100)
  --> tests/fixtures/baseline_outputs/constraint_multi_instance/registry_init.py:10:101
   |
 8 | …raintreportaggregatormodule import ConstraintReportAggregatorModule
 9 | …
10 | …import ConstraintEvaluation as ConstraintEvaluation, ConstraintReport as ConstraintReport
   |                                              ^^^^^^^^^^^^^^^^^^^^^^^^^^^^^^^^^^^^^^^^^^^^^
11 | …rt ModelParams as ModelParams
   |

E501 Line too long (243 > 100)
  --> tests/fixtures/baseline_outputs/constraint_multi_instance/registry_init.py:28:101
   |
26 | …
27 | …
28 | …     TheDesignCCell1NonnegConstraintModule,            TheDesignCCell2NonnegConstraintModule,            ConstraintReportAggregatorModule,        ],
   |       ^^^^^^^^^^^^^^^^^^^^^^^^^^^^^^^^^^^^^^^^^^^^^^^^^^^^^^^^^^^^^^^^^^^^^^^^^^^^^^^^^^^^^^^^^^^^^^^^^^^^^^^^^^^^^^^^^^^^^^^^^^^^^^^^^^^^^^^^^^^^^^^
29 | …lcModule",            TheDesignCCell0NonnegConstraintModule: "constraint_multi_instance.TheDesignCCell0NonnegConstraintModule",            TheDesignCCell…
30 | …
   |

E501 Line too long (559 > 100)
  --> tests/fixtures/baseline_outputs/constraint_multi_instance/registry_init.py:29:101
   |
27 | …
28 | …     TheDesignCCell1NonnegConstraintModule,            TheDesignCCell2NonnegConstraintModule,            ConstraintReportAggregatorModule,        ],
29 | …lcModule",            TheDesignCCell0NonnegConstra….ConstraintReportAggregatorModule",        },
   |       ^^^^^^^^^^^^^^^^^^^^^^^^^^^^^^^^^^^^^^^^^^^^^…^^^^^^^^^^^^^^^^^^^^^^^^^^^^^^^^^^^^^^^^^^^^^
30 | …
   |

I001 [*] Import block is un-sorted or un-formatted
  --> tests/fixtures/baseline_outputs/deep_cross_scope_probe/registry_init.py:1:1
   |
 1 | / from simkit.core.registry_builder import create_registry
 2 | | from simkit.core.pipeline_registry import PipelineModuleRegistry
 3 | |
 4 | | from deep_cross_scope_probe.modules.deepcrossscopeconsumer.analysis_calc import Analysis_CalcModule
 5 | | from deep_cross_scope_probe.modules.deepcrossscopeproducer.core_metric import Core_MetricModule
 6 | | from deep_cross_scope_probe.modules.deepcrossscopeproducer.derived_metric import Derived_MetricModule
 7 | |
 8 | | from deep_cross_scope_probe.schemas.design_params import DesignParams as DesignParams
 9 | | from deep_cross_scope_probe.schemas.library_params import LibraryParams as LibraryParams
10 | | from deep_cross_scope_probe.schemas.system_design import SystemDesign as SystemDesign
11 | |
12 | | from deep_cross_scope_probe.primitives import Float
   | |___________________________________________________^
help: Organize imports
   |
   - from simkit.core.registry_builder import create_registry
   - from simkit.core.pipeline_registry import PipelineModuleRegistry
   -
1  | from deep_cross_scope_probe.modules.deepcrossscopeconsumer.analysis_calc import Analysis_CalcModule
2  | from deep_cross_scope_probe.modules.deepcrossscopeproducer.core_metric import Core_MetricModule
   - from deep_cross_scope_probe.modules.deepcrossscopeproducer.derived_metric import Derived_MetricModule
   -
3  + from deep_cross_scope_probe.modules.deepcrossscopeproducer.derived_metric import (
4  +     Derived_MetricModule,
5  + )
6  + from deep_cross_scope_probe.primitives import Float
7  | from deep_cross_scope_probe.schemas.design_params import DesignParams as DesignParams
8  | from deep_cross_scope_probe.schemas.library_params import LibraryParams as LibraryParams
9  | from deep_cross_scope_probe.schemas.system_design import SystemDesign as SystemDesign
   -
   - from deep_cross_scope_probe.primitives import Float
10 + from simkit.core.pipeline_registry import PipelineModuleRegistry
11 + from simkit.core.registry_builder import create_registry
12 |
   |

E501 Line too long (101 > 100)
 --> tests/fixtures/baseline_outputs/deep_cross_scope_probe/registry_init.py:6:101
  |
4 | from deep_cross_scope_probe.modules.deepcrossscopeconsumer.analysis_calc import Analysis_CalcModule
5 | from deep_cross_scope_probe.modules.deepcrossscopeproducer.core_metric import Core_MetricModule
6 | from deep_cross_scope_probe.modules.deepcrossscopeproducer.derived_metric import Derived_MetricModule
  |                                                                                                     ^
7 |
8 | from deep_cross_scope_probe.schemas.design_params import DesignParams as DesignParams
  |

E501 Line too long (114 > 100)
  --> tests/fixtures/baseline_outputs/deep_cross_scope_probe/registry_init.py:27:101
   |
25 |     """
26 |     return create_registry(
27 |         [            Analysis_CalcModule,            Core_MetricModule,            Derived_MetricModule,        ],
   |                                                                                                     ^^^^^^^^^^^^^^
28 |         module_type_override={            Analysis_CalcModule: "deepcrossscopeconsumer.Analysis_CalcModule",            Core_MetricMod…
29 |     )
   |

E501 Line too long (272 > 100)
  --> tests/fixtures/baseline_outputs/deep_cross_scope_probe/registry_init.py:28:101
   |
26 | …
27 | …icModule,        ],
28 | …_CalcModule",            Core_MetricModule: "deepcrossscopeproducer.Core_MetricModule",            Derived_MetricModule: "deepcrossscopeproducer.Derived_MetricModule",        },
   |       ^^^^^^^^^^^^^^^^^^^^^^^^^^^^^^^^^^^^^^^^^^^^^^^^^^^^^^^^^^^^^^^^^^^^^^^^^^^^^^^^^^^^^^^^^^^^^^^^^^^^^^^^^^^^^^^^^^^^^^^^^^^^^^^^^^^^^^^^^^^^^^^^^^^^^^^^^^^^^^^^^^^^^^^^^^^^
29 | …
   |

I001 [*] Import block is un-sorted or un-formatted
  --> tests/fixtures/baseline_outputs/ife_plant/registry_init.py:1:1
   |
 1 | / from simkit.core.registry_builder import create_registry
 2 | | from simkit.core.pipeline_registry import PipelineModuleRegistry
 3 | |
 4 | | from ife_plant.modules.ifeplantlib.chamberyieldcalc import ChamberYieldCalcModule
 5 | | from ife_plant.modules.ifeplantlib.coilvolume import CoilVolumeModule
 6 | | from ife_plant.modules.ifeplantlib.cryoload import CryoLoadModule
 7 | | from ife_plant.modules.ifeplantlib.driverpowercalc import DriverPowerCalcModule
 8 | | from ife_plant.modules.ifeplantlib.hifcostcalc import HifCostCalcModule
 9 | | from ife_plant.modules.ifeplantlib.plantlcoe import PlantLcoeModule
10 | |
11 | | from ife_plant.schemas.library_params import LibraryParams as LibraryParams
12 | |
13 | | from ife_plant.primitives import Float
   | |______________________________________^
help: Organize imports
   |
   - from simkit.core.registry_builder import create_registry
   - from simkit.core.pipeline_registry import PipelineModuleRegistry
   -
1  | from ife_plant.modules.ifeplantlib.chamberyieldcalc import ChamberYieldCalcModule
--------------------------------------------------------------------------------
6  | from ife_plant.modules.ifeplantlib.plantlcoe import PlantLcoeModule
   -
   - from ife_plant.schemas.library_params import LibraryParams as LibraryParams
   -
7  | from ife_plant.primitives import Float
8  + from ife_plant.schemas.library_params import LibraryParams as LibraryParams
9  + from simkit.core.pipeline_registry import PipelineModuleRegistry
10 + from simkit.core.registry_builder import create_registry
11 |
   |

E501 Line too long (202 > 100)
  --> tests/fixtures/baseline_outputs/ife_plant/registry_init.py:28:101
   |
26 | …
27 | …
28 | …CryoLoadModule,            DriverPowerCalcModule,            HifCostCalcModule,            PlantLcoeModule,        ],
   |                 ^^^^^^^^^^^^^^^^^^^^^^^^^^^^^^^^^^^^^^^^^^^^^^^^^^^^^^^^^^^^^^^^^^^^^^^^^^^^^^^^^^^^^^^^^^^^^^^^^^^^^^
29 | …rYieldCalcModule",            CoilVolumeModule: "ifeplantlib.CoilVolumeModule",            CryoLoadModule: "ifeplantlib.CryoLoadModul…
30 | …
   |

E501 Line too long (424 > 100)
  --> tests/fixtures/baseline_outputs/ife_plant/registry_init.py:29:101
   |
27 | …
28 | …dule,            DriverPowerCalcModule,            HifCostCalcModule,            PlantLcoeModule,        ],
29 | …Module",            CoilVolumeModule: "ifeplantlib…ule: "ifeplantlib.PlantLcoeModule",        },
   |       ^^^^^^^^^^^^^^^^^^^^^^^^^^^^^^^^^^^^^^^^^^^^^…^^^^^^^^^^^^^^^^^^^^^^^^^^^^^^^^^^^^^^^^^^^^^
30 | …
   |

I001 [*] Import block is un-sorted or un-formatted
  --> tests/fixtures/baseline_outputs/plant_value_shapes/registry_init.py:1:1
   |
 1 | / from simkit.core.registry_builder import create_registry
 2 | | from simkit.core.pipeline_registry import PipelineModuleRegistry
 3 | |
 4 | | from plant_value_shapes.modules.plantvalueshapeslib.chamberselectcalc import ChamberSelectCalcModule
 5 | | from plant_value_shapes.modules.plantvalueshapeslib.flowcalc import FlowCalcModule
 6 | | from plant_value_shapes.modules.plantvalueshapeslib.mixed_output_style import Mixed_Output_StyleModule
 7 | | from plant_value_shapes.modules.plantvalueshapeslib.netcostcalc import NetCostCalcModule
 8 | | from plant_value_shapes.modules.plantvalueshapeslib.quoted_return_calc import Quoted_Return_CalcModule
 9 | | from plant_value_shapes.modules.plantvalueshapeslib.ratedcostcalc import RatedCostCalcModule
10 | |
11 | | from plant_value_shapes.schemas.design_params import DesignParams as DesignParams
12 | | from plant_value_shapes.schemas.library_params import LibraryParams as LibraryParams
13 | |
14 | | from plant_value_shapes.primitives import Float
   | |_______________________________________________^
help: Organize imports
   |
   - from simkit.core.registry_builder import create_registry
   - from simkit.core.pipeline_registry import PipelineModuleRegistry
   -
1  | from plant_value_shapes.modules.plantvalueshapeslib.chamberselectcalc import ChamberSelectCalcModule
2  | from plant_value_shapes.modules.plantvalueshapeslib.flowcalc import FlowCalcModule
   - from plant_value_shapes.modules.plantvalueshapeslib.mixed_output_style import Mixed_Output_StyleModule
3  + from plant_value_shapes.modules.plantvalueshapeslib.mixed_output_style import (
4  +     Mixed_Output_StyleModule,
5  + )
6  | from plant_value_shapes.modules.plantvalueshapeslib.netcostcalc import NetCostCalcModule
   - from plant_value_shapes.modules.plantvalueshapeslib.quoted_return_calc import Quoted_Return_CalcModule
7  + from plant_value_shapes.modules.plantvalueshapeslib.quoted_return_calc import (
8  +     Quoted_Return_CalcModule,
9  + )
10 | from plant_value_shapes.modules.plantvalueshapeslib.ratedcostcalc import RatedCostCalcModule
   -
11 + from plant_value_shapes.primitives import Float
12 | from plant_value_shapes.schemas.design_params import DesignParams as DesignParams
13 | from plant_value_shapes.schemas.library_params import LibraryParams as LibraryParams
   -
   - from plant_value_shapes.primitives import Float
14 + from simkit.core.pipeline_registry import PipelineModuleRegistry
15 + from simkit.core.registry_builder import create_registry
16 |
   |

E501 Line too long (102 > 100)
 --> tests/fixtures/baseline_outputs/plant_value_shapes/registry_init.py:6:101
  |
4 | from plant_value_shapes.modules.plantvalueshapeslib.chamberselectcalc import ChamberSelectCalcModule
5 | from plant_value_shapes.modules.plantvalueshapeslib.flowcalc import FlowCalcModule
6 | from plant_value_shapes.modules.plantvalueshapeslib.mixed_output_style import Mixed_Output_StyleModule
  |                                                                                                     ^^
7 | from plant_value_shapes.modules.plantvalueshapeslib.netcostcalc import NetCostCalcModule
8 | from plant_value_shapes.modules.plantvalueshapeslib.quoted_return_calc import Quoted_Return_CalcModule
  |

E501 Line too long (102 > 100)
 --> tests/fixtures/baseline_outputs/plant_value_shapes/registry_init.py:8:101
  |
6 | from plant_value_shapes.modules.plantvalueshapeslib.mixed_output_style import Mixed_Output_StyleModule
7 | from plant_value_shapes.modules.plantvalueshapeslib.netcostcalc import NetCostCalcModule
8 | from plant_value_shapes.modules.plantvalueshapeslib.quoted_return_calc import Quoted_Return_CalcModule
  |                                                                                                     ^^
9 | from plant_value_shapes.modules.plantvalueshapeslib.ratedcostcalc import RatedCostCalcModule
  |

E501 Line too long (218 > 100)
  --> tests/fixtures/baseline_outputs/plant_value_shapes/registry_init.py:29:101
   |
27 | …
28 | …
29 | …put_StyleModule,            NetCostCalcModule,            Quoted_Return_CalcModule,            RatedCostCalcModule,        ],
   |         ^^^^^^^^^^^^^^^^^^^^^^^^^^^^^^^^^^^^^^^^^^^^^^^^^^^^^^^^^^^^^^^^^^^^^^^^^^^^^^^^^^^^^^^^^^^^^^^^^^^^^^^^^^^^^^^^^^^^^^
30 | …erSelectCalcModule",            FlowCalcModule: "plantvalueshapeslib.FlowCalcModule",            Mixed_Output_StyleModule: "plantvalu…
31 | …
   |

E501 Line too long (504 > 100)
  --> tests/fixtures/baseline_outputs/plant_value_shapes/registry_init.py:30:101
   |
28 | …
29 | …t_StyleModule,            NetCostCalcModule,            Quoted_Return_CalcModule,            RatedCostCalcModule,        ],
30 | …SelectCalcModule",            FlowCalcModule: "pla…alueshapeslib.RatedCostCalcModule",        },
   |       ^^^^^^^^^^^^^^^^^^^^^^^^^^^^^^^^^^^^^^^^^^^^^…^^^^^^^^^^^^^^^^^^^^^^^^^^^^^^^^^^^^^^^^^^^^^
31 | …
   |

I001 [*] Import block is un-sorted or un-formatted
 --> tests/fixtures/baseline_outputs/plant_values/registry_init.py:1:1
  |
1 | / from simkit.core.registry_builder import create_registry
2 | | from simkit.core.pipeline_registry import PipelineModuleRegistry
3 | |
4 | | from plant_values.modules.plantvalueslib.plantcostcalc import PlantCostCalcModule
5 | |
6 | | from plant_values.schemas.library_params import LibraryParams as LibraryParams
7 | |
8 | | from plant_values.primitives import Float
  | |_________________________________________^
help: Organize imports
  |
  - from simkit.core.registry_builder import create_registry
  - from simkit.core.pipeline_registry import PipelineModuleRegistry
  -
1 | from plant_values.modules.plantvalueslib.plantcostcalc import PlantCostCalcModule
  -
  - from plant_values.schemas.library_params import LibraryParams as LibraryParams
  -
2 | from plant_values.primitives import Float
3 + from plant_values.schemas.library_params import LibraryParams as LibraryParams
4 + from simkit.core.pipeline_registry import PipelineModuleRegistry
5 + from simkit.core.registry_builder import create_registry
6 |
  |

E501 Line too long (110 > 100)
  --> tests/fixtures/baseline_outputs/plant_values/registry_init.py:24:101
   |
22 |     return create_registry(
23 |         [            PlantCostCalcModule,        ],
24 |         module_type_override={            PlantCostCalcModule: "plantvalueslib.PlantCostCalcModule",        },
   |                                                                                                     ^^^^^^^^^^
25 |     )
   |

I001 [*] Import block is un-sorted or un-formatted
 --> tests/fixtures/baseline_outputs/sample_model/registry_init.py:1:1
  |
1 | / from simkit.core.registry_builder import create_registry
2 | | from simkit.core.pipeline_registry import PipelineModuleRegistry
  | |________________________________________________________________^
help: Organize imports
  |
  - from simkit.core.registry_builder import create_registry
1 | from simkit.core.pipeline_registry import PipelineModuleRegistry
  -
  -
  -
2 + from simkit.core.registry_builder import create_registry
3 |
  |

I001 [*] Import block is un-sorted or un-formatted
 --> tests/fixtures/baseline_outputs/shadowed_reference/registry_init.py:1:1
  |
1 | / from simkit.core.registry_builder import create_registry
2 | | from simkit.core.pipeline_registry import PipelineModuleRegistry
3 | |
4 | | from shadowed_reference.modules.shadowedreference.scale import ScaleModule
5 | |
6 | | from shadowed_reference.schemas.model_params import ModelParams as ModelParams
7 | |
8 | | from shadowed_reference.primitives import Float
  | |_______________________________________________^
help: Organize imports
  |
  - from simkit.core.registry_builder import create_registry
  - from simkit.core.pipeline_registry import PipelineModuleRegistry
  -
1 | from shadowed_reference.modules.shadowedreference.scale import ScaleModule
  -
  - from shadowed_reference.schemas.model_params import ModelParams as ModelParams
  -
2 | from shadowed_reference.primitives import Float
3 + from shadowed_reference.schemas.model_params import ModelParams as ModelParams
4 + from simkit.core.pipeline_registry import PipelineModuleRegistry
5 + from simkit.core.registry_builder import create_registry
6 |
  |

I001 [*] Import block is un-sorted or un-formatted
  --> tests/fixtures/baseline_outputs/solar_battery/registry_init.py:1:1
   |
 1 | / from simkit.core.registry_builder import create_registry
 2 | | from simkit.core.pipeline_registry import PipelineModuleRegistry
 3 | |
 4 | | from solar_battery.modules.solarbatterylibrary.allocationcostcalc import AllocationCostCalcModule
 5 | | from solar_battery.modules.solarbatterylibrary.annualizedfinancialcalc import AnnualizedFinancialCalcModule
 6 | | from solar_battery.modules.solarbatterylibrary.annualizedfuelcalc import AnnualizedFuelCalcModule
 7 | | from solar_battery.modules.solarbatterylibrary.annualizedomcalc import AnnualizedOMCalcModule
 8 | | from solar_battery.modules.solarbatterylibrary.arrayboscostcalc import ArrayBOSCostCalcModule
 9 | | from solar_battery.modules.solarbatterylibrary.batteryboscostcalc import BatteryBOSCostCalcModule
10 | | from solar_battery.modules.solarbatterylibrary.batterypackcostcalc import BatteryPackCostCalcModule
11 | | from solar_battery.modules.solarbatterylibrary.electricalpanelcostcalc import ElectricalPanelCostCalcModule
12 | | from solar_battery.modules.solarbatterylibrary.energyproductioncalc import EnergyProductionCalcModule
13 | | from solar_battery.modules.solarbatterylibrary.hybridinvertercostcalc import HybridInverterCostCalcModule
14 | | from solar_battery.modules.solarbatterylibrary.invertercostcalc import InverterCostCalcModule
15 | | from solar_battery.modules.solarbatterylibrary.lcoecalc import LCOECalcModule
16 | | from solar_battery.modules.solarbatterylibrary.permittingcostcalc import PermittingCostCalcModule
17 | | from solar_battery.modules.solarbatterylibrary.pvmodulecostcalc import PVModuleCostCalcModule
18 | | from solar_battery.modules.solarbatterylibrary.rackingcostcalc import RackingCostCalcModule
19 | | from solar_battery.modules.solarbatterydesign.solar_battery_plant.p_net_kw import p_net_kwModule
20 | | from solar_battery.modules.solarbatterydesign.solar_battery_plant.battery_system.capital_cost import capital_costModule as BatterySy…
21 | | from solar_battery.modules.solarbatterydesign.solar_battery_plant.battery_system.fabrication_cost import fabrication_costModule as B…
22 | | from solar_battery.modules.solarbatterydesign.solar_battery_plant.battery_system.idiot_index import idiot_indexModule as BatterySyst…
23 | | from solar_battery.modules.solarbatterydesign.solar_battery_plant.battery_system.installation_cost import installation_costModule as…
24 | | from solar_battery.modules.solarbatterydesign.solar_battery_plant.battery_system.raw_material_cost import raw_material_costModule as…
25 | | from solar_battery.modules.solarbatterydesign.solar_battery_plant.capital_cost import capital_costModule as SolarBatteryPlant_capita…
26 | | from solar_battery.modules.solarbatterydesign.solar_battery_plant.fabrication_cost import fabrication_costModule as SolarBatteryPlan…
27 | | from solar_battery.modules.solarbatterydesign.solar_battery_plant.idiot_index import idiot_indexModule as SolarBatteryPlant_idiot_in…
28 | | from solar_battery.modules.solarbatterydesign.solar_battery_plant.installation_cost import installation_costModule as SolarBatteryPl…
29 | | from solar_battery.modules.solarbatterydesign.solar_battery_plant.raw_material_cost import raw_material_costModule as SolarBatteryPl…
30 | | from solar_battery.modules.solarbatterydesign.solar_battery_plant.site_infra.capital_cost import capital_costModule as SiteInfra_cap…
31 | | from solar_battery.modules.solarbatterydesign.solar_battery_plant.site_infra.fabrication_cost import fabrication_costModule as SiteI…
32 | | from solar_battery.modules.solarbatterydesign.solar_battery_plant.site_infra.idiot_index import idiot_indexModule as SiteInfra_idiot…
33 | | from solar_battery.modules.solarbatterydesign.solar_battery_plant.site_infra.installation_cost import installation_costModule as Sit…
34 | | from solar_battery.modules.solarbatterydesign.solar_battery_plant.site_infra.raw_material_cost import raw_material_costModule as Sit…
35 | | from solar_battery.modules.solarbatterydesign.solar_battery_plant.solar_array.capital_cost import capital_costModule as SolarArray_c…
36 | | from solar_battery.modules.solarbatterydesign.solar_battery_plant.solar_array.fabrication_cost import fabrication_costModule as Sola…
37 | | from solar_battery.modules.solarbatterydesign.solar_battery_plant.solar_array.idiot_index import idiot_indexModule as SolarArray_idi…
38 | | from solar_battery.modules.solarbatterydesign.solar_battery_plant.solar_array.installation_cost import installation_costModule as So…
39 | | from solar_battery.modules.solarbatterydesign.solar_battery_plant.solar_array.raw_material_cost import raw_material_costModule as So…
40 | |
41 | | from solar_battery.schemas.design_params import DesignParams as DesignParams
42 | | from solar_battery.schemas.library_params import LibraryParams as LibraryParams
43 | | from solar_battery.schemas.system_design import SystemDesign as SystemDesign
44 | |
45 | | from solar_battery.primitives import Float
   | |__________________________________________^
help: Organize imports
   |
1  + from simkit.core.pipeline_registry import PipelineModuleRegistry
2  | from simkit.core.registry_builder import create_registry
   - from simkit.core.pipeline_registry import PipelineModuleRegistry
   -
3  + from solar_battery.modules.solarbatterydesign.solar_battery_plant.battery_system.capital_cost import (
4  +     capital_costModule as BatterySystem_capital_costModule,
5  + )
6  + from solar_battery.modules.solarbatterydesign.solar_battery_plant.battery_system.fabrication_cost import (
7  +     fabrication_costModule as BatterySystem_fabrication_costModule,
8  + )
9  + from solar_battery.modules.solarbatterydesign.solar_battery_plant.battery_system.idiot_index import (
10 +     idiot_indexModule as BatterySystem_idiot_indexModule,
11 + )
12 + from solar_battery.modules.solarbatterydesign.solar_battery_plant.battery_system.installation_cost import (
13 +     installation_costModule as BatterySystem_installation_costModule,
14 + )
15 + from solar_battery.modules.solarbatterydesign.solar_battery_plant.battery_system.raw_material_cost import (
16 +     raw_material_costModule as BatterySystem_raw_material_costModule,
17 + )
18 + from solar_battery.modules.solarbatterydesign.solar_battery_plant.capital_cost import (
19 +     capital_costModule as SolarBatteryPlant_capital_costModule,
20 + )
21 + from solar_battery.modules.solarbatterydesign.solar_battery_plant.fabrication_cost import (
22 +     fabrication_costModule as SolarBatteryPlant_fabrication_costModule,
23 + )
24 + from solar_battery.modules.solarbatterydesign.solar_battery_plant.idiot_index import (
25 +     idiot_indexModule as SolarBatteryPlant_idiot_indexModule,
26 + )
27 + from solar_battery.modules.solarbatterydesign.solar_battery_plant.installation_cost import (
28 +     installation_costModule as SolarBatteryPlant_installation_costModule,
29 + )
30 + from solar_battery.modules.solarbatterydesign.solar_battery_plant.p_net_kw import p_net_kwModule
31 + from solar_battery.modules.solarbatterydesign.solar_battery_plant.raw_material_cost import (
32 +     raw_material_costModule as SolarBatteryPlant_raw_material_costModule,
33 + )
34 + from solar_battery.modules.solarbatterydesign.solar_battery_plant.site_infra.capital_cost import (
35 +     capital_costModule as SiteInfra_capital_costModule,
36 + )
37 + from solar_battery.modules.solarbatterydesign.solar_battery_plant.site_infra.fabrication_cost import (
38 +     fabrication_costModule as SiteInfra_fabrication_costModule,
39 + )
40 + from solar_battery.modules.solarbatterydesign.solar_battery_plant.site_infra.idiot_index import (
41 +     idiot_indexModule as SiteInfra_idiot_indexModule,
42 + )
43 + from solar_battery.modules.solarbatterydesign.solar_battery_plant.site_infra.installation_cost import (
44 +     installation_costModule as SiteInfra_installation_costModule,
45 + )
46 + from solar_battery.modules.solarbatterydesign.solar_battery_plant.site_infra.raw_material_cost import (
47 +     raw_material_costModule as SiteInfra_raw_material_costModule,
48 + )
49 + from solar_battery.modules.solarbatterydesign.solar_battery_plant.solar_array.capital_cost import (
50 +     capital_costModule as SolarArray_capital_costModule,
51 + )
52 + from solar_battery.modules.solarbatterydesign.solar_battery_plant.solar_array.fabrication_cost import (
53 +     fabrication_costModule as SolarArray_fabrication_costModule,
54 + )
55 + from solar_battery.modules.solarbatterydesign.solar_battery_plant.solar_array.idiot_index import (
56 +     idiot_indexModule as SolarArray_idiot_indexModule,
57 + )
58 + from solar_battery.modules.solarbatterydesign.solar_battery_plant.solar_array.installation_cost import (
59 +     installation_costModule as SolarArray_installation_costModule,
60 + )
61 + from solar_battery.modules.solarbatterydesign.solar_battery_plant.solar_array.raw_material_cost import (
62 +     raw_material_costModule as SolarArray_raw_material_costModule,
63 + )
64 | from solar_battery.modules.solarbatterylibrary.allocationcostcalc import AllocationCostCalcModule
   - from solar_battery.modules.solarbatterylibrary.annualizedfinancialcalc import AnnualizedFinancialCalcModule
65 + from solar_battery.modules.solarbatterylibrary.annualizedfinancialcalc import (
66 +     AnnualizedFinancialCalcModule,
67 + )
68 | from solar_battery.modules.solarbatterylibrary.annualizedfuelcalc import AnnualizedFuelCalcModule
--------------------------------------------------------------------------------
72 | from solar_battery.modules.solarbatterylibrary.batterypackcostcalc import BatteryPackCostCalcModule
   - from solar_battery.modules.solarbatterylibrary.electricalpanelcostcalc import ElectricalPanelCostCalcModule
   - from solar_battery.modules.solarbatterylibrary.energyproductioncalc import EnergyProductionCalcModule
   - from solar_battery.modules.solarbatterylibrary.hybridinvertercostcalc import HybridInverterCostCalcModule
73 + from solar_battery.modules.solarbatterylibrary.electricalpanelcostcalc import (
74 +     ElectricalPanelCostCalcModule,
75 + )
76 + from solar_battery.modules.solarbatterylibrary.energyproductioncalc import (
77 +     EnergyProductionCalcModule,
78 + )
79 + from solar_battery.modules.solarbatterylibrary.hybridinvertercostcalc import (
80 +     HybridInverterCostCalcModule,
81 + )
82 | from solar_battery.modules.solarbatterylibrary.invertercostcalc import InverterCostCalcModule
--------------------------------------------------------------------------------
86 | from solar_battery.modules.solarbatterylibrary.rackingcostcalc import RackingCostCalcModule
   - from solar_battery.modules.solarbatterydesign.solar_battery_plant.p_net_kw import p_net_kwModule
   - from solar_battery.modules.solarbatterydesign.solar_battery_plant.battery_system.capital_cost import capital_costModule as BatterySystem_capital_costModule
   - from solar_battery.modules.solarbatterydesign.solar_battery_plant.battery_system.fabrication_cost import fabrication_costModule as BatterySystem_fabrication_costModule
   - from solar_battery.modules.solarbatterydesign.solar_battery_plant.battery_system.idiot_index import idiot_indexModule as BatterySystem_idiot_indexModule
   - from solar_battery.modules.solarbatterydesign.solar_battery_plant.battery_system.installation_cost import installation_costModule as BatterySystem_installation_costModule
   - from solar_battery.modules.solarbatterydesign.solar_battery_plant.battery_system.raw_material_cost import raw_material_costModule as BatterySystem_raw_material_costModule
   - from solar_battery.modules.solarbatterydesign.solar_battery_plant.capital_cost import capital_costModule as SolarBatteryPlant_capital_costModule
   - from solar_battery.modules.solarbatterydesign.solar_battery_plant.fabrication_cost import fabrication_costModule as SolarBatteryPlant_fabrication_costModule
   - from solar_battery.modules.solarbatterydesign.solar_battery_plant.idiot_index import idiot_indexModule as SolarBatteryPlant_idiot_indexModule
   - from solar_battery.modules.solarbatterydesign.solar_battery_plant.installation_cost import installation_costModule as SolarBatteryPlant_installation_costModule
   - from solar_battery.modules.solarbatterydesign.solar_battery_plant.raw_material_cost import raw_material_costModule as SolarBatteryPlant_raw_material_costModule
   - from solar_battery.modules.solarbatterydesign.solar_battery_plant.site_infra.capital_cost import capital_costModule as SiteInfra_capital_costModule
   - from solar_battery.modules.solarbatterydesign.solar_battery_plant.site_infra.fabrication_cost import fabrication_costModule as SiteInfra_fabrication_costModule
   - from solar_battery.modules.solarbatterydesign.solar_battery_plant.site_infra.idiot_index import idiot_indexModule as SiteInfra_idiot_indexModule
   - from solar_battery.modules.solarbatterydesign.solar_battery_plant.site_infra.installation_cost import installation_costModule as SiteInfra_installation_costModule
   - from solar_battery.modules.solarbatterydesign.solar_battery_plant.site_infra.raw_material_cost import raw_material_costModule as SiteInfra_raw_material_costModule
   - from solar_battery.modules.solarbatterydesign.solar_battery_plant.solar_array.capital_cost import capital_costModule as SolarArray_capital_costModule
   - from solar_battery.modules.solarbatterydesign.solar_battery_plant.solar_array.fabrication_cost import fabrication_costModule as SolarArray_fabrication_costModule
   - from solar_battery.modules.solarbatterydesign.solar_battery_plant.solar_array.idiot_index import idiot_indexModule as SolarArray_idiot_indexModule
   - from solar_battery.modules.solarbatterydesign.solar_battery_plant.solar_array.installation_cost import installation_costModule as SolarArray_installation_costModule
   - from solar_battery.modules.solarbatterydesign.solar_battery_plant.solar_array.raw_material_cost import raw_material_costModule as SolarArray_raw_material_costModule
   -
87 + from solar_battery.primitives import Float
88 | from solar_battery.schemas.design_params import DesignParams as DesignParams
89 | from solar_battery.schemas.library_params import LibraryParams as LibraryParams
90 | from solar_battery.schemas.system_design import SystemDesign as SystemDesign
   -
   - from solar_battery.primitives import Float
91 |
   |

E501 Line too long (107 > 100)
 --> tests/fixtures/baseline_outputs/solar_battery/registry_init.py:5:101
  |
4 | from solar_battery.modules.solarbatterylibrary.allocationcostcalc import AllocationCostCalcModule
5 | from solar_battery.modules.solarbatterylibrary.annualizedfinancialcalc import AnnualizedFinancialCalcModule
  |                                                                                                     ^^^^^^^
6 | from solar_battery.modules.solarbatterylibrary.annualizedfuelcalc import AnnualizedFuelCalcModule
7 | from solar_battery.modules.solarbatterylibrary.annualizedomcalc import AnnualizedOMCalcModule
  |

E501 Line too long (107 > 100)
  --> tests/fixtures/baseline_outputs/solar_battery/registry_init.py:11:101
   |
 9 | from solar_battery.modules.solarbatterylibrary.batteryboscostcalc import BatteryBOSCostCalcModule
10 | from solar_battery.modules.solarbatterylibrary.batterypackcostcalc import BatteryPackCostCalcModule
11 | from solar_battery.modules.solarbatterylibrary.electricalpanelcostcalc import ElectricalPanelCostCalcModule
   |                                                                                                     ^^^^^^^
12 | from solar_battery.modules.solarbatterylibrary.energyproductioncalc import EnergyProductionCalcModule
13 | from solar_battery.modules.solarbatterylibrary.hybridinvertercostcalc import HybridInverterCostCalcModule
   |

E501 Line too long (101 > 100)
  --> tests/fixtures/baseline_outputs/solar_battery/registry_init.py:12:101
   |
10 | from solar_battery.modules.solarbatterylibrary.batterypackcostcalc import BatteryPackCostCalcModule
11 | from solar_battery.modules.solarbatterylibrary.electricalpanelcostcalc import ElectricalPanelCostCalcModule
12 | from solar_battery.modules.solarbatterylibrary.energyproductioncalc import EnergyProductionCalcModule
   |                                                                                                     ^
13 | from solar_battery.modules.solarbatterylibrary.hybridinvertercostcalc import HybridInverterCostCalcModule
14 | from solar_battery.modules.solarbatterylibrary.invertercostcalc import InverterCostCalcModule
   |

E501 Line too long (105 > 100)
  --> tests/fixtures/baseline_outputs/solar_battery/registry_init.py:13:101
   |
11 | from solar_battery.modules.solarbatterylibrary.electricalpanelcostcalc import ElectricalPanelCostCalcModule
12 | from solar_battery.modules.solarbatterylibrary.energyproductioncalc import EnergyProductionCalcModule
13 | from solar_battery.modules.solarbatterylibrary.hybridinvertercostcalc import HybridInverterCostCalcModule
   |                                                                                                     ^^^^^
14 | from solar_battery.modules.solarbatterylibrary.invertercostcalc import InverterCostCalcModule
15 | from solar_battery.modules.solarbatterylibrary.lcoecalc import LCOECalcModule
   |

E501 Line too long (155 > 100)
  --> tests/fixtures/baseline_outputs/solar_battery/registry_init.py:20:101
   |
18 | …c import RackingCostCalcModule
19 | …lant.p_net_kw import p_net_kwModule
20 | …lant.battery_system.capital_cost import capital_costModule as BatterySystem_capital_costModule
   |                                         ^^^^^^^^^^^^^^^^^^^^^^^^^^^^^^^^^^^^^^^^^^^^^^^^^^^^^^^
21 | …lant.battery_system.fabrication_cost import fabrication_costModule as BatterySystem_fabrication_costModule
22 | …lant.battery_system.idiot_index import idiot_indexModule as BatterySystem_idiot_indexModule
   |

E501 Line too long (167 > 100)
  --> tests/fixtures/baseline_outputs/solar_battery/registry_init.py:21:101
   |
19 | …_net_kw import p_net_kwModule
20 | …attery_system.capital_cost import capital_costModule as BatterySystem_capital_costModule
21 | …attery_system.fabrication_cost import fabrication_costModule as BatterySystem_fabrication_costModule
   |                                   ^^^^^^^^^^^^^^^^^^^^^^^^^^^^^^^^^^^^^^^^^^^^^^^^^^^^^^^^^^^^^^^^^^^
22 | …attery_system.idiot_index import idiot_indexModule as BatterySystem_idiot_indexModule
23 | …attery_system.installation_cost import installation_costModule as BatterySystem_installation_costModule
   |

E501 Line too long (152 > 100)
  --> tests/fixtures/baseline_outputs/solar_battery/registry_init.py:22:101
   |
20 | …plant.battery_system.capital_cost import capital_costModule as BatterySystem_capital_costModule
21 | …plant.battery_system.fabrication_cost import fabrication_costModule as BatterySystem_fabrication_costModule
22 | …plant.battery_system.idiot_index import idiot_indexModule as BatterySystem_idiot_indexModule
   |                                          ^^^^^^^^^^^^^^^^^^^^^^^^^^^^^^^^^^^^^^^^^^^^^^^^^^^^
23 | …plant.battery_system.installation_cost import installation_costModule as BatterySystem_installation_costModule
24 | …plant.battery_system.raw_material_cost import raw_material_costModule as BatterySystem_raw_material_costModule
   |

E501 Line too long (170 > 100)
  --> tests/fixtures/baseline_outputs/solar_battery/registry_init.py:23:101
   |
21 | …tery_system.fabrication_cost import fabrication_costModule as BatterySystem_fabrication_costModule
22 | …tery_system.idiot_index import idiot_indexModule as BatterySystem_idiot_indexModule
23 | …tery_system.installation_cost import installation_costModule as BatterySystem_installation_costModule
   |                                 ^^^^^^^^^^^^^^^^^^^^^^^^^^^^^^^^^^^^^^^^^^^^^^^^^^^^^^^^^^^^^^^^^^^^^^
24 | …tery_system.raw_material_cost import raw_material_costModule as BatterySystem_raw_material_costModule
25 | …ital_cost import capital_costModule as SolarBatteryPlant_capital_costModule
   |

E501 Line too long (170 > 100)
  --> tests/fixtures/baseline_outputs/solar_battery/registry_init.py:24:101
   |
22 | …tery_system.idiot_index import idiot_indexModule as BatterySystem_idiot_indexModule
23 | …tery_system.installation_cost import installation_costModule as BatterySystem_installation_costModule
24 | …tery_system.raw_material_cost import raw_material_costModule as BatterySystem_raw_material_costModule
   |                                 ^^^^^^^^^^^^^^^^^^^^^^^^^^^^^^^^^^^^^^^^^^^^^^^^^^^^^^^^^^^^^^^^^^^^^^
25 | …ital_cost import capital_costModule as SolarBatteryPlant_capital_costModule
26 | …rication_cost import fabrication_costModule as SolarBatteryPlant_fabrication_costModule
   |

E501 Line too long (144 > 100)
  --> tests/fixtures/baseline_outputs/solar_battery/registry_init.py:25:101
   |
23 | …ery_plant.battery_system.installation_cost import installation_costModule as BatterySystem_installation_costModule
24 | …ery_plant.battery_system.raw_material_cost import raw_material_costModule as BatterySystem_raw_material_costModule
25 | …ery_plant.capital_cost import capital_costModule as SolarBatteryPlant_capital_costModule
   |                                              ^^^^^^^^^^^^^^^^^^^^^^^^^^^^^^^^^^^^^^^^^^^^
26 | …ery_plant.fabrication_cost import fabrication_costModule as SolarBatteryPlant_fabrication_costModule
27 | …ery_plant.idiot_index import idiot_indexModule as SolarBatteryPlant_idiot_indexModule
   |

E501 Line too long (156 > 100)
  --> tests/fixtures/baseline_outputs/solar_battery/registry_init.py:26:101
   |
24 | …ant.battery_system.raw_material_cost import raw_material_costModule as BatterySystem_raw_material_costModule
25 | …ant.capital_cost import capital_costModule as SolarBatteryPlant_capital_costModule
26 | …ant.fabrication_cost import fabrication_costModule as SolarBatteryPlant_fabrication_costModule
   |                                        ^^^^^^^^^^^^^^^^^^^^^^^^^^^^^^^^^^^^^^^^^^^^^^^^^^^^^^^^
27 | …ant.idiot_index import idiot_indexModule as SolarBatteryPlant_idiot_indexModule
28 | …ant.installation_cost import installation_costModule as SolarBatteryPlant_installation_costModule
   |

E501 Line too long (141 > 100)
  --> tests/fixtures/baseline_outputs/solar_battery/registry_init.py:27:101
   |
25 | …ttery_plant.capital_cost import capital_costModule as SolarBatteryPlant_capital_costModule
26 | …ttery_plant.fabrication_cost import fabrication_costModule as SolarBatteryPlant_fabrication_costModule
27 | …ttery_plant.idiot_index import idiot_indexModule as SolarBatteryPlant_idiot_indexModule
   |                                                ^^^^^^^^^^^^^^^^^^^^^^^^^^^^^^^^^^^^^^^^^
28 | …ttery_plant.installation_cost import installation_costModule as SolarBatteryPlant_installation_costModule
29 | …ttery_plant.raw_material_cost import raw_material_costModule as SolarBatteryPlant_raw_material_costModule
   |

E501 Line too long (159 > 100)
  --> tests/fixtures/baseline_outputs/solar_battery/registry_init.py:28:101
   |
26 | …nt.fabrication_cost import fabrication_costModule as SolarBatteryPlant_fabrication_costModule
27 | …nt.idiot_index import idiot_indexModule as SolarBatteryPlant_idiot_indexModule
28 | …nt.installation_cost import installation_costModule as SolarBatteryPlant_installation_costModule
   |                                       ^^^^^^^^^^^^^^^^^^^^^^^^^^^^^^^^^^^^^^^^^^^^^^^^^^^^^^^^^^^
29 | …nt.raw_material_cost import raw_material_costModule as SolarBatteryPlant_raw_material_costModule
30 | …nt.site_infra.capital_cost import capital_costModule as SiteInfra_capital_costModule
   |

E501 Line too long (159 > 100)
  --> tests/fixtures/baseline_outputs/solar_battery/registry_init.py:29:101
   |
27 | …nt.idiot_index import idiot_indexModule as SolarBatteryPlant_idiot_indexModule
28 | …nt.installation_cost import installation_costModule as SolarBatteryPlant_installation_costModule
29 | …nt.raw_material_cost import raw_material_costModule as SolarBatteryPlant_raw_material_costModule
   |                                       ^^^^^^^^^^^^^^^^^^^^^^^^^^^^^^^^^^^^^^^^^^^^^^^^^^^^^^^^^^^
30 | …nt.site_infra.capital_cost import capital_costModule as SiteInfra_capital_costModule
31 | …nt.site_infra.fabrication_cost import fabrication_costModule as SiteInfra_fabrication_costModule
   |

E501 Line too long (147 > 100)
  --> tests/fixtures/baseline_outputs/solar_battery/registry_init.py:30:101
   |
28 | …ry_plant.installation_cost import installation_costModule as SolarBatteryPlant_installation_costModule
29 | …ry_plant.raw_material_cost import raw_material_costModule as SolarBatteryPlant_raw_material_costModule
30 | …ry_plant.site_infra.capital_cost import capital_costModule as SiteInfra_capital_costModule
   |                                             ^^^^^^^^^^^^^^^^^^^^^^^^^^^^^^^^^^^^^^^^^^^^^^^
31 | …ry_plant.site_infra.fabrication_cost import fabrication_costModule as SiteInfra_fabrication_costModule
32 | …ry_plant.site_infra.idiot_index import idiot_indexModule as SiteInfra_idiot_indexModule
   |

E501 Line too long (159 > 100)
  --> tests/fixtures/baseline_outputs/solar_battery/registry_init.py:31:101
   |
29 | …nt.raw_material_cost import raw_material_costModule as SolarBatteryPlant_raw_material_costModule
30 | …nt.site_infra.capital_cost import capital_costModule as SiteInfra_capital_costModule
31 | …nt.site_infra.fabrication_cost import fabrication_costModule as SiteInfra_fabrication_costModule
   |                                       ^^^^^^^^^^^^^^^^^^^^^^^^^^^^^^^^^^^^^^^^^^^^^^^^^^^^^^^^^^^
32 | …nt.site_infra.idiot_index import idiot_indexModule as SiteInfra_idiot_indexModule
33 | …nt.site_infra.installation_cost import installation_costModule as SiteInfra_installation_costModule
   |

E501 Line too long (144 > 100)
  --> tests/fixtures/baseline_outputs/solar_battery/registry_init.py:32:101
   |
30 | …ery_plant.site_infra.capital_cost import capital_costModule as SiteInfra_capital_costModule
31 | …ery_plant.site_infra.fabrication_cost import fabrication_costModule as SiteInfra_fabrication_costModule
32 | …ery_plant.site_infra.idiot_index import idiot_indexModule as SiteInfra_idiot_indexModule
   |                                              ^^^^^^^^^^^^^^^^^^^^^^^^^^^^^^^^^^^^^^^^^^^^
33 | …ery_plant.site_infra.installation_cost import installation_costModule as SiteInfra_installation_costModule
34 | …ery_plant.site_infra.raw_material_cost import raw_material_costModule as SiteInfra_raw_material_costModule
   |

E501 Line too long (162 > 100)
  --> tests/fixtures/baseline_outputs/solar_battery/registry_init.py:33:101
   |
31 | ….site_infra.fabrication_cost import fabrication_costModule as SiteInfra_fabrication_costModule
32 | ….site_infra.idiot_index import idiot_indexModule as SiteInfra_idiot_indexModule
33 | ….site_infra.installation_cost import installation_costModule as SiteInfra_installation_costModule
   |                                     ^^^^^^^^^^^^^^^^^^^^^^^^^^^^^^^^^^^^^^^^^^^^^^^^^^^^^^^^^^^^^^
34 | ….site_infra.raw_material_cost import raw_material_costModule as SiteInfra_raw_material_costModule
35 | ….solar_array.capital_cost import capital_costModule as SolarArray_capital_costModule
   |

E501 Line too long (162 > 100)
  --> tests/fixtures/baseline_outputs/solar_battery/registry_init.py:34:101
   |
32 | ….site_infra.idiot_index import idiot_indexModule as SiteInfra_idiot_indexModule
33 | ….site_infra.installation_cost import installation_costModule as SiteInfra_installation_costModule
34 | ….site_infra.raw_material_cost import raw_material_costModule as SiteInfra_raw_material_costModule
   |                                     ^^^^^^^^^^^^^^^^^^^^^^^^^^^^^^^^^^^^^^^^^^^^^^^^^^^^^^^^^^^^^^
35 | ….solar_array.capital_cost import capital_costModule as SolarArray_capital_costModule
36 | ….solar_array.fabrication_cost import fabrication_costModule as SolarArray_fabrication_costModule
   |

E501 Line too long (149 > 100)
  --> tests/fixtures/baseline_outputs/solar_battery/registry_init.py:35:101
   |
33 | …y_plant.site_infra.installation_cost import installation_costModule as SiteInfra_installation_costModule
34 | …y_plant.site_infra.raw_material_cost import raw_material_costModule as SiteInfra_raw_material_costModule
35 | …y_plant.solar_array.capital_cost import capital_costModule as SolarArray_capital_costModule
   |                                            ^^^^^^^^^^^^^^^^^^^^^^^^^^^^^^^^^^^^^^^^^^^^^^^^^
36 | …y_plant.solar_array.fabrication_cost import fabrication_costModule as SolarArray_fabrication_costModule
37 | …y_plant.solar_array.idiot_index import idiot_indexModule as SolarArray_idiot_indexModule
   |

E501 Line too long (161 > 100)
  --> tests/fixtures/baseline_outputs/solar_battery/registry_init.py:36:101
   |
34 | …t.site_infra.raw_material_cost import raw_material_costModule as SiteInfra_raw_material_costModule
35 | …t.solar_array.capital_cost import capital_costModule as SolarArray_capital_costModule
36 | …t.solar_array.fabrication_cost import fabrication_costModule as SolarArray_fabrication_costModule
   |                                      ^^^^^^^^^^^^^^^^^^^^^^^^^^^^^^^^^^^^^^^^^^^^^^^^^^^^^^^^^^^^^
37 | …t.solar_array.idiot_index import idiot_indexModule as SolarArray_idiot_indexModule
38 | …t.solar_array.installation_cost import installation_costModule as SolarArray_installation_costModule
   |

E501 Line too long (146 > 100)
  --> tests/fixtures/baseline_outputs/solar_battery/registry_init.py:37:101
   |
35 | …ry_plant.solar_array.capital_cost import capital_costModule as SolarArray_capital_costModule
36 | …ry_plant.solar_array.fabrication_cost import fabrication_costModule as SolarArray_fabrication_costModule
37 | …ry_plant.solar_array.idiot_index import idiot_indexModule as SolarArray_idiot_indexModule
   |                                             ^^^^^^^^^^^^^^^^^^^^^^^^^^^^^^^^^^^^^^^^^^^^^^
38 | …ry_plant.solar_array.installation_cost import installation_costModule as SolarArray_installation_costModule
39 | …ry_plant.solar_array.raw_material_cost import raw_material_costModule as SolarArray_raw_material_costModule
   |

E501 Line too long (164 > 100)
  --> tests/fixtures/baseline_outputs/solar_battery/registry_init.py:38:101
   |
36 | …solar_array.fabrication_cost import fabrication_costModule as SolarArray_fabrication_costModule
37 | …solar_array.idiot_index import idiot_indexModule as SolarArray_idiot_indexModule
38 | …solar_array.installation_cost import installation_costModule as SolarArray_installation_costModule
   |                                    ^^^^^^^^^^^^^^^^^^^^^^^^^^^^^^^^^^^^^^^^^^^^^^^^^^^^^^^^^^^^^^^^
39 | …solar_array.raw_material_cost import raw_material_costModule as SolarArray_raw_material_costModule
   |

E501 Line too long (164 > 100)
  --> tests/fixtures/baseline_outputs/solar_battery/registry_init.py:39:101
   |
37 | …solar_array.idiot_index import idiot_indexModule as SolarArray_idiot_indexModule
38 | …solar_array.installation_cost import installation_costModule as SolarArray_installation_costModule
39 | …solar_array.raw_material_cost import raw_material_costModule as SolarArray_raw_material_costModule
   |                                    ^^^^^^^^^^^^^^^^^^^^^^^^^^^^^^^^^^^^^^^^^^^^^^^^^^^^^^^^^^^^^^^^
40 | …
41 | …signParams
   |

E501 Line too long (1534 > 100)
  --> tests/fixtures/baseline_outputs/solar_battery/registry_init.py:60:101
   |
58 | …
59 | …
60 | …tModule,            BatterySystem_idiot_indexModul…,            RackingCostCalcModule,        ],
   |       ^^^^^^^^^^^^^^^^^^^^^^^^^^^^^^^^^^^^^^^^^^^^^…^^^^^^^^^^^^^^^^^^^^^^^^^^^^^^^^^^^^^^^^^^^^^
61 | ….solar_battery_plant.battery_system.capital_costModule",            BatterySystem_fabrication_costModule: "solarbatterydesign.solar_battery_plant.battery_system.fabrication_costModule",            BatterySystem_idiot_indexModule: "solarbatterydesign.solar_battery_plant.battery_system.idiot_indexModule",            BatterySystem_installation_costModule: "solarbatterydesign.solar_battery_plant.battery_system.installation_costModule",            BatterySystem_raw_material_costModule: "solarbatterydesign.solar_battery_plant.battery_system.raw_material_costModule",            SolarBatteryPlant_capital_costModule: "solarbatterydesign.solar_battery_plant.capital_costModule",            SolarBatteryPlant_fabrication_costModule: "solarbatterydesign.solar_battery_plant.fabrication_costModule",            SolarBatteryPlant_idiot_indexModule: "solarbatterydesign.solar_battery_plant.idiot_indexModule",            SolarBatteryPlant_installation_costModule: "solarbatterydesign.solar_battery_plant.installation_costModule",            p_net_kwModule: "solarbatterydesign.solar_battery_plant.p_net_kwModule",            SolarBatteryPlant_raw_material_costModule: "solarbatterydesign.solar_battery_plant.raw_material_costModule",            SiteInfra_capital_costModule: "solarbatterydesign.solar_battery_plant.site_infra.capital_costModule",            SiteInfra_fabrication_costModule: "solarbatterydesign.solar_battery_plant.site_infra.fabricat…
62 | …
   |

E501 Line too long (3790 > 100)
  --> tests/fixtures/baseline_outputs/solar_battery/registry_init.py:61:101
   |
59 | …
60 | …tModule,            BatterySystem_idiot_indexModule,            BatterySystem_installation_costModule,            BatterySystem_raw_material_costModule,            SolarBatteryPlant_capital_costModule,            SolarBatteryPlant_fabrication_costModule,            SolarBatteryPlant_idiot_indexModule,            SolarBatteryPlant_installation_costModule,            p_net_kwModule,            SolarBatteryPlant_raw_material_costModule,            SiteInfra_capital_costModule,            SiteInfra_fabrication_costModule,            SiteInfra_idiot_indexModule,            SiteInfra_installation_costModule,            SiteInfra_raw_material_costModule,            SolarArray_capital_costModule,            SolarArray_fabrication_costModule,            SolarArray_idiot_indexModule,            SolarArray_installation_costModule,            SolarArray_raw_material_costModule,            AllocationCostCalcModule,            AnnualizedFinancialCalcModule,            AnnualizedFuelCalcModule,            AnnualizedOMCalcModule,            ArrayBOSCostCalcModule,            BatteryBOSCostCalcModule,            BatteryPackCostCalcModule,            ElectricalPanelCostCalcModule,            EnergyProductionCalcModule,            HybridInverterCostCalcModule,            InverterCostCalcModule,            LCOECalcModule,            PVModuleCostCalcModule,            PermittingCostCalcModule,            RackingCostCalcModule,        ],
61 | ….solar_battery_plant.battery_system.capital_costMo…terylibrary.RackingCostCalcModule",        },
   |       ^^^^^^^^^^^^^^^^^^^^^^^^^^^^^^^^^^^^^^^^^^^^^…^^^^^^^^^^^^^^^^^^^^^^^^^^^^^^^^^^^^^^^^^^^^^
62 | …
   |

I001 [*] Import block is un-sorted or un-formatted
  --> tests/fixtures/baseline_outputs/wi014_toy/registry_init.py:1:1
   |
 1 | / from simkit.core.registry_builder import create_registry
 2 | | from simkit.core.pipeline_registry import PipelineModuleRegistry
 3 | |
 4 | | from wi014_toy.modules.toy_library.panel_area import Panel_AreaModule
 5 | | from wi014_toy.modules.toy_library.panel_cost import Panel_CostModule
 6 | | from wi014_toy.modules.constraints.constraintreportaggregatormodule import ConstraintReportAggregatorModule
 7 | | from wi014_toy.modules.toy_plant.demoplantaffordableconstraintmodule import DemoPlantAffordableConstraintModule
 8 | |
 9 | | from wi014_toy.schemas.constraint_types import ConstraintEvaluation as ConstraintEvaluation, ConstraintReport as ConstraintReport
10 | | from wi014_toy.schemas.toy_plant_params import ToyPlantParams as ToyPlantParams
11 | |
12 | | from wi014_toy.primitives import Float
   | |______________________________________^
help: Organize imports
   |
   - from simkit.core.registry_builder import create_registry
1  | from simkit.core.pipeline_registry import PipelineModuleRegistry
   -
2  + from simkit.core.registry_builder import create_registry
3  + from wi014_toy.modules.constraints.constraintreportaggregatormodule import (
4  +     ConstraintReportAggregatorModule,
5  + )
6  | from wi014_toy.modules.toy_library.panel_area import Panel_AreaModule
7  | from wi014_toy.modules.toy_library.panel_cost import Panel_CostModule
   - from wi014_toy.modules.constraints.constraintreportaggregatormodule import ConstraintReportAggregatorModule
   - from wi014_toy.modules.toy_plant.demoplantaffordableconstraintmodule import DemoPlantAffordableConstraintModule
   -
   - from wi014_toy.schemas.constraint_types import ConstraintEvaluation as ConstraintEvaluation, ConstraintReport as ConstraintReport
   - from wi014_toy.schemas.toy_plant_params import ToyPlantParams as ToyPlantParams
   -
8  + from wi014_toy.modules.toy_plant.demoplantaffordableconstraintmodule import (
9  +     DemoPlantAffordableConstraintModule,
10 + )
11 | from wi014_toy.primitives import Float
12 + from wi014_toy.schemas.constraint_types import ConstraintEvaluation as ConstraintEvaluation
13 + from wi014_toy.schemas.constraint_types import ConstraintReport as ConstraintReport
14 + from wi014_toy.schemas.toy_plant_params import ToyPlantParams as ToyPlantParams
15 |
   |

E501 Line too long (107 > 100)
 --> tests/fixtures/baseline_outputs/wi014_toy/registry_init.py:6:101
  |
4 | from wi014_toy.modules.toy_library.panel_area import Panel_AreaModule
5 | from wi014_toy.modules.toy_library.panel_cost import Panel_CostModule
6 | from wi014_toy.modules.constraints.constraintreportaggregatormodule import ConstraintReportAggregatorModule
  |                                                                                                     ^^^^^^^
7 | from wi014_toy.modules.toy_plant.demoplantaffordableconstraintmodule import DemoPlantAffordableConstraintModule
  |

E501 Line too long (111 > 100)
 --> tests/fixtures/baseline_outputs/wi014_toy/registry_init.py:7:101
  |
5 | from wi014_toy.modules.toy_library.panel_cost import Panel_CostModule
6 | from wi014_toy.modules.constraints.constraintreportaggregatormodule import ConstraintReportAggregatorModule
7 | from wi014_toy.modules.toy_plant.demoplantaffordableconstraintmodule import DemoPlantAffordableConstraintModule
  |                                                                                                     ^^^^^^^^^^^
8 |
9 | from wi014_toy.schemas.constraint_types import ConstraintEvaluation as ConstraintEvaluation, ConstraintReport as ConstraintReport
  |

E501 Line too long (129 > 100)
  --> tests/fixtures/baseline_outputs/wi014_toy/registry_init.py:9:101
   |
 7 | from wi014_toy.modules.toy_plant.demoplantaffordableconstraintmodule import DemoPlantAffordableConstraintModule
 8 |
 9 | from wi014_toy.schemas.constraint_types import ConstraintEvaluation as ConstraintEvaluation, ConstraintReport as ConstraintReport
   |                                                                                                     ^^^^^^^^^^^^^^^^^^^^^^^^^^^^^
10 | from wi014_toy.schemas.toy_plant_params import ToyPlantParams as ToyPlantParams
   |

E501 Line too long (170 > 100)
  --> tests/fixtures/baseline_outputs/wi014_toy/registry_init.py:27:101
   |
25 | …
26 | …
27 | …el_AreaModule,            Panel_CostModule,            DemoPlantAffordableConstraintModule,        ],
   |                                 ^^^^^^^^^^^^^^^^^^^^^^^^^^^^^^^^^^^^^^^^^^^^^^^^^^^^^^^^^^^^^^^^^^^^^^
28 | …odule: "constraints.ConstraintReportAggregatorModule",            Panel_AreaModule: "toy_library.Panel_AreaModule",            Panel_…
29 | …
   |

E501 Line too long (352 > 100)
  --> tests/fixtures/baseline_outputs/wi014_toy/registry_init.py:28:101
   |
26 | …
27 | …Panel_CostModule,            DemoPlantAffordableConstraintModule,        ],
28 | …aintReportAggregatorModule",            Panel_AreaModule: "toy_library.Panel_AreaModule",            Panel_CostModule: "toy_library.Panel_CostModule",            DemoPlantAffordableConstraintModule: "toy_plant.DemoPlantAffordableConstraintModule",        },
   |       ^^^^^^^^^^^^^^^^^^^^^^^^^^^^^^^^^^^^^^^^^^^^^^^^^^^^^^^^^^^^^^^^^^^^^^^^^^^^^^^^^^^^^^^^^^^^^^^^^^^^^^^^^^^^^^^^^^^^^^^^^^^^^^^^^^^^^^^^^^^^^^^^^^^^^^^^^^^^^^^^^^^^^^^^^^^^^^^^^^^^^^^^^^^^^^^^^^^^^^^^^^^^^^^^^^^^^^^^^^^^^^^^^^^^^^^^^^^^^^^^^^^^^^^^^^^^
29 | …
   |

UP035 [*] Import from `collections.abc` instead: `Callable`
  --> tests/helpers/static_analysis.py:13:1
   |
11 | import ast as python_ast
12 | from pathlib import Path
13 | from typing import Callable
   | ^^^^^^^^^^^^^^^^^^^^^^^^^^^
help: Import from `collections.abc`
   |
12 | from pathlib import Path
   - from typing import Callable
13 + from collections.abc import Callable
14 |
   |

I001 [*] Import block is un-sorted or un-formatted
  --> tests/unit/test_aggregation_generation.py:8:1
   |
 6 |   """
 7 |
 8 | / from __future__ import annotations
 9 | |
10 | | from pathlib import Path
11 | |
12 | | import jinja2
13 | | import pytest
14 | |
15 | | from sysml_codegen.core.qualified_names import get_module_name
16 | | from sysml_codegen.extraction.data_models import (
17 | |     AggregationExpressionData,
18 | |     CalculationDefinitionData,
19 | |     ScopedAggregationData,
20 | | )
21 | | from sysml_codegen.extraction.expression_compiler import Compilability
22 | | from sysml_codegen.generation.pipeline import _module_to_context
23 | | from sysml_codegen.generation.registry import generate_registry
24 | | from sysml_codegen.generation.stencils import generate_backlog_report
25 | | from sysml_codegen.resolution.models import (
26 | |     ComputationGraph,
27 | |     InputSource,
28 | |     ModuleInput,
29 | |     ModuleKind,
30 | |     ModuleOutput,
31 | |     ParameterGroup,
32 | |     PipelineModule,
33 | | )
   | |_^
help: Organize imports
   |
34 |
   -
35 | # ---------------------------------------------------------------------------
   |

F401 [*] `pytest` imported but unused
  --> tests/unit/test_aggregation_generation.py:13:8
   |
12 | import jinja2
13 | import pytest
   |        ^^^^^^
14 |
15 | from sysml_codegen.core.qualified_names import get_module_name
   |
help: Remove unused import: `pytest`
   |
12 | import jinja2
   - import pytest
13 |
   |

F401 [*] `sysml_codegen.extraction.data_models.CalculationDefinitionData` imported but unused
  --> tests/unit/test_aggregation_generation.py:18:5
   |
16 | from sysml_codegen.extraction.data_models import (
17 |     AggregationExpressionData,
18 |     CalculationDefinitionData,
   |     ^^^^^^^^^^^^^^^^^^^^^^^^^
19 |     ScopedAggregationData,
20 | )
   |
help: Remove unused import: `sysml_codegen.extraction.data_models.CalculationDefinitionData`
   |
17 |     AggregationExpressionData,
   -     CalculationDefinitionData,
18 |     ScopedAggregationData,
   |

F401 [*] `sysml_codegen.extraction.expression_compiler.Compilability` imported but unused
  --> tests/unit/test_aggregation_generation.py:21:58
   |
19 |     ScopedAggregationData,
20 | )
21 | from sysml_codegen.extraction.expression_compiler import Compilability
   |                                                          ^^^^^^^^^^^^^
22 | from sysml_codegen.generation.pipeline import _module_to_context
23 | from sysml_codegen.generation.registry import generate_registry
   |
help: Remove unused import: `sysml_codegen.extraction.expression_compiler.Compilability`
   |
20 | )
   - from sysml_codegen.extraction.expression_compiler import Compilability
21 | from sysml_codegen.generation.pipeline import _module_to_context
   |

F401 [*] `sysml_codegen.resolution.models.ParameterGroup` imported but unused
  --> tests/unit/test_aggregation_generation.py:31:5
   |
29 |     ModuleKind,
30 |     ModuleOutput,
31 |     ParameterGroup,
   |     ^^^^^^^^^^^^^^
32 |     PipelineModule,
33 | )
   |
help: Remove unused import: `sysml_codegen.resolution.models.ParameterGroup`
   |
30 |     ModuleOutput,
   -     ParameterGroup,
31 |     PipelineModule,
   |

E501 Line too long (208 > 100)
   --> tests/unit/test_aggregation_generation.py:105:101
    |
103 | …
104 | …
105 | …ute_name, "expression": "sum(...)"}], "output_count": 1, "single_output_expression": "sum(...)"} if auto_impl else None,
    |              ^^^^^^^^^^^^^^^^^^^^^^^^^^^^^^^^^^^^^^^^^^^^^^^^^^^^^^^^^^^^^^^^^^^^^^^^^^^^^^^^^^^^^^^^^^^^^^^^^^^^^^^^^^^^
106 | …
    |

E501 Line too long (112 > 100)
   --> tests/unit/test_aggregation_generation.py:336:101
    |
334 |             "is_multioutput": False,
335 |             "input_attributes": [
336 |                 {"name": "child_capital_cost", "type_hint": "float", "description": "Input child_capital_cost"},
    |                                                                                                     ^^^^^^^^^^^^
337 |                 {"name": "child_count", "type_hint": "float", "description": "Input child_count"},
338 |             ],
    |

I001 [*] Import block is un-sorted or un-formatted
  --> tests/unit/test_computed_attr_generation.py:8:1
   |
 6 |   """
 7 |
 8 | / from __future__ import annotations
 9 | |
10 | | from pathlib import Path
11 | |
12 | | import jinja2
13 | | import pytest
14 | |
15 | | from sysml_codegen.extraction.data_models import (
16 | |     ComputedAttributeClassification,
17 | |     ComputedAttributeData,
18 | | )
19 | | from sysml_codegen.extraction.expression_compiler import Compilability
20 | | from sysml_codegen.generation.pipeline import _module_to_context
21 | | from sysml_codegen.generation.registry import generate_registry
22 | | from sysml_codegen.generation.stencils import generate_backlog_report
23 | | from sysml_codegen.resolution.models import (
24 | |     ComputationGraph,
25 | |     InputSource,
26 | |     ModuleInput,
27 | |     ModuleKind,
28 | |     ModuleOutput,
29 | |     ParameterGroup,
30 | |     PipelineModule,
31 | | )
   | |_^
help: Organize imports
   |
32 |
   -
33 | # ---------------------------------------------------------------------------
   |

F401 [*] `pytest` imported but unused
  --> tests/unit/test_computed_attr_generation.py:13:8
   |
12 | import jinja2
13 | import pytest
   |        ^^^^^^
14 |
15 | from sysml_codegen.extraction.data_models import (
   |
help: Remove unused import: `pytest`
   |
12 | import jinja2
   - import pytest
13 |
   |

F401 [*] `sysml_codegen.resolution.models.InputSource` imported but unused
  --> tests/unit/test_computed_attr_generation.py:25:5
   |
23 | from sysml_codegen.resolution.models import (
24 |     ComputationGraph,
25 |     InputSource,
   |     ^^^^^^^^^^^
26 |     ModuleInput,
27 |     ModuleKind,
   |
help: Remove unused import
   |
24 |     ComputationGraph,
   -     InputSource,
   -     ModuleInput,
25 |     ModuleKind,
26 |     ModuleOutput,
   -     ParameterGroup,
27 |     PipelineModule,
   |

F401 [*] `sysml_codegen.resolution.models.ModuleInput` imported but unused
  --> tests/unit/test_computed_attr_generation.py:26:5
   |
24 |     ComputationGraph,
25 |     InputSource,
26 |     ModuleInput,
   |     ^^^^^^^^^^^
27 |     ModuleKind,
28 |     ModuleOutput,
   |
help: Remove unused import
   |
24 |     ComputationGraph,
   -     InputSource,
   -     ModuleInput,
25 |     ModuleKind,
26 |     ModuleOutput,
   -     ParameterGroup,
27 |     PipelineModule,
   |

F401 [*] `sysml_codegen.resolution.models.ParameterGroup` imported but unused
  --> tests/unit/test_computed_attr_generation.py:29:5
   |
27 |     ModuleKind,
28 |     ModuleOutput,
29 |     ParameterGroup,
   |     ^^^^^^^^^^^^^^
30 |     PipelineModule,
31 | )
   |
help: Remove unused import
   |
24 |     ComputationGraph,
   -     InputSource,
   -     ModuleInput,
25 |     ModuleKind,
26 |     ModuleOutput,
   -     ParameterGroup,
27 |     PipelineModule,
   |

E501 Line too long (241 > 100)
   --> tests/unit/test_computed_attr_generation.py:102:101
    |
100 | …
101 | …
102 | …xpression": f"(inputs.{attr_name}_input)"}], "output_count": 1, "single_output_expression": f"(inputs.{attr_name}_input)"} if auto_impl else None,
    |       ^^^^^^^^^^^^^^^^^^^^^^^^^^^^^^^^^^^^^^^^^^^^^^^^^^^^^^^^^^^^^^^^^^^^^^^^^^^^^^^^^^^^^^^^^^^^^^^^^^^^^^^^^^^^^^^^^^^^^^^^^^^^^^^^^^^^^^^^^^^^^
103 | …
    |

E501 Line too long (103 > 100)
   --> tests/unit/test_computed_attr_generation.py:342:101
    |
340 |             "sysml_source": "unknown:0",
341 |             "sysml_expressions": ["area = length * width"],
342 |             "docstring": "Execute area computed attribute.\n\nSysML Expression: area = length * width",
    |                                                                                                     ^^^
343 |         }
    |

F401 [*] `sysml_codegen.core.errors.CodeGenerationError` imported but unused
 --> tests/unit/test_concrete_constraint_model.py:6:39
  |
5 | import sysml_codegen.resolution.models as resolution_models
6 | from sysml_codegen.core.errors import CodeGenerationError
  |                                       ^^^^^^^^^^^^^^^^^^^
7 | from sysml_codegen.core.identifier_types import mint_constraint_id
8 | from sysml_codegen.resolution.models import (
  |
help: Remove unused import: `sysml_codegen.core.errors.CodeGenerationError`
  |
5 | import sysml_codegen.resolution.models as resolution_models
  - from sysml_codegen.core.errors import CodeGenerationError
6 | from sysml_codegen.core.identifier_types import mint_constraint_id
  |

I001 [*] Import block is un-sorted or un-formatted
  --> tests/unit/test_exit_point_aliases.py:14:1
   |
12 |   """
13 |
14 | / from __future__ import annotations
15 | |
16 | | from sysml_codegen.generation.pipeline import (
17 | |     _build_alias_filename_map,
18 | |     _build_exit_points,
19 | | )
20 | | from sysml_codegen.resolution.models import (
21 | |     ModuleKind,
22 | |     ModuleOutput,
23 | |     OutputAlias,
24 | |     PipelineModule,
25 | | )
   | |_^
26 |
27 |   def _module_with_channel(channel: str) -> PipelineModule:
   |
help: Organize imports
   |
26 |
27 +
28 | def _module_with_channel(channel: str) -> PipelineModule:
   |

E501 Line too long (105 > 100)
  --> tests/unit/test_exit_point_aliases.py:85:101
   |
83 |         ),
84 |     ]
85 |     filenames = _build_alias_filename_map(sorted(aliases, key=lambda a: (a.instance_path, a.alias_name)))
   |                                                                                                     ^^^^^
86 |     assert filenames[channel] == "plant__grand_total.json"  # 'grand_total' < 'total_cost'
   |

F401 [*] `pytest` imported but unused
 --> tests/unit/test_registry_generation.py:2:8
  |
1 | """Unit tests for registry generation — Gap 2 fixes."""
2 | import pytest
  |        ^^^^^^
help: Remove unused import: `pytest`
  |
1 | """Unit tests for registry generation — Gap 2 fixes."""
  - import pytest
2 |
  |

E501 Line too long (101 > 100)
  --> tests/unit/test_registry_generation.py:19:101
   |
17 |                 inputs=[],
18 |                 outputs=[
19 |                     ModuleOutput(field_name="root", python_type="float", channel_name="test__result")
   |                                                                                                     ^
20 |                 ],
21 |                 execution_order=0,
   |

E501 Line too long (101 > 100)
  --> tests/unit/test_registry_generation.py:62:101
   |
60 |                 inputs=[],
61 |                 outputs=[
62 |                     ModuleOutput(field_name="root", python_type="float", channel_name=f"mod{i}__out")
   |                                                                                                     ^
63 |                 ],
64 |                 execution_order=i,
   |

I001 [*] Import block is un-sorted or un-formatted
  --> tests/unit/test_registry_generation.py:83:9
   |
81 |           AC-3: Generated __init__.py includes Float in CUSTOM_SCHEMA_TYPES.
82 |           """
83 | /         import jinja2
84 | |         from pathlib import Path
   | |________________________________^
85 |
86 |           template_dir = Path(__file__).parent.parent.parent / "src" / "sysml_codegen" / "templates"
   |
help: Organize imports
   |
82 |         """
   -         import jinja2
83 |         from pathlib import Path
84 |
85 +         import jinja2
86 +
87 |         template_dir = Path(__file__).parent.parent.parent / "src" / "sysml_codegen" / "templates"
   |

E501 Line too long (103 > 100)
   --> tests/unit/test_registry_generation.py:99:101
    |
 97 |             imports=["from simkit.core.registry_builder import create_registry",
 98 |                      "from simkit.core.pipeline_registry import PipelineModuleRegistry"],
 99 |             schema_imports=["from test_pkg.schemas.design_params import DesignParams as DesignParams"],
    |                                                                                                     ^^^
100 |             parameter_groups=["DesignParams"],
101 |             exit_point_types=["Float"],
    |

I001 [*] Import block is un-sorted or un-formatted
   --> tests/unit/test_registry_generation.py:112:9
    |
110 |       def test_no_exit_point_types_still_renders(self):
111 |           """Template should render correctly without exit point types."""
112 | /         import jinja2
113 | |         from pathlib import Path
    | |________________________________^
114 |
115 |           template_dir = Path(__file__).parent.parent.parent / "src" / "sysml_codegen" / "templates"
    |
help: Organize imports
    |
111 |         """Template should render correctly without exit point types."""
    -         import jinja2
112 |         from pathlib import Path
113 |
114 +         import jinja2
115 +
116 |         template_dir = Path(__file__).parent.parent.parent / "src" / "sysml_codegen" / "templates"
    |

E501 Line too long (101 > 100)
   --> tests/unit/test_stencils.py:333:101
    |
331 |         auto_impl_context=_make_multi_output_auto_impl_context(
332 |             output_results=[
333 |                 {"name": "temp", "expression": "(inputs.x + 1)", "is_undeclared_intermediate": True},
    |                                                                                                     ^
334 |                 {"name": "result", "expression": "(temp * 2)"},
335 |             ],
    |

E501 Line too long (105 > 100)
   --> tests/unit/test_stencils.py:495:101
    |
493 |             auto_impl_context=_make_multi_output_auto_impl_context(
494 |                 output_results=[
495 |                     {"name": "temp", "expression": "(inputs.x + 1)", "is_undeclared_intermediate": True},
    |                                                                                                     ^^^^^
496 |                     {"name": "out0", "expression": "(temp * 2)"},
497 |                     {"name": "out1", "expression": "(out0 + 3)"},
    |

E501 Line too long (107 > 100)
   --> tests/unit/test_stencils.py:584:101
    |
582 |     def test_stub_upgraded_when_fully_compilable(self, tmp_path):
583 |         """Stub file + FULLY_COMPILABLE -> upgraded to auto-impl."""
584 |         stub = 'def run_testcalc(inputs: TestCalcInput) -> float:\n    raise NotImplementedError("TODO")\n'
    |                                                                                                     ^^^^^^^
585 |         module = _make_pipeline_module(
586 |             auto_impl_context=_make_auto_impl_context(),
    |

E501 Line too long (107 > 100)
   --> tests/unit/test_stencils.py:624:101
    |
622 |     def test_stub_preserved_when_not_compilable(self, tmp_path):
623 |         """Stub file + no auto_impl_context -> preserved."""
624 |         stub = 'def run_testcalc(inputs: TestCalcInput) -> float:\n    raise NotImplementedError("TODO")\n'
    |                                                                                                     ^^^^^^^
625 |         module = _make_pipeline_module(
626 |             auto_impl_context=None,
    |

E501 Line too long (107 > 100)
   --> tests/unit/test_stencils.py:640:101
    |
638 |         content must exist in `handwritten/backup/` afterward. Writes only to
639 |         `tmp_path`, never a committed baseline (no byte-identity risk)."""
640 |         stub = 'def run_testcalc(inputs: TestCalcInput) -> float:\n    raise NotImplementedError("TODO")\n'
    |                                                                                                     ^^^^^^^
641 |         module = _make_pipeline_module(
642 |             auto_impl_context=_make_auto_impl_context(),
    |

I001 [*] Import block is un-sorted or un-formatted
  --> tests/unit/test_uncovered_params.py:20:1
   |
18 |   """
19 |
20 | / from __future__ import annotations
21 | |
22 | | from pathlib import Path
23 | |
24 | | from sysml_codegen.resolution.uncovered_params import (
25 | |     collect_uncovered_params,
26 | |     collect_unwired_fallthrough,
27 | | )
28 | | from sysml_codegen.resolution.models import (
29 | |     ComputationGraph,
30 | |     EntryPoint,
31 | |     EntryPointType,
32 | |     InputSource,
33 | |     ModuleInput,
34 | |     ModuleKind,
35 | |     ParameterGroup,
36 | |     PipelineModule,
37 | | )
   | |_^
help: Organize imports
   |
23 |
   - from sysml_codegen.resolution.uncovered_params import (
   -     collect_uncovered_params,
   -     collect_unwired_fallthrough,
   - )
24 | from sysml_codegen.resolution.models import (
--------------------------------------------------------------------------------
33 | )
34 + from sysml_codegen.resolution.uncovered_params import (
35 +     collect_uncovered_params,
36 +     collect_unwired_fallthrough,
37 + )
38 |
   |

Found 642 errors.
[*] 366 fixable with the `--fix` option (22 hidden fixes can be enabled with the `--unsafe-fixes` option).
